img_id,true_label,pred_label,prob
ISIC_0034524.jpg,benign,benign,0.9850438979950622
ISIC_0034525.jpg,benign,benign,0.9912816718803616
ISIC_0034527.jpg,benign,malignant,0.7353150048512426
ISIC_0034528.jpg,benign,benign,0.9488031371904079
ISIC_0034529.jpg,malignant,malignant,0.7648804084939906
ISIC_0034530.jpg,benign,benign,0.9953866554264799
ISIC_0034532.jpg,benign,benign,0.9433872225617864
ISIC_0034533.jpg,benign,benign,0.9879630213003591
ISIC_0034534.jpg,benign,benign,0.9955972695910269
ISIC_0034537.jpg,benign,benign,0.9335229432869152
ISIC_0034540.jpg,benign,benign,0.9904182291750221
ISIC_0034541.jpg,benign,benign,0.9475970453529735
ISIC_0034543.jpg,benign,benign,0.9953305204798147
ISIC_0034544.jpg,benign,benign,0.9776249938994929
ISIC_0034548.jpg,malignant,malignant,0.7796456394549487
ISIC_0034551.jpg,benign,benign,0.982496125078204
ISIC_0034552.jpg,benign,benign,0.8982293412467484
ISIC_0034553.jpg,benign,benign,0.9479569136525029
ISIC_0034556.jpg,benign,benign,0.9680285253763039
ISIC_0034557.jpg,benign,benign,0.9959832620614221
ISIC_0034558.jpg,benign,benign,0.899087534308283
ISIC_0034559.jpg,benign,benign,0.938810403508355
ISIC_0034560.jpg,benign,benign,0.9804660362988179
ISIC_0034562.jpg,benign,benign,0.998946881387339
ISIC_0034563.jpg,benign,benign,0.9963391008501518
ISIC_0034564.jpg,benign,benign,0.9771758515120319
ISIC_0034566.jpg,benign,benign,0.9987619162829825
ISIC_0034567.jpg,benign,benign,0.9945597046481157
ISIC_0034568.jpg,benign,benign,0.990766455336696
ISIC_0034569.jpg,benign,malignant,0.2932159990538812
ISIC_0034572.jpg,malignant,malignant,0.7027420256413481
ISIC_0034573.jpg,malignant,malignant,0.46100473643265477
ISIC_0034576.jpg,benign,benign,0.9909822749934643
ISIC_0034577.jpg,benign,benign,0.9888109637369633
ISIC_0034580.jpg,benign,benign,0.9250295374710126
ISIC_0034581.jpg,benign,benign,0.9400123956327555
ISIC_0034582.jpg,benign,benign,0.9862865878237213
ISIC_0034583.jpg,benign,benign,0.9776667005568187
ISIC_0034584.jpg,malignant,benign,0.9241861960574803
ISIC_0034586.jpg,benign,benign,0.9220389555034704
ISIC_0034587.jpg,benign,benign,0.9981240147867221
ISIC_0034589.jpg,benign,benign,0.9965636721346023
ISIC_0034590.jpg,benign,benign,0.7628500209211154
ISIC_0034592.jpg,benign,benign,0.9775584138927944
ISIC_0034593.jpg,benign,benign,0.9594266560605639
ISIC_0034594.jpg,benign,benign,0.9986043359898006
ISIC_0034595.jpg,malignant,malignant,0.7919299028178571
ISIC_0034599.jpg,benign,benign,0.9425491457334623
ISIC_0034600.jpg,benign,benign,0.9881404717577106
ISIC_0034601.jpg,benign,benign,0.9979154442365135
ISIC_0034602.jpg,benign,benign,0.9947876836154428
ISIC_0034603.jpg,benign,benign,0.9920628846689387
ISIC_0034604.jpg,benign,benign,0.9938608920796105
ISIC_0034605.jpg,malignant,benign,0.7421594277088677
ISIC_0034607.jpg,benign,benign,0.9994587070536174
ISIC_0034609.jpg,benign,benign,0.9853926851143339
ISIC_0034610.jpg,benign,benign,0.995440911382822
ISIC_0034611.jpg,benign,benign,0.9952461592098435
ISIC_0034613.jpg,benign,benign,0.8734777247846854
ISIC_0034616.jpg,benign,benign,0.997959872082234
ISIC_0034617.jpg,benign,benign,0.9072958490450512
ISIC_0034619.jpg,benign,benign,0.9932608397075017
ISIC_0034620.jpg,benign,benign,0.9970832004662028
ISIC_0034621.jpg,benign,benign,0.9704659367354233
ISIC_0034623.jpg,benign,benign,0.969912350044817
ISIC_0034624.jpg,benign,benign,0.9948591674432318
ISIC_0034625.jpg,benign,benign,0.9895684589440722
ISIC_0034626.jpg,benign,benign,0.9926776290174879
ISIC_0034627.jpg,benign,benign,0.8929914767483343
ISIC_0034628.jpg,malignant,benign,0.7699740150741119
ISIC_0034629.jpg,benign,malignant,0.5400470856170768
ISIC_0034630.jpg,malignant,benign,0.7531914001341283
ISIC_0034632.jpg,benign,malignant,0.49398139767247623
ISIC_0034633.jpg,malignant,benign,0.8022759120848398
ISIC_0034634.jpg,benign,benign,0.9854928203419937
ISIC_0034635.jpg,benign,malignant,0.40653418397713437
ISIC_0034636.jpg,benign,benign,0.9905182283121926
ISIC_0034637.jpg,benign,benign,0.9355771908835121
ISIC_0034638.jpg,malignant,malignant,0.5
ISIC_0034639.jpg,benign,benign,0.9939667971658857
ISIC_0034640.jpg,benign,benign,0.933424321879999
ISIC_0034641.jpg,benign,benign,0.9984717736692307
ISIC_0034643.jpg,benign,benign,0.9463105107380501
ISIC_0034644.jpg,malignant,benign,0.8542692922202046
ISIC_0034645.jpg,benign,benign,0.9039556275782147
ISIC_0034648.jpg,benign,benign,0.9877253717386898
ISIC_0034649.jpg,benign,benign,0.9983455919419889
ISIC_0034650.jpg,malignant,malignant,0.882312327776028
ISIC_0034653.jpg,benign,benign,0.9751951721968671
ISIC_0034654.jpg,benign,benign,0.9518808996720917
ISIC_0034655.jpg,malignant,malignant,0.9454962885193672
ISIC_0034657.jpg,malignant,benign,0.924919526270962
ISIC_0034658.jpg,benign,benign,0.9946638964169797
ISIC_0034659.jpg,benign,benign,0.9970529329166549
ISIC_0034660.jpg,benign,benign,0.99187797648062
ISIC_0034661.jpg,benign,benign,0.9654115835514051
ISIC_0034662.jpg,benign,benign,0.9786755149913424
ISIC_0034664.jpg,benign,benign,0.9927490694921656
ISIC_0034665.jpg,benign,benign,0.9949144254199289
ISIC_0034667.jpg,benign,benign,0.9824378400692885
ISIC_0034668.jpg,benign,benign,0.9962604642525735
ISIC_0034670.jpg,benign,malignant,0.3664101137596972
ISIC_0034671.jpg,benign,benign,0.9921798196899014
ISIC_0034672.jpg,benign,benign,0.9565557418030893
ISIC_0034674.jpg,benign,malignant,0.3277922280918091
ISIC_0034676.jpg,benign,benign,0.9983227384642047
ISIC_0034677.jpg,benign,benign,0.9408181314607454
ISIC_0034678.jpg,benign,benign,0.993141900100597
ISIC_0034680.jpg,benign,malignant,0.6165307411945059
ISIC_0034681.jpg,benign,benign,0.9984337335488298
ISIC_0034683.jpg,benign,benign,0.9971590816129471
ISIC_0034687.jpg,malignant,malignant,0.4850643132783031
ISIC_0034688.jpg,benign,benign,0.9743218232180995
ISIC_0034689.jpg,benign,benign,0.9615437376944097
ISIC_0034690.jpg,benign,benign,0.9888970726563552
ISIC_0034696.jpg,benign,benign,0.9835501580178728
ISIC_0034697.jpg,benign,benign,0.9761205597272776
ISIC_0034698.jpg,benign,benign,0.9919691381561682
ISIC_0034700.jpg,benign,benign,0.9937264378287125
ISIC_0034701.jpg,benign,benign,0.9778892192027693
ISIC_0034702.jpg,benign,benign,0.9654110891683849
ISIC_0034703.jpg,benign,benign,0.9903095516693462
ISIC_0034704.jpg,benign,benign,0.9906634145831473
ISIC_0034705.jpg,benign,malignant,0.31762284683362585
ISIC_0034707.jpg,benign,benign,0.9829340417444242
ISIC_0034708.jpg,benign,benign,0.9969405816752182
ISIC_0034709.jpg,benign,benign,0.9952573051300315
ISIC_0034713.jpg,malignant,malignant,0.7975255974494988
ISIC_0034714.jpg,malignant,malignant,0.3107391179160989
ISIC_0034715.jpg,benign,benign,0.9984145064807557
ISIC_0034716.jpg,benign,benign,0.9946596079624304
ISIC_0034717.jpg,benign,benign,0.972450318726618
ISIC_0034718.jpg,benign,benign,0.9391060706564516
ISIC_0034721.jpg,benign,benign,0.9944842011134566
ISIC_0034722.jpg,benign,benign,0.9982541174249453
ISIC_0034725.jpg,benign,benign,0.9405256115596278
ISIC_0034726.jpg,benign,benign,0.9249285980780566
ISIC_0034727.jpg,benign,benign,0.9620305395690373
ISIC_0034728.jpg,benign,benign,0.9967280409903299
ISIC_0034729.jpg,benign,benign,0.9994067569494424
ISIC_0034730.jpg,benign,benign,0.9653881282077885
ISIC_0034731.jpg,benign,malignant,0.740332728999983
ISIC_0034732.jpg,benign,benign,0.9076200846305648
ISIC_0034735.jpg,benign,benign,0.9956500087103786
ISIC_0034736.jpg,benign,benign,0.9895982657793531
ISIC_0034737.jpg,malignant,malignant,0.8703683947966114
ISIC_0034738.jpg,benign,benign,0.9944430587239838
ISIC_0034740.jpg,benign,benign,0.9875446186697857
ISIC_0034741.jpg,benign,benign,0.9874185015463236
ISIC_0034742.jpg,benign,benign,0.9954695286365075
ISIC_0034743.jpg,benign,benign,0.9801521650400156
ISIC_0034744.jpg,benign,benign,0.9956601366869277
ISIC_0034745.jpg,benign,benign,0.9844882369030313
ISIC_0034747.jpg,benign,benign,0.9898914612913042
ISIC_0034749.jpg,benign,benign,0.8687778505203296
ISIC_0034752.jpg,benign,benign,0.9892009326653263
ISIC_0034754.jpg,benign,benign,0.9643819937394498
ISIC_0034756.jpg,benign,benign,0.9903727081119267
ISIC_0034757.jpg,benign,benign,0.9940980182481134
ISIC_0034761.jpg,benign,benign,0.9927869889478826
ISIC_0034762.jpg,benign,benign,0.9882726402331636
ISIC_0034763.jpg,benign,benign,0.9902845113178924
ISIC_0034764.jpg,malignant,malignant,0.7579488118638629
ISIC_0034765.jpg,benign,malignant,0.7415399826942437
ISIC_0034767.jpg,benign,benign,0.9691211855943929
ISIC_0034768.jpg,benign,benign,0.979682568132317
ISIC_0034769.jpg,benign,benign,0.9810621410996958
ISIC_0034771.jpg,malignant,malignant,0.8661705546500166
ISIC_0034772.jpg,benign,benign,0.9937508571732053
ISIC_0034773.jpg,benign,benign,0.9338035890746385
ISIC_0034774.jpg,benign,benign,0.9984205327202995
ISIC_0034776.jpg,benign,benign,0.9466971713888576
ISIC_0034777.jpg,benign,benign,0.9972544824819249
ISIC_0034778.jpg,benign,benign,0.9266559857983931
ISIC_0034779.jpg,benign,benign,0.9773085337009934
ISIC_0034780.jpg,benign,benign,0.9864165279514889
ISIC_0034781.jpg,benign,benign,0.9587317293616714
ISIC_0034783.jpg,benign,benign,0.9738109710098155
ISIC_0034784.jpg,malignant,benign,0.7252738168763754
ISIC_0034786.jpg,benign,benign,0.9186047575495734
ISIC_0034787.jpg,benign,benign,0.9974160235120699
ISIC_0034788.jpg,benign,benign,0.9895677326425372
ISIC_0034789.jpg,benign,benign,0.9627508545879673
ISIC_0034790.jpg,benign,benign,0.9687375312608076
ISIC_0034791.jpg,benign,benign,0.8109440133397611
ISIC_0034792.jpg,benign,benign,0.9872184022109538
ISIC_0034793.jpg,benign,benign,0.8829779795302833
ISIC_0034795.jpg,benign,benign,0.936880892537879
ISIC_0034797.jpg,benign,malignant,0.4435534016391394
ISIC_0034798.jpg,benign,benign,0.9604250416162191
ISIC_0034800.jpg,benign,benign,0.9987289319856858
ISIC_0034801.jpg,benign,benign,0.9469673416293493
ISIC_0034803.jpg,benign,benign,0.8882134549735774
ISIC_0034804.jpg,malignant,malignant,0.5651709896065241
ISIC_0034806.jpg,benign,benign,0.9159387075211902
ISIC_0034807.jpg,benign,benign,0.9971939412725573
ISIC_0034808.jpg,benign,benign,0.9623256406326889
ISIC_0034809.jpg,benign,benign,0.9879404391636436
ISIC_0034810.jpg,benign,benign,0.9940340035891719
ISIC_0034811.jpg,benign,benign,0.9588669508863129
ISIC_0034813.jpg,benign,malignant,0.7759164466289771
ISIC_0034815.jpg,benign,benign,0.8265131213060045
ISIC_0034816.jpg,benign,benign,0.9366479157663173
ISIC_0034817.jpg,malignant,benign,0.961429447898966
ISIC_0034818.jpg,benign,benign,0.8947338598943366
ISIC_0034819.jpg,malignant,malignant,0.9279284736059339
ISIC_0034821.jpg,benign,benign,0.9952808302519377
ISIC_0034823.jpg,benign,benign,0.9982500363512754
ISIC_0034824.jpg,benign,benign,0.9972752805126998
ISIC_0034827.jpg,benign,benign,0.9914534255241705
ISIC_0034828.jpg,benign,benign,0.9803594939545257
ISIC_0034829.jpg,benign,benign,0.9996040521359338
ISIC_0034830.jpg,benign,benign,0.9922696676016801
ISIC_0034831.jpg,benign,benign,0.9931481094071454
ISIC_0034832.jpg,benign,malignant,0.560168305485069
ISIC_0034834.jpg,benign,benign,0.9553269560754323
ISIC_0034835.jpg,benign,benign,0.9914008295785465
ISIC_0034836.jpg,benign,malignant,0.8629029202091848
ISIC_0034837.jpg,benign,benign,0.9865358905283045
ISIC_0034838.jpg,benign,benign,0.8401915257401076
ISIC_0034839.jpg,benign,benign,0.9100145200654551
ISIC_0034841.jpg,benign,malignant,0.37509322267017986
ISIC_0034843.jpg,benign,benign,0.8014696938027795
ISIC_0034844.jpg,benign,benign,0.9986604232795877
ISIC_0034845.jpg,benign,benign,0.9978074570969131
ISIC_0034846.jpg,benign,benign,0.9094011258494857
ISIC_0034847.jpg,benign,benign,0.9496993848551932
ISIC_0034848.jpg,benign,benign,0.9800671124915019
ISIC_0034851.jpg,benign,benign,0.9806772857291726
ISIC_0034852.jpg,benign,benign,0.8742857273248996
ISIC_0034853.jpg,benign,benign,0.9882035692663759
ISIC_0034854.jpg,benign,benign,0.9992453649148448
ISIC_0034855.jpg,benign,benign,0.9895405984889052
ISIC_0034856.jpg,benign,malignant,0.5741087553644089
ISIC_0034857.jpg,benign,benign,0.9852918347927732
ISIC_0034859.jpg,malignant,malignant,0.6857070740952941
ISIC_0034860.jpg,benign,benign,0.9097733432790323
ISIC_0034861.jpg,benign,benign,0.9836957251177914
ISIC_0034862.jpg,benign,benign,0.9875564032957052
ISIC_0034863.jpg,malignant,malignant,0.2787603739642821
ISIC_0034864.jpg,benign,benign,0.7963584000614434
ISIC_0034865.jpg,benign,benign,0.9982561852522996
ISIC_0034866.jpg,benign,benign,0.9540993739194935
ISIC_0034867.jpg,benign,benign,0.9972495578077258
ISIC_0034868.jpg,benign,benign,0.9981528107606511
ISIC_0034869.jpg,benign,benign,0.9936540499018893
ISIC_0034871.jpg,malignant,benign,0.849937306799522
ISIC_0034872.jpg,benign,benign,0.9948821514620745
ISIC_0034873.jpg,malignant,benign,0.8265746081430408
ISIC_0034874.jpg,malignant,benign,0.7704119263826841
ISIC_0034875.jpg,malignant,malignant,0.44249347621928037
ISIC_0034877.jpg,benign,benign,0.9937928739933195
ISIC_0034878.jpg,benign,benign,0.9928166104559466
ISIC_0034880.jpg,benign,benign,0.9905857636148131
ISIC_0034881.jpg,benign,benign,0.9530623355365329
ISIC_0034882.jpg,malignant,benign,0.9616527772812106
ISIC_0034883.jpg,benign,benign,0.9634971855476765
ISIC_0034884.jpg,benign,benign,0.8797478585396757
ISIC_0034885.jpg,benign,benign,0.969234521762044
ISIC_0034886.jpg,benign,benign,0.9939075074324257
ISIC_0034889.jpg,benign,benign,0.9774852126871447
ISIC_0034890.jpg,benign,benign,0.9978227568704122
ISIC_0034892.jpg,benign,benign,0.9916158142084511
ISIC_0034893.jpg,benign,benign,0.9737595648348085
ISIC_0034894.jpg,benign,benign,0.9468956414883404
ISIC_0034895.jpg,malignant,malignant,0.6164734087311426
ISIC_0034897.jpg,benign,benign,0.9678839525212801
ISIC_0034900.jpg,benign,benign,0.9939122823294614
ISIC_0034901.jpg,benign,benign,0.8989001757874395
ISIC_0034902.jpg,benign,benign,0.9994283445326335
ISIC_0034903.jpg,benign,benign,0.9738016825625393
ISIC_0034904.jpg,malignant,malignant,0.28835542350343507
ISIC_0034907.jpg,benign,benign,0.8460429470396152
ISIC_0034908.jpg,benign,benign,0.9696681817707432
ISIC_0034909.jpg,benign,benign,0.7517188091960587
ISIC_0034912.jpg,benign,benign,0.9751952680468778
ISIC_0034913.jpg,benign,benign,0.9979521819858388
ISIC_0034916.jpg,benign,benign,0.9576972526468578
ISIC_0034917.jpg,benign,benign,0.9864631374686682
ISIC_0034918.jpg,malignant,benign,0.7878326317722089
ISIC_0034919.jpg,benign,benign,0.9940555143994951
ISIC_0034920.jpg,benign,benign,0.9499864449190392
ISIC_0034921.jpg,benign,benign,0.8532958474264044
ISIC_0034922.jpg,benign,benign,0.9935707714807184
ISIC_0034923.jpg,benign,benign,0.9950058593153301
ISIC_0034924.jpg,benign,benign,0.9811875208650425
ISIC_0034925.jpg,benign,benign,0.9576554310013574
ISIC_0034926.jpg,malignant,malignant,0.9420955080201034
ISIC_0034927.jpg,benign,benign,0.8455734612003454
ISIC_0034928.jpg,benign,benign,0.9990195870537124
ISIC_0034932.jpg,benign,benign,0.8512900783878224
ISIC_0034933.jpg,benign,benign,0.967576889045954
ISIC_0034934.jpg,malignant,malignant,0.6119657268450714
ISIC_0034935.jpg,benign,benign,0.9559071493417013
ISIC_0034938.jpg,benign,benign,0.9519974241099776
ISIC_0034940.jpg,benign,benign,0.9979900361605136
ISIC_0034941.jpg,benign,benign,0.9844652959554014
ISIC_0034942.jpg,benign,benign,0.9960337533166268
ISIC_0034943.jpg,benign,benign,0.9915021391082
ISIC_0034944.jpg,benign,benign,0.7268650695115526
ISIC_0034945.jpg,benign,benign,0.9819011380819562
ISIC_0034947.jpg,benign,benign,0.9914690245248399
ISIC_0034949.jpg,malignant,malignant,0.9880276834407667
ISIC_0034950.jpg,benign,benign,0.9893433837394782
ISIC_0034955.jpg,benign,benign,0.8876697893952543
ISIC_0034956.jpg,benign,benign,0.9519344150214956
ISIC_0034957.jpg,malignant,malignant,0.745901751153999
ISIC_0034958.jpg,malignant,malignant,0.9712731271718911
ISIC_0034959.jpg,malignant,malignant,0.8546677686771185
ISIC_0034962.jpg,benign,benign,0.9966654720472866
ISIC_0034964.jpg,benign,benign,0.8022712347530697
ISIC_0034965.jpg,benign,benign,0.9995925412957858
ISIC_0034967.jpg,benign,malignant,0.4612970061440646
ISIC_0034968.jpg,benign,benign,0.9599514088245593
ISIC_0034971.jpg,malignant,malignant,0.7851810966300086
ISIC_0034973.jpg,benign,benign,0.9941759451424654
ISIC_0034974.jpg,benign,benign,0.99637830815536
ISIC_0034975.jpg,benign,benign,0.9550760337662898
ISIC_0034976.jpg,benign,benign,0.9890592653465121
ISIC_0034977.jpg,benign,benign,0.9966267750512571
ISIC_0034978.jpg,benign,benign,0.9496334127840411
ISIC_0034979.jpg,benign,benign,0.9983692494841695
ISIC_0034983.jpg,benign,benign,0.9835664959519054
ISIC_0034984.jpg,benign,benign,0.980862963195635
ISIC_0034985.jpg,benign,benign,0.9720199494244468
ISIC_0034986.jpg,benign,benign,0.9873786575632539
ISIC_0034988.jpg,malignant,malignant,0.7494752116641902
ISIC_0034989.jpg,benign,benign,0.9391684096160963
ISIC_0034990.jpg,benign,benign,0.9919502359646518
ISIC_0034991.jpg,benign,benign,0.9908908349557728
ISIC_0034992.jpg,benign,benign,0.9376300665785475
ISIC_0034996.jpg,benign,benign,0.9787921116541879
ISIC_0034998.jpg,malignant,benign,0.7281241945839161
ISIC_0035000.jpg,malignant,benign,0.8898508053735948
ISIC_0035002.jpg,benign,benign,0.9911488254022961
ISIC_0035003.jpg,benign,benign,0.9889202992635209
ISIC_0035005.jpg,benign,benign,0.9805384534275445
ISIC_0035006.jpg,benign,benign,0.9966217536670925
ISIC_0035007.jpg,benign,malignant,0.34195581366654665
ISIC_0035009.jpg,benign,benign,0.9492482638809062
ISIC_0035011.jpg,benign,benign,0.7449179604817636
ISIC_0035013.jpg,benign,benign,0.9826896949739194
ISIC_0035014.jpg,benign,benign,0.9942249221529463
ISIC_0035015.jpg,benign,benign,0.9995153199358724
ISIC_0035016.jpg,benign,benign,0.8254565270569248
ISIC_0035017.jpg,benign,benign,0.9885369140071432
ISIC_0035019.jpg,benign,benign,0.7340327479273336
ISIC_0035020.jpg,benign,benign,0.978164652015529
ISIC_0035021.jpg,malignant,malignant,0.4323049544543495
ISIC_0035022.jpg,benign,benign,0.9829532328413928
ISIC_0035023.jpg,benign,benign,0.9494471087952064
ISIC_0035024.jpg,benign,benign,0.9206401960471248
ISIC_0035025.jpg,benign,benign,0.9922728881141717
ISIC_0035027.jpg,benign,benign,0.9863970865869262
ISIC_0035030.jpg,benign,benign,0.9963337763843118
ISIC_0035031.jpg,benign,benign,0.9859377742243172
ISIC_0035034.jpg,benign,benign,0.8955027239758641
ISIC_0035036.jpg,benign,benign,0.9858362880477494
ISIC_0035038.jpg,benign,benign,0.9439311583909545
ISIC_0035044.jpg,benign,malignant,0.45747502610789864
ISIC_0035045.jpg,benign,benign,0.988876367609926
ISIC_0035046.jpg,benign,benign,0.7260572637027444
ISIC_0035047.jpg,malignant,malignant,0.6899801817313272
ISIC_0035048.jpg,malignant,benign,0.7346528584975625
ISIC_0035049.jpg,benign,benign,0.9928126673138423
ISIC_0035050.jpg,benign,benign,0.7386514436022805
ISIC_0035051.jpg,benign,benign,0.96255111214804
ISIC_0035052.jpg,benign,benign,0.9942583574121773
ISIC_0035053.jpg,benign,benign,0.9983446411645224
ISIC_0035055.jpg,benign,benign,0.9911283857651759
ISIC_0035056.jpg,benign,benign,0.9889892743145693
ISIC_0035058.jpg,benign,benign,0.9844520690538637
ISIC_0035059.jpg,benign,benign,0.9479662855096249
ISIC_0035060.jpg,benign,benign,0.9828010392520387
ISIC_0035061.jpg,benign,benign,0.931791617711388
ISIC_0035062.jpg,benign,benign,0.9948441486741766
ISIC_0035063.jpg,benign,benign,0.977718990369085
ISIC_0035065.jpg,benign,benign,0.9992256661193366
ISIC_0035066.jpg,benign,benign,0.9801634449622725
ISIC_0035067.jpg,benign,malignant,0.7723910057231659
ISIC_0035068.jpg,benign,benign,0.9752101002890502
ISIC_0035070.jpg,malignant,benign,0.9094818664820224
ISIC_0035071.jpg,benign,benign,0.9915716659904084
ISIC_0035073.jpg,benign,benign,0.994161899512158
ISIC_0035074.jpg,benign,benign,0.9957879135791787
ISIC_0035077.jpg,benign,benign,0.9892382251724683
ISIC_0035079.jpg,benign,benign,0.9595857502141848
ISIC_0035080.jpg,benign,benign,0.9655460884189336
ISIC_0035081.jpg,malignant,malignant,0.9680949976984333
ISIC_0035082.jpg,benign,benign,0.7961464278729539
ISIC_0035083.jpg,benign,benign,0.9759714755427137
ISIC_0035084.jpg,benign,benign,0.9949614453015558
ISIC_0035085.jpg,benign,benign,0.9491908513719867
ISIC_0035086.jpg,benign,benign,0.984189086645809
ISIC_0035087.jpg,benign,benign,0.9994564679365273
ISIC_0035088.jpg,benign,benign,0.9975930236974819
ISIC_0035089.jpg,malignant,malignant,0.3316730886727013
ISIC_0035090.jpg,malignant,benign,0.8564904822640346
ISIC_0035091.jpg,benign,benign,0.90547309021584
ISIC_0035092.jpg,benign,benign,0.9571347405078577
ISIC_0035093.jpg,benign,benign,0.9486536869949075
ISIC_0035094.jpg,benign,malignant,0.3406129392496639
ISIC_0035096.jpg,benign,benign,0.9898344221532538
ISIC_0035097.jpg,benign,benign,0.9837565997079262
ISIC_0035098.jpg,benign,benign,0.959217448945442
ISIC_0035099.jpg,malignant,malignant,0.7249328080158806
ISIC_0035100.jpg,benign,benign,0.9838030377294374
ISIC_0035101.jpg,benign,malignant,0.3376181832634883
ISIC_0035102.jpg,benign,benign,0.9951627988294013
ISIC_0035103.jpg,benign,benign,0.9873137019053714
ISIC_0035105.jpg,benign,benign,0.7570980297148108
ISIC_0035107.jpg,benign,benign,0.9872396257793885
ISIC_0035108.jpg,benign,benign,0.996259330043269
ISIC_0035111.jpg,benign,benign,0.9817531665028763
ISIC_0035113.jpg,benign,benign,0.9929553198605137
ISIC_0035114.jpg,benign,benign,0.9689767369476946
ISIC_0035116.jpg,benign,benign,0.9095347318158924
ISIC_0035118.jpg,benign,benign,0.9883382011388622
ISIC_0035121.jpg,benign,benign,0.9876803552088534
ISIC_0035122.jpg,benign,benign,0.9961667871285104
ISIC_0035123.jpg,benign,benign,0.8608629106703038
ISIC_0035124.jpg,malignant,benign,0.9258973830752731
ISIC_0035126.jpg,benign,benign,0.809329929354599
ISIC_0035129.jpg,benign,benign,0.8471703491095717
ISIC_0035130.jpg,malignant,benign,0.9609735781903748
ISIC_0035132.jpg,benign,benign,0.9378367507683667
ISIC_0035133.jpg,benign,benign,0.9926212053388271
ISIC_0035134.jpg,benign,benign,0.9795327398810909
ISIC_0035135.jpg,benign,benign,0.9957843599232488
ISIC_0035137.jpg,benign,benign,0.9760195708682546
ISIC_0035138.jpg,benign,benign,0.9846176930171952
ISIC_0035139.jpg,malignant,benign,0.7615189489271768
ISIC_0035140.jpg,benign,benign,0.9948563371850653
ISIC_0035143.jpg,benign,benign,0.994704551156846
ISIC_0035144.jpg,benign,benign,0.9646431789420817
ISIC_0035145.jpg,benign,benign,0.9991071402064448
ISIC_0035146.jpg,benign,benign,0.9437739623400161
ISIC_0035148.jpg,benign,benign,0.8134301803685667
ISIC_0035150.jpg,benign,malignant,0.7082251202306376
ISIC_0035152.jpg,benign,malignant,0.30047689329134947
ISIC_0035153.jpg,benign,benign,0.9875900331064947
ISIC_0035156.jpg,benign,benign,0.9687459481822226
ISIC_0035157.jpg,benign,benign,0.9737237453236292
ISIC_0035158.jpg,benign,benign,0.9821044225012581
ISIC_0035160.jpg,benign,benign,0.9968867945534142
ISIC_0035161.jpg,benign,benign,0.9904740095417521
ISIC_0035162.jpg,benign,malignant,0.2867098523526797
ISIC_0035164.jpg,benign,benign,0.9512926169065918
ISIC_0035165.jpg,benign,benign,0.9408468240253209
ISIC_0035166.jpg,benign,benign,0.9496078926206721
ISIC_0035167.jpg,benign,benign,0.98129831468389
ISIC_0035169.jpg,benign,benign,0.9980103662940739
ISIC_0035170.jpg,benign,benign,0.9649622485795588
ISIC_0035172.jpg,benign,benign,0.9509792122972534
ISIC_0035173.jpg,benign,benign,0.9942378191131925
ISIC_0035175.jpg,benign,benign,0.9970360311299046
ISIC_0035176.jpg,benign,benign,0.9808727634461868
ISIC_0035177.jpg,malignant,malignant,0.4732285518639079
ISIC_0035178.jpg,benign,benign,0.8815554262956214
ISIC_0035181.jpg,benign,benign,0.9899208183894219
ISIC_0035182.jpg,benign,benign,0.9976397987604485
ISIC_0035184.jpg,benign,benign,0.9256830954667532
ISIC_0035186.jpg,benign,benign,0.8938837803228836
ISIC_0035187.jpg,benign,benign,0.9615334203621568
ISIC_0035188.jpg,benign,benign,0.9982841776198602
ISIC_0035189.jpg,benign,benign,0.9739272125097465
ISIC_0035191.jpg,benign,benign,0.9673693975537292
ISIC_0035192.jpg,benign,benign,0.9781106637498163
ISIC_0035193.jpg,benign,benign,0.9936502318156888
ISIC_0035195.jpg,benign,benign,0.9912053835876172
ISIC_0035196.jpg,malignant,malignant,0.4809949825449364
ISIC_0035197.jpg,benign,benign,0.8749227084674365
ISIC_0035198.jpg,benign,benign,0.9921437220789783
ISIC_0035199.jpg,benign,malignant,0.31249935793517025
ISIC_0035200.jpg,benign,malignant,0.5188339811908276
ISIC_0035201.jpg,benign,benign,0.995612072597801
ISIC_0035204.jpg,benign,benign,0.9944571235100038
ISIC_0035205.jpg,benign,benign,0.9972271280799648
ISIC_0035207.jpg,malignant,malignant,0.2989224404637739
ISIC_0035208.jpg,benign,benign,0.9672560374875506
ISIC_0035209.jpg,benign,benign,0.992509843856002
ISIC_0035211.jpg,benign,benign,0.9895480459853547
ISIC_0035213.jpg,benign,benign,0.9730454221635891
ISIC_0035214.jpg,benign,benign,0.9895423902513251
ISIC_0035215.jpg,benign,benign,0.9942714920818735
ISIC_0035216.jpg,malignant,benign,0.9259623335196793
ISIC_0035217.jpg,benign,benign,0.9880817374764805
ISIC_0035219.jpg,benign,benign,0.9950535474861628
ISIC_0035220.jpg,benign,benign,0.9665473101595247
ISIC_0035221.jpg,benign,benign,0.9923446693926312
ISIC_0035222.jpg,benign,benign,0.9049816062856567
ISIC_0035223.jpg,benign,benign,0.9536864753641147
ISIC_0035224.jpg,malignant,malignant,0.5441060381391427
ISIC_0035225.jpg,benign,benign,0.9390440639880219
ISIC_0035227.jpg,benign,benign,0.9677577112108553
ISIC_0035228.jpg,benign,benign,0.970225623788186
ISIC_0035229.jpg,malignant,malignant,0.5098344484122328
ISIC_0035230.jpg,benign,benign,0.9991248685201563
ISIC_0035231.jpg,benign,benign,0.9842935026890067
ISIC_0035232.jpg,malignant,malignant,0.8543975265187642
ISIC_0035233.jpg,benign,benign,0.9917341603371118
ISIC_0035234.jpg,benign,benign,0.991567224615894
ISIC_0035235.jpg,benign,benign,0.9654911341446074
ISIC_0035236.jpg,benign,benign,0.9621893778661936
ISIC_0035237.jpg,benign,benign,0.9790480881875685
ISIC_0035238.jpg,benign,benign,0.9395248475524612
ISIC_0035240.jpg,malignant,malignant,0.880025424832399
ISIC_0035241.jpg,benign,benign,0.9616134917094705
ISIC_0035242.jpg,benign,benign,0.9883602853850556
ISIC_0035244.jpg,benign,benign,0.9739319401585272
ISIC_0035245.jpg,benign,malignant,0.3699956187681602
ISIC_0035246.jpg,benign,malignant,0.6872561840219936
ISIC_0035248.jpg,malignant,malignant,0.3567027834636899
ISIC_0035250.jpg,benign,benign,0.9761080842638644
ISIC_0035253.jpg,benign,benign,0.9888740132879166
ISIC_0035255.jpg,benign,benign,0.9959942484727671
ISIC_0035256.jpg,benign,benign,0.9990684749407894
ISIC_0035257.jpg,benign,benign,0.9503693078206188
ISIC_0035260.jpg,benign,benign,0.9874565690402874
ISIC_0035263.jpg,malignant,malignant,0.8301539677758514
ISIC_0035265.jpg,benign,benign,0.9171840431905325
ISIC_0035266.jpg,benign,benign,0.9739013576817213
ISIC_0035267.jpg,benign,benign,0.965235913016913
ISIC_0035268.jpg,benign,benign,0.9779621898710951
ISIC_0035271.jpg,malignant,benign,0.7459446085919579
ISIC_0035272.jpg,benign,benign,0.9947798420877187
ISIC_0035273.jpg,benign,benign,0.9808569723416448
ISIC_0035274.jpg,benign,benign,0.9573815802091671
ISIC_0035275.jpg,benign,benign,0.8595519998885489
ISIC_0035278.jpg,benign,benign,0.9331229290811128
ISIC_0035280.jpg,malignant,malignant,0.3416710843317684
ISIC_0035281.jpg,benign,benign,0.9968369945414152
ISIC_0035282.jpg,benign,benign,0.9956060813662492
ISIC_0035283.jpg,benign,benign,0.9811001232684274
ISIC_0035285.jpg,benign,benign,0.992550854810865
ISIC_0035286.jpg,benign,benign,0.983231043841053
ISIC_0035288.jpg,benign,benign,0.9850881764083029
ISIC_0035289.jpg,benign,benign,0.9928675359490214
ISIC_0035290.jpg,benign,malignant,0.6627206935191199
ISIC_0035292.jpg,benign,benign,0.9916641172455427
ISIC_0035294.jpg,benign,benign,0.992902049721313
ISIC_0035295.jpg,benign,benign,0.9303139682255298
ISIC_0035296.jpg,benign,benign,0.9339747561109891
ISIC_0035297.jpg,benign,benign,0.9878335294942847
ISIC_0035298.jpg,benign,benign,0.9957405743918243
ISIC_0035299.jpg,benign,benign,0.9603087071297879
ISIC_0035300.jpg,benign,benign,0.9966168971843965
ISIC_0035301.jpg,benign,benign,0.9603525974833629
ISIC_0035302.jpg,benign,benign,0.9827431766567
ISIC_0035303.jpg,benign,benign,0.9842751296709005
ISIC_0035304.jpg,benign,benign,0.9856290236089283
ISIC_0035306.jpg,malignant,malignant,0.5194234842384102
ISIC_0035307.jpg,benign,benign,0.9960826135372242
ISIC_0035309.jpg,benign,benign,0.9725985955863091
ISIC_0035311.jpg,benign,benign,0.9505946008318502
ISIC_0035312.jpg,benign,benign,0.9963186423693798
ISIC_0035313.jpg,malignant,malignant,0.9114655198601007
ISIC_0035314.jpg,benign,benign,0.9875660759922995
ISIC_0035315.jpg,benign,benign,0.9930097937325688
ISIC_0035319.jpg,benign,benign,0.8803781018205121
ISIC_0035320.jpg,benign,benign,0.9846750555429958
ISIC_0035323.jpg,benign,benign,0.9878809535968429
ISIC_0035324.jpg,benign,malignant,0.380067510184068
ISIC_0035325.jpg,benign,benign,0.9814443851033086
ISIC_0035326.jpg,malignant,malignant,0.6729752971984555
ISIC_0035327.jpg,benign,benign,0.7762705276053348
ISIC_0035328.jpg,benign,benign,0.9992655210622989
ISIC_0035329.jpg,benign,benign,0.9643977311991279
ISIC_0035333.jpg,benign,benign,0.9973627969405275
ISIC_0035335.jpg,benign,benign,0.9769718190527379
ISIC_0035336.jpg,benign,benign,0.9004771438589709
ISIC_0035337.jpg,benign,benign,0.9906122177244678
ISIC_0035339.jpg,benign,benign,0.9931644563764657
ISIC_0035341.jpg,benign,benign,0.9982413012646871
ISIC_0035342.jpg,benign,benign,0.9989872842090325
ISIC_0035343.jpg,benign,benign,0.9624264522683171
ISIC_0035344.jpg,benign,benign,0.9208515190048385
ISIC_0035345.jpg,malignant,malignant,0.5295551828536426
ISIC_0035346.jpg,benign,malignant,0.9300143616004461
ISIC_0035347.jpg,benign,benign,0.9956828728180807
ISIC_0035349.jpg,benign,benign,0.8791596672306051
ISIC_0035350.jpg,benign,benign,0.940211151019702
ISIC_0035351.jpg,malignant,malignant,0.8969458364134638
ISIC_0035352.jpg,benign,benign,0.9962828789828686
ISIC_0035353.jpg,benign,benign,0.9006498478467031
ISIC_0035354.jpg,benign,benign,0.9788127289875361
ISIC_0035356.jpg,benign,benign,0.9459723847223008
ISIC_0035358.jpg,benign,benign,0.9772849248804317
ISIC_0035359.jpg,benign,benign,0.9940749382705873
ISIC_0035361.jpg,benign,benign,0.9932700086714247
ISIC_0035362.jpg,malignant,benign,0.8960794324849211
ISIC_0035363.jpg,benign,benign,0.9985710051218296
ISIC_0035365.jpg,benign,benign,0.9970494347306245
ISIC_0035366.jpg,malignant,malignant,0.5090213283714221
ISIC_0035367.jpg,benign,benign,0.9890200356580536
ISIC_0035369.jpg,benign,benign,0.9948999464560341
ISIC_0035370.jpg,benign,malignant,0.7261126488773066
ISIC_0035373.jpg,benign,benign,0.9393716315655637
ISIC_0035375.jpg,benign,benign,0.942001286689309
ISIC_0035377.jpg,benign,benign,0.9939594772981306
ISIC_0035378.jpg,benign,benign,0.8050181845712906
ISIC_0035379.jpg,benign,benign,0.9955525994695127
ISIC_0035380.jpg,benign,benign,0.9852869343284342
ISIC_0035381.jpg,benign,benign,0.943104946226924
ISIC_0035382.jpg,benign,benign,0.9872834416906641
ISIC_0035383.jpg,benign,benign,0.9618943020431011
ISIC_0035384.jpg,benign,benign,0.9816938398251338
ISIC_0035385.jpg,benign,benign,0.8096490259331208
ISIC_0035386.jpg,benign,benign,0.9341124222089864
ISIC_0035387.jpg,benign,benign,0.9864727225394444
ISIC_0035390.jpg,benign,benign,0.9871616012792653
ISIC_0035392.jpg,benign,malignant,0.36752092199390984
ISIC_0035393.jpg,malignant,malignant,0.5546576667509486
ISIC_0035394.jpg,benign,malignant,0.9509957399056559
ISIC_0035395.jpg,benign,benign,0.9830153904953988
ISIC_0035396.jpg,benign,benign,0.9974411310117478
ISIC_0035397.jpg,malignant,benign,0.9132717342271423
ISIC_0035398.jpg,benign,malignant,0.7594004868844337
ISIC_0035399.jpg,benign,benign,0.9261924530793432
ISIC_0035400.jpg,benign,benign,0.9929861397779901
ISIC_0035401.jpg,benign,benign,0.9525567321371785
ISIC_0035402.jpg,benign,benign,0.9924200468037989
ISIC_0035404.jpg,benign,benign,0.9829406302636726
ISIC_0035405.jpg,benign,benign,0.9917046255748667
ISIC_0035406.jpg,malignant,benign,0.9718314575545262
ISIC_0035407.jpg,benign,benign,0.9953818843935758
ISIC_0035408.jpg,benign,benign,0.9833988095950986
ISIC_0035409.jpg,benign,benign,0.8644955501376586
ISIC_0035410.jpg,benign,benign,0.9213710284720548
ISIC_0035411.jpg,benign,benign,0.9851182694532253
ISIC_0035412.jpg,benign,benign,0.9437288987735649
ISIC_0035413.jpg,benign,benign,0.9506542529667306
ISIC_0035414.jpg,malignant,malignant,0.7699214711833131
ISIC_0035417.jpg,benign,benign,0.9565764962152531
ISIC_0035418.jpg,benign,benign,0.985177299547116
ISIC_0035419.jpg,benign,benign,0.9013303093305215
ISIC_0035420.jpg,malignant,malignant,0.2983763187316138
ISIC_0035422.jpg,benign,benign,0.9861312012439349
ISIC_0035423.jpg,benign,benign,0.7541108193134068
ISIC_0035425.jpg,benign,malignant,0.30117818646203376
ISIC_0035427.jpg,benign,benign,0.9891247059285868
ISIC_0035428.jpg,benign,benign,0.9996293248084553
ISIC_0035429.jpg,benign,benign,0.8898865568475905
ISIC_0035430.jpg,malignant,malignant,0.9365416379387089
ISIC_0035431.jpg,benign,benign,0.9795591232459694
ISIC_0035433.jpg,benign,malignant,0.5216928213406371
ISIC_0035434.jpg,malignant,malignant,0.5
ISIC_0035435.jpg,benign,benign,0.8859241743640083
ISIC_0035437.jpg,benign,benign,0.9986181288604452
ISIC_0035438.jpg,benign,benign,0.9967551079385338
ISIC_0035441.jpg,benign,benign,0.976517250428249
ISIC_0035442.jpg,benign,benign,0.9004831883977675
ISIC_0035444.jpg,benign,benign,0.9603458353692635
ISIC_0035445.jpg,benign,benign,0.7749595953816226
ISIC_0035447.jpg,benign,benign,0.9900334626488342
ISIC_0035448.jpg,benign,benign,0.8689077267489724
ISIC_0035449.jpg,benign,benign,0.9363366866748714
ISIC_0035452.jpg,benign,benign,0.9967687438861629
ISIC_0035453.jpg,benign,benign,0.9984078168993916
ISIC_0035455.jpg,benign,benign,0.9879695814866384
ISIC_0035456.jpg,benign,benign,0.9721700783183992
ISIC_0035457.jpg,benign,malignant,0.27781338725289917
ISIC_0035458.jpg,benign,benign,0.7857046256814528
ISIC_0035459.jpg,malignant,benign,0.8998844553660226
ISIC_0035460.jpg,malignant,malignant,0.706810912066874
ISIC_0035461.jpg,benign,benign,0.9738905587178651
ISIC_0035462.jpg,malignant,benign,0.8973218841444248
ISIC_0035465.jpg,benign,malignant,0.6621364371034666
ISIC_0035467.jpg,benign,benign,0.9731164100138447
ISIC_0035469.jpg,benign,benign,0.9534750109510854
ISIC_0035470.jpg,benign,benign,0.9468305061684908
ISIC_0035473.jpg,benign,benign,0.9955205932757266
ISIC_0035474.jpg,benign,benign,0.9805098540491889
ISIC_0035476.jpg,benign,benign,0.987098501567838
ISIC_0035477.jpg,benign,benign,0.9927737235335281
ISIC_0035478.jpg,malignant,malignant,0.8167477320090768
ISIC_0035479.jpg,benign,benign,0.9793832822079345
ISIC_0035480.jpg,benign,benign,0.9967239827988473
ISIC_0035481.jpg,benign,benign,0.9201676082449657
ISIC_0035482.jpg,benign,benign,0.9870645394188804
ISIC_0035483.jpg,benign,benign,0.9764845344465346
ISIC_0035484.jpg,benign,malignant,0.5172345046725104
ISIC_0035485.jpg,benign,benign,0.9940854651532687
ISIC_0035486.jpg,malignant,malignant,0.9811537114861466
ISIC_0035488.jpg,benign,benign,0.902790663063475
ISIC_0035489.jpg,benign,benign,0.9010882685434456
ISIC_0035491.jpg,benign,benign,0.9148446294742367
ISIC_0035492.jpg,benign,benign,0.9890635071290914
ISIC_0035493.jpg,benign,benign,0.8640882926511927
ISIC_0035494.jpg,benign,malignant,0.3673431002971955
ISIC_0035495.jpg,benign,benign,0.9142712011883762
ISIC_0035496.jpg,benign,benign,0.9871914426445495
ISIC_0035497.jpg,benign,benign,0.9963863905386162
ISIC_0035498.jpg,benign,benign,0.9480369384556948
ISIC_0035499.jpg,benign,benign,0.9904977276806288
ISIC_0035500.jpg,benign,benign,0.9959848259084371
ISIC_0035501.jpg,benign,benign,0.9962586567532982
ISIC_0035503.jpg,benign,benign,0.9945088606047434
ISIC_0035505.jpg,malignant,malignant,0.9588279880592433
ISIC_0035506.jpg,benign,benign,0.9697119393500533
ISIC_0035507.jpg,benign,benign,0.9783910560749866
ISIC_0035508.jpg,benign,benign,0.995239102980154
ISIC_0035509.jpg,benign,benign,0.7669603037253283
ISIC_0035510.jpg,malignant,malignant,0.41573636539323394
ISIC_0035512.jpg,benign,benign,0.9978129427905867
ISIC_0035513.jpg,benign,benign,0.938050431688741
ISIC_0035515.jpg,benign,benign,0.9812599911171782
ISIC_0035516.jpg,benign,benign,0.9308795358449625
ISIC_0035518.jpg,benign,benign,0.995173949989179
ISIC_0035519.jpg,benign,benign,0.9836804767684777
ISIC_0035520.jpg,benign,benign,0.9823451580083046
ISIC_0035521.jpg,benign,benign,0.9431967680377843
ISIC_0035522.jpg,malignant,malignant,0.8359578473918644
ISIC_0035523.jpg,benign,benign,0.9932061787649238
ISIC_0035524.jpg,benign,benign,0.9880967361996696
ISIC_0035525.jpg,malignant,benign,0.7958098699158711
ISIC_0035526.jpg,benign,benign,0.9527401373219723
ISIC_0035527.jpg,benign,benign,0.9601414626197874
ISIC_0035528.jpg,benign,benign,0.9930595399804371
ISIC_0035529.jpg,benign,benign,0.98273253782211
ISIC_0035530.jpg,benign,benign,0.9910677535247077
ISIC_0035531.jpg,benign,benign,0.9774045875436594
ISIC_0035532.jpg,benign,benign,0.9478628763767377
ISIC_0035534.jpg,benign,benign,0.9945810992737792
ISIC_0035535.jpg,benign,benign,0.9749251301529788
ISIC_0035536.jpg,benign,benign,0.994965613266879
ISIC_0035537.jpg,benign,benign,0.9967339729754028
ISIC_0035539.jpg,benign,benign,0.8927221015087402
ISIC_0035540.jpg,benign,benign,0.996400105661658
ISIC_0035541.jpg,benign,benign,0.9946765930080304
ISIC_0035542.jpg,benign,benign,0.9805527261659325
ISIC_0035543.jpg,benign,benign,0.9701203374218197
ISIC_0035544.jpg,benign,benign,0.9484535119611182
ISIC_0035545.jpg,benign,benign,0.9582662888964061
ISIC_0035546.jpg,benign,benign,0.9680727354363855
ISIC_0035548.jpg,benign,benign,0.9933428619195087
ISIC_0035550.jpg,malignant,malignant,0.4847160681479247
ISIC_0035551.jpg,benign,benign,0.9987334240333382
ISIC_0035554.jpg,benign,benign,0.9870044452884087
ISIC_0035555.jpg,benign,benign,0.9448022766081476
ISIC_0035557.jpg,benign,benign,0.988597123803617
ISIC_0035558.jpg,malignant,malignant,0.5
ISIC_0035559.jpg,benign,benign,0.9975446305392973
ISIC_0035560.jpg,benign,benign,0.994272055519651
ISIC_0035561.jpg,malignant,benign,0.749572705648375
ISIC_0035562.jpg,malignant,malignant,0.7648352082434169
ISIC_0035563.jpg,benign,benign,0.9984609748523291
ISIC_0035565.jpg,benign,benign,0.9857559404928414
ISIC_0035566.jpg,benign,benign,0.822550383275797
ISIC_0035567.jpg,benign,benign,0.9870192223000185
ISIC_0035568.jpg,benign,benign,0.9972440144823438
ISIC_0035569.jpg,benign,benign,0.9992105835984428
ISIC_0035571.jpg,benign,benign,0.9655371729830989
ISIC_0035572.jpg,benign,benign,0.989803168558228
ISIC_0035573.jpg,benign,benign,0.9579366519267524
ISIC_0035574.jpg,benign,benign,0.9761149053507604
ISIC_0035575.jpg,benign,benign,0.9608678411346415
ISIC_0035576.jpg,benign,benign,0.9988261746179222
ISIC_0035577.jpg,benign,benign,0.98094349220119
ISIC_0035578.jpg,benign,benign,0.9734966937716163
ISIC_0035579.jpg,benign,benign,0.9787449137281836
ISIC_0035580.jpg,benign,benign,0.9984027023787976
ISIC_0035581.jpg,benign,benign,0.9820524666899975
ISIC_0035582.jpg,benign,malignant,0.3477272783084368
ISIC_0035583.jpg,benign,benign,0.7776767340408628
ISIC_0035587.jpg,benign,benign,0.9988845868988976
ISIC_0035591.jpg,benign,benign,0.9966627281143133
ISIC_0035592.jpg,benign,benign,0.9638357290112307
ISIC_0035596.jpg,benign,benign,0.9990308766515293
ISIC_0035597.jpg,benign,benign,0.8521123258156321
ISIC_0035598.jpg,benign,benign,0.999321453531062
ISIC_0035600.jpg,benign,benign,0.9735447727902131
ISIC_0035601.jpg,benign,benign,0.8792315121683255
ISIC_0035602.jpg,malignant,benign,0.8392506152393198
ISIC_0035604.jpg,benign,benign,0.9967266848115459
ISIC_0035605.jpg,malignant,malignant,0.34507823145210037
ISIC_0035606.jpg,malignant,benign,0.8079052066127894
ISIC_0035609.jpg,benign,benign,0.9724091534099961
ISIC_0035610.jpg,malignant,malignant,0.8432825436232736
ISIC_0035611.jpg,benign,benign,0.9964947585415013
ISIC_0035614.jpg,benign,benign,0.9555666033581042
ISIC_0035615.jpg,benign,benign,0.9685727816771675
ISIC_0035616.jpg,benign,benign,0.9939794860709698
ISIC_0035617.jpg,benign,benign,0.9885230215580015
ISIC_0035618.jpg,benign,benign,0.9888168976009251
ISIC_0035621.jpg,benign,benign,0.956496424154657
ISIC_0035623.jpg,benign,benign,0.9344601099898378
ISIC_0035628.jpg,benign,benign,0.9978280051424528
ISIC_0035629.jpg,malignant,malignant,0.2937418177649708
ISIC_0035632.jpg,benign,malignant,0.7169103525269871
ISIC_0035636.jpg,malignant,benign,0.8177389044941359
ISIC_0035637.jpg,malignant,malignant,0.5842830222150306
ISIC_0035638.jpg,benign,benign,0.9902899181101996
ISIC_0035639.jpg,benign,benign,0.9316628319802046
ISIC_0035640.jpg,malignant,malignant,0.34011847659270045
ISIC_0035641.jpg,benign,benign,0.983786185727384
ISIC_0035644.jpg,benign,benign,0.9018073054747925
ISIC_0035646.jpg,benign,benign,0.9308837435756478
ISIC_0035647.jpg,benign,benign,0.9951026212694163
ISIC_0035648.jpg,benign,benign,0.944026906830508
ISIC_0035649.jpg,benign,benign,0.9960024930581408
ISIC_0035651.jpg,malignant,malignant,0.28360575244213193
ISIC_0035652.jpg,benign,malignant,0.3992542804615545
ISIC_0035653.jpg,malignant,malignant,0.8761112467771712
ISIC_0035654.jpg,benign,benign,0.9500222154285944
ISIC_0035656.jpg,benign,benign,0.7829052655656058
ISIC_0035657.jpg,benign,benign,0.8457558497387273
ISIC_0035659.jpg,benign,benign,0.9222353618653124
ISIC_0035662.jpg,benign,benign,0.9563618258950874
ISIC_0035663.jpg,malignant,benign,0.8331448739417416
ISIC_0035665.jpg,benign,benign,0.962499171568333
ISIC_0035666.jpg,benign,benign,0.7850749733692984
ISIC_0035668.jpg,benign,benign,0.9616916671116953
ISIC_0035670.jpg,malignant,benign,0.9084076048673042
ISIC_0035671.jpg,benign,benign,0.8662012579422087
ISIC_0035672.jpg,benign,benign,0.9459083340542184
ISIC_0035673.jpg,benign,benign,0.879964704175506
ISIC_0035674.jpg,benign,benign,0.9865182945790852
ISIC_0035678.jpg,benign,benign,0.9393458711960355
ISIC_0035680.jpg,malignant,benign,0.9641054405366185
ISIC_0035681.jpg,benign,benign,0.9703111117438519
ISIC_0035682.jpg,malignant,benign,0.8964431390118718
ISIC_0035684.jpg,benign,benign,0.8674643721793526
ISIC_0035686.jpg,benign,benign,0.7426177410789139
ISIC_0035687.jpg,benign,benign,0.9849787950222025
ISIC_0035688.jpg,benign,benign,0.9541721107092804
ISIC_0035689.jpg,benign,malignant,0.2866874264477878
ISIC_0035690.jpg,malignant,malignant,0.29206009009923933
ISIC_0035693.jpg,benign,benign,0.9506014283500154
ISIC_0035696.jpg,malignant,malignant,0.9012114152672341
ISIC_0035697.jpg,benign,benign,0.938406193859524
ISIC_0035698.jpg,malignant,malignant,0.8696432752444228
ISIC_0035699.jpg,benign,benign,0.7547138910999414
ISIC_0035700.jpg,malignant,benign,0.9239240412082964
ISIC_0035702.jpg,benign,benign,0.9828135623786716
ISIC_0035703.jpg,benign,benign,0.9812731134776331
ISIC_0035704.jpg,benign,malignant,0.3654204389194399
ISIC_0035705.jpg,malignant,malignant,0.41766784946489105
ISIC_0035706.jpg,benign,benign,0.990656784280237
ISIC_0035707.jpg,benign,benign,0.9715219852849365
ISIC_0035708.jpg,malignant,malignant,0.35142765331786385
ISIC_0035709.jpg,benign,benign,0.8944742966414638
ISIC_0035710.jpg,benign,benign,0.777108409183016
ISIC_0035711.jpg,malignant,malignant,0.7023531201847707
ISIC_0035712.jpg,benign,benign,0.9493693022475674
ISIC_0035713.jpg,benign,benign,0.84405220231487
ISIC_0035714.jpg,malignant,benign,0.9452578704460182
ISIC_0035716.jpg,benign,benign,0.8623630173182353
ISIC_0035717.jpg,benign,benign,0.7731259094406929
ISIC_0035719.jpg,malignant,malignant,0.31016751215385385
ISIC_0035720.jpg,malignant,malignant,0.7950405267051182
ISIC_0035721.jpg,malignant,malignant,0.461737261605064
ISIC_0035722.jpg,benign,benign,0.9700427420713216
ISIC_0035725.jpg,benign,benign,0.9188891746557751
ISIC_0035726.jpg,benign,benign,0.8358016288222779
ISIC_0035727.jpg,benign,benign,0.9707376470628447
ISIC_0035728.jpg,benign,benign,0.9262458642112652
ISIC_0035731.jpg,benign,benign,0.9652640549917285
ISIC_0035732.jpg,malignant,benign,0.8506095805484235
ISIC_0035734.jpg,benign,benign,0.8005829749370835
ISIC_0035736.jpg,malignant,malignant,0.9715675808168106
ISIC_0035738.jpg,benign,benign,0.935062072192948
ISIC_0035740.jpg,benign,benign,0.9267995101889229
ISIC_0035742.jpg,benign,benign,0.796497465093434
ISIC_0035743.jpg,benign,benign,0.9508623437907261
ISIC_0035745.jpg,benign,malignant,0.45828227553428313
ISIC_0035746.jpg,benign,benign,0.850259792174869
ISIC_0035747.jpg,malignant,benign,0.8233950874923294
ISIC_0035748.jpg,malignant,malignant,0.9836652790103537
ISIC_0035749.jpg,benign,benign,0.95654286795977
ISIC_0035756.jpg,malignant,malignant,0.6997516335724682
ISIC_0035757.jpg,benign,benign,0.8840945898463168
ISIC_0035758.jpg,benign,benign,0.9404839767528113
ISIC_0035760.jpg,benign,benign,0.981138278629283
ISIC_0035762.jpg,benign,benign,0.9186955196472641
ISIC_0035764.jpg,malignant,malignant,0.6892486252562164
ISIC_0035766.jpg,malignant,benign,0.9279021942278596
ISIC_0035767.jpg,malignant,benign,0.9276690735815704
ISIC_0035769.jpg,benign,benign,0.9658722284060347
ISIC_0035770.jpg,benign,benign,0.7958766940872951
ISIC_0035771.jpg,benign,benign,0.8045428357961891
ISIC_0035773.jpg,benign,benign,0.8100493265654037
ISIC_0035774.jpg,benign,benign,0.9952926911787658
ISIC_0035775.jpg,benign,benign,0.9604778942498006
ISIC_0035777.jpg,benign,benign,0.9897231079323129
ISIC_0035779.jpg,benign,benign,0.7503684075975361
ISIC_0035780.jpg,benign,benign,0.9446404180485205
ISIC_0035781.jpg,benign,malignant,0.31371026466208346
ISIC_0035782.jpg,benign,benign,0.9001632721002413
ISIC_0035783.jpg,benign,malignant,0.37302428840884533
ISIC_0035784.jpg,benign,benign,0.8258923182183097
ISIC_0035785.jpg,benign,benign,0.9754857957990741
ISIC_0035786.jpg,benign,benign,0.9390689041764197
ISIC_0035788.jpg,benign,benign,0.9872545894149382
ISIC_0035789.jpg,malignant,malignant,0.676427300265682
ISIC_0035791.jpg,benign,benign,0.9663601004335943
ISIC_0035792.jpg,benign,malignant,0.4745228222599558
ISIC_0035793.jpg,benign,benign,0.7886047331997609
ISIC_0035794.jpg,malignant,malignant,0.4047714298750601
ISIC_0035795.jpg,benign,benign,0.8944386961454355
ISIC_0035796.jpg,benign,malignant,0.5560900108677529
ISIC_0035797.jpg,benign,benign,0.8435963574400119
ISIC_0035798.jpg,benign,benign,0.7498820349928111
ISIC_0035800.jpg,benign,malignant,0.5546155827610265
ISIC_0035801.jpg,benign,benign,0.912053959927498
ISIC_0035803.jpg,benign,benign,0.9403168349633526
ISIC_0035804.jpg,benign,benign,0.905320537996316
ISIC_0035806.jpg,benign,benign,0.7797323401603518
ISIC_0035808.jpg,benign,benign,0.8984521641701504
ISIC_0035809.jpg,benign,malignant,0.3310165429498629
ISIC_0035811.jpg,benign,benign,0.8452387551013151
ISIC_0035812.jpg,benign,benign,0.9421365293996491
ISIC_0035813.jpg,benign,benign,0.8622291577625967
ISIC_0035815.jpg,benign,benign,0.8755225711254222
ISIC_0035816.jpg,malignant,benign,0.824349741739467
ISIC_0035817.jpg,benign,benign,0.9498835693456291
ISIC_0035819.jpg,malignant,benign,0.7586172408372218
ISIC_0035820.jpg,benign,benign,0.9119557467034477
ISIC_0035822.jpg,benign,malignant,0.3943625009423741
ISIC_0035823.jpg,malignant,benign,0.9558032847313366
ISIC_0035825.jpg,malignant,malignant,0.4252529568962689
ISIC_0035826.jpg,malignant,malignant,0.8597340139055059
ISIC_0035827.jpg,malignant,malignant,0.348526929908205
ISIC_0035828.jpg,benign,benign,0.9688718091083746
ISIC_0035830.jpg,benign,benign,0.9541154817110312
ISIC_0035832.jpg,benign,benign,0.9448797634717507
ISIC_0035835.jpg,benign,benign,0.9371885001438321
ISIC_0035836.jpg,benign,malignant,0.317024171868466
ISIC_0035837.jpg,benign,malignant,0.3502278274813052
ISIC_0035838.jpg,benign,benign,0.8394790382201627
ISIC_0035839.jpg,benign,benign,0.789333469817024
ISIC_0035840.jpg,benign,benign,0.8990346006852964
ISIC_0035841.jpg,benign,benign,0.9907403465427396
ISIC_0035843.jpg,benign,benign,0.9655017166583405
ISIC_0035845.jpg,malignant,malignant,0.5085242583193343
ISIC_0035846.jpg,malignant,malignant,0.6275666345236159
ISIC_0035849.jpg,benign,benign,0.8635038242480148
ISIC_0035850.jpg,benign,benign,0.9902836599847882
ISIC_0035851.jpg,benign,malignant,0.2872169628557335
ISIC_0035853.jpg,malignant,benign,0.8873301182952886
ISIC_0035854.jpg,malignant,malignant,0.4438861976436184
ISIC_0035856.jpg,benign,benign,0.8820812287316028
ISIC_0035857.jpg,benign,benign,0.9727679013826661
ISIC_0035858.jpg,benign,benign,0.8990367388255684
ISIC_0035859.jpg,benign,benign,0.9625153161068417
ISIC_0035860.jpg,benign,benign,0.9307309709980074
ISIC_0035861.jpg,benign,benign,0.9214111352295401
ISIC_0035862.jpg,benign,benign,0.9575188477600423
ISIC_0035864.jpg,benign,benign,0.9444992089489513
ISIC_0035867.jpg,benign,benign,0.9788572411954596
ISIC_0035868.jpg,malignant,malignant,0.2829628235084565
ISIC_0035869.jpg,benign,malignant,0.3698412592177276
ISIC_0035870.jpg,benign,benign,0.9807851629637651
ISIC_0035872.jpg,benign,benign,0.9689678778118739
ISIC_0035874.jpg,benign,malignant,0.41897747003313135
ISIC_0035875.jpg,benign,benign,0.9466203800297706
ISIC_0035877.jpg,malignant,benign,0.8271368844656423
ISIC_0035879.jpg,benign,malignant,0.40272602913884264
ISIC_0035880.jpg,benign,benign,0.9025280312777666
ISIC_0035883.jpg,benign,benign,0.9164758758699385
ISIC_0035884.jpg,benign,malignant,0.30558720235454584
ISIC_0035885.jpg,benign,benign,0.8750067655259165
ISIC_0035886.jpg,benign,benign,0.7790398446458269
ISIC_0035887.jpg,malignant,malignant,0.5892986118802439
ISIC_0035888.jpg,malignant,benign,0.8240501254773147
ISIC_0035889.jpg,malignant,malignant,0.3488509001359252
ISIC_0035891.jpg,benign,benign,0.9704751336851041
ISIC_0035892.jpg,benign,benign,0.8168401200247034
ISIC_0035893.jpg,benign,benign,0.9731256364621474
ISIC_0035894.jpg,malignant,malignant,0.9588342155793258
ISIC_0035895.jpg,benign,benign,0.7388769730803618
ISIC_0035896.jpg,benign,benign,0.9468190207611578
ISIC_0035897.jpg,benign,benign,0.9304443309589092
ISIC_0035898.jpg,benign,benign,0.9815701511748642
ISIC_0035900.jpg,malignant,malignant,0.9463208631125491
ISIC_0035902.jpg,malignant,malignant,0.7859174067728665
ISIC_0035903.jpg,benign,malignant,0.28585669120680535
ISIC_0035906.jpg,benign,benign,0.8386068544087204
ISIC_0035907.jpg,benign,benign,0.8223093107716931
ISIC_0035909.jpg,benign,benign,0.981836882877988
ISIC_0035911.jpg,malignant,malignant,0.6038043658524893
ISIC_0035912.jpg,benign,benign,0.969530260856972
ISIC_0035913.jpg,malignant,malignant,0.3073455256480033
ISIC_0035914.jpg,malignant,malignant,0.9019130953963477
ISIC_0035916.jpg,benign,benign,0.8999639643260404
ISIC_0035920.jpg,malignant,malignant,0.2980783132489979
ISIC_0035921.jpg,benign,benign,0.8267766922589874
ISIC_0035922.jpg,malignant,malignant,0.9501969748493958
ISIC_0035923.jpg,malignant,malignant,0.8349457187619133
ISIC_0035924.jpg,benign,benign,0.9396802871421864
ISIC_0035927.jpg,benign,benign,0.9244163645687287
ISIC_0035928.jpg,benign,benign,0.7327080680435719
ISIC_0035929.jpg,malignant,benign,0.9594931392082069
ISIC_0035930.jpg,benign,malignant,0.627502690487846
ISIC_0035934.jpg,malignant,benign,0.8379379570939335
ISIC_0035935.jpg,benign,malignant,0.3825623351425687
ISIC_0035936.jpg,benign,benign,0.9574746011603086
ISIC_0035938.jpg,malignant,benign,0.9421168266981913
ISIC_0035939.jpg,benign,malignant,0.3490765182320639
ISIC_0035941.jpg,benign,benign,0.9417109220234499
ISIC_0035943.jpg,benign,benign,0.9474780856140921
ISIC_0035945.jpg,benign,benign,0.9165729001456676
ISIC_0035947.jpg,benign,benign,0.9239175653298359
ISIC_0035948.jpg,benign,benign,0.9271259070528265
ISIC_0035951.jpg,benign,benign,0.8537406039446521
ISIC_0035954.jpg,benign,benign,0.8700245794693482
ISIC_0035956.jpg,malignant,malignant,0.7742258998306125
ISIC_0035958.jpg,benign,malignant,0.38383122206367404
ISIC_0035961.jpg,benign,benign,0.9632027772980655
ISIC_0035962.jpg,benign,malignant,0.3760182337109554
ISIC_0035963.jpg,benign,benign,0.9146531728574234
ISIC_0035964.jpg,malignant,benign,0.7695044780633402
ISIC_0035965.jpg,benign,benign,0.8300225642205032
ISIC_0035966.jpg,benign,benign,0.8798290638460798
ISIC_0035967.jpg,benign,benign,0.9375913384898402
ISIC_0035968.jpg,malignant,malignant,0.6118132054245239
ISIC_0035969.jpg,benign,benign,0.8687432637486103
ISIC_0035970.jpg,benign,benign,0.9613822561234876
ISIC_0035971.jpg,benign,malignant,0.5591440418863054
ISIC_0035972.jpg,benign,malignant,0.6407605793591388
ISIC_0035973.jpg,benign,malignant,0.6830523348729756
ISIC_0035974.jpg,benign,benign,0.9542838340512174
ISIC_0035975.jpg,benign,benign,0.9365698038637822
ISIC_0035978.jpg,benign,benign,0.930825867289753
ISIC_0035979.jpg,benign,benign,0.9918250409313885
ISIC_0035980.jpg,benign,malignant,0.29959932439772824
ISIC_0035981.jpg,benign,malignant,0.44810022271116073
ISIC_0035983.jpg,benign,benign,0.8889243235699621
ISIC_0035984.jpg,benign,malignant,0.578720568558199
ISIC_0035985.jpg,benign,benign,0.9829924882181084
ISIC_0035986.jpg,malignant,malignant,0.44733921768789225
ISIC_0035987.jpg,benign,benign,0.9387104175185786
ISIC_0035988.jpg,benign,benign,0.9681773057773216
ISIC_0035989.jpg,benign,malignant,0.5
ISIC_0035990.jpg,benign,benign,0.9166107970716746
ISIC_0035991.jpg,benign,benign,0.8331303490321642
ISIC_0035992.jpg,malignant,benign,0.7506271060852764
ISIC_0035994.jpg,benign,benign,0.7518643519149542
ISIC_0035995.jpg,benign,benign,0.9523199176434342
ISIC_0035997.jpg,malignant,malignant,0.2835603556787041
ISIC_0035998.jpg,benign,benign,0.9547784706076127
ISIC_0035999.jpg,benign,benign,0.9962005765911871
ISIC_0036001.jpg,benign,benign,0.9757390063531833
ISIC_0036005.jpg,malignant,benign,0.8840882106613377
ISIC_0036010.jpg,benign,malignant,0.39276512208160286
ISIC_0036012.jpg,malignant,malignant,0.6626231946324351
ISIC_0036013.jpg,benign,benign,0.8506138065424805
ISIC_0036014.jpg,benign,benign,0.9773406136713125
ISIC_0036017.jpg,benign,benign,0.9192864069716566
ISIC_0036020.jpg,benign,benign,0.9672246454213689
ISIC_0036024.jpg,benign,benign,0.8247316047414905
ISIC_0036026.jpg,malignant,malignant,0.9625489217096442
ISIC_0036027.jpg,benign,benign,0.9475942493446416
ISIC_0036028.jpg,benign,benign,0.8420507771528642
ISIC_0036029.jpg,malignant,malignant,0.3968324885147128
ISIC_0036030.jpg,benign,benign,0.9511599724542608
ISIC_0036033.jpg,benign,benign,0.9311169698263015
ISIC_0036034.jpg,malignant,benign,0.7381529068610396
ISIC_0036036.jpg,benign,benign,0.8512935540632061
ISIC_0036037.jpg,benign,benign,0.7848317244609602
ISIC_0036038.jpg,benign,benign,0.783081100086313
ISIC_0036039.jpg,benign,benign,0.927677148851122
ISIC_0036040.jpg,benign,benign,0.8835862377250316
ISIC_0036041.jpg,benign,benign,0.949277068872031
ISIC_0036042.jpg,benign,benign,0.9384451190531312
ISIC_0036044.jpg,benign,benign,0.9403748099244726
ISIC_0036045.jpg,benign,benign,0.9573840588427899
ISIC_0036046.jpg,benign,benign,0.9661808300269122
ISIC_0036047.jpg,benign,benign,0.9778476413390693
ISIC_0036048.jpg,benign,benign,0.8684651672981031
ISIC_0036049.jpg,benign,benign,0.89770176918721
ISIC_0036051.jpg,malignant,malignant,0.5293051901824952
ISIC_0036052.jpg,benign,benign,0.9370447044962732
ISIC_0036054.jpg,benign,benign,0.7780466578338492
ISIC_0036055.jpg,benign,benign,0.9615461008694297
ISIC_0036056.jpg,malignant,malignant,0.7777617023652066
ISIC_0036057.jpg,malignant,malignant,0.30605528492426887
ISIC_0036058.jpg,benign,benign,0.8258631274939106
ISIC_0036059.jpg,benign,benign,0.9617573539197323
ISIC_0036061.jpg,benign,benign,0.9232258950235587
ISIC_2061976.jpg,benign,benign,0.7972872364269219
ISIC_1645097.jpg,malignant,malignant,0.6429984989779944
ISIC_6367358.jpg,malignant,malignant,0.6140901885059282
ISIC_6784337.jpg,malignant,malignant,0.7674666941812237
ISIC_1105887.jpg,malignant,benign,0.8771051219226368
ISIC_5990594.jpg,malignant,malignant,0.7489017335067868
ISIC_6399573.jpg,malignant,malignant,0.8834819498750311
ISIC_3832733.jpg,malignant,benign,0.8031398381784636
ISIC_8638329.jpg,benign,benign,0.9753802534059824
ISIC_4843324.jpg,malignant,benign,0.760081411936173
ISIC_4791649.jpg,benign,benign,0.9808448098075292
ISIC_9941636.jpg,malignant,malignant,0.48112756006527463
ISIC_5820839.jpg,benign,benign,0.9273671757275744
ISIC_1246526.jpg,malignant,malignant,0.6735998398392096
ISIC_9127831.jpg,malignant,malignant,0.697800387263848
ISIC_6168000.jpg,benign,benign,0.8840154115032156
ISIC_7765155.jpg,benign,malignant,0.3207590996523141
ISIC_0905720.jpg,benign,malignant,0.38377633429347424
ISIC_4511541.jpg,benign,malignant,0.43493966280532936
ISIC_6923107.jpg,benign,benign,0.9724139413730334
ISIC_4840630.jpg,benign,malignant,0.35568666549577416
ISIC_1467892.jpg,benign,benign,0.8412465913381368
ISIC_9972649.jpg,malignant,malignant,0.6515354502724665
ISIC_3744161.jpg,malignant,malignant,0.7346984861580059
ISIC_4335526.jpg,benign,benign,0.8063290832458998
ISIC_9000489.jpg,benign,malignant,0.2788675763320937
ISIC_4586629.jpg,malignant,malignant,0.32008433752035054
ISIC_7530668.jpg,benign,benign,0.9179013657952072
ISIC_0822843.jpg,benign,benign,0.8701746344692262
ISIC_8866387.jpg,benign,malignant,0.7994838483690727
ISIC_4543581.jpg,benign,benign,0.9621431450467228
ISIC_4023678.jpg,malignant,benign,0.8188213851138089
ISIC_6303907.jpg,benign,benign,0.8776972290171059
ISIC_4620217.jpg,malignant,malignant,0.7609538926947534
ISIC_0321944.jpg,malignant,benign,0.9098526573549253
ISIC_2411589.jpg,benign,benign,0.8770624938112406
ISIC_7878308.jpg,benign,malignant,0.6569025101873361
ISIC_4425681.jpg,malignant,malignant,0.6051789898016856
ISIC_0157465.jpg,benign,benign,0.8772625027416517
ISIC_4867539.jpg,malignant,benign,0.7646317209446183
ISIC_5206103.jpg,malignant,malignant,0.42563495689107644
ISIC_4064127.jpg,benign,benign,0.9417980545824111
ISIC_8546843.jpg,malignant,malignant,0.819430806094628
ISIC_6149388.jpg,malignant,benign,0.8835762339096896
ISIC_7496552.jpg,benign,benign,0.9470913146879689
ISIC_2358370.jpg,benign,malignant,0.45112500744434286
ISIC_9859545.jpg,benign,benign,0.9494197049229193
ISIC_0467830.jpg,malignant,malignant,0.42285144974062566
ISIC_0415769.jpg,benign,benign,0.9764632360500178
ISIC_2977188.jpg,benign,benign,0.8762377556414321
ISIC_7611157.jpg,benign,benign,0.9379458759384989
ISIC_7254126.jpg,benign,benign,0.9372768792397648
ISIC_3581982.jpg,malignant,benign,0.7681856622625043
ISIC_1563382.jpg,benign,benign,0.9878788345723832
ISIC_6763419.jpg,benign,benign,0.971382576102739
ISIC_5672303.jpg,benign,malignant,0.46423106092518196
ISIC_6269100.jpg,malignant,malignant,0.611295787726646
ISIC_7660464.jpg,benign,benign,0.8798906260350912
ISIC_3777678.jpg,benign,malignant,0.3635106093870801
ISIC_0698589.jpg,benign,benign,0.9645348664391505
ISIC_4272793.jpg,benign,malignant,0.2804722569952283
ISIC_6389793.jpg,benign,benign,0.9921287122663103
ISIC_8966407.jpg,malignant,malignant,0.954199367934298
ISIC_9912548.jpg,benign,benign,0.7624933735419019
ISIC_1969370.jpg,benign,malignant,0.66878070184349
ISIC_7140852.jpg,benign,benign,0.9707327960452121
ISIC_0793445.jpg,malignant,malignant,0.956858479854393
ISIC_5668296.jpg,benign,benign,0.7883104824835537
ISIC_6095295.jpg,malignant,benign,0.8745504283779865
ISIC_3159183.jpg,benign,benign,0.8640241834596627
ISIC_9019695.jpg,benign,malignant,0.28261879363831965
ISIC_1662809.jpg,malignant,benign,0.7252694052425438
ISIC_9504403.jpg,benign,malignant,0.42351308245152514
ISIC_2346081.jpg,malignant,benign,0.7238752801562225
ISIC_8929221.jpg,benign,malignant,0.33109630054452666
ISIC_2329180.jpg,benign,benign,0.7311008916185071
ISIC_8662001.jpg,malignant,benign,0.7884889276400906
ISIC_3955939.jpg,benign,benign,0.9756738742838957
ISIC_3721080.jpg,malignant,malignant,0.4693667229592131
ISIC_1365846.jpg,benign,benign,0.8618192728577083
ISIC_0328731.jpg,benign,benign,0.8463113253145382
ISIC_5939568.jpg,benign,benign,0.7433567210161371
ISIC_4384129.jpg,malignant,malignant,0.8402751058224905
ISIC_0994345.jpg,benign,benign,0.9159999159339065
ISIC_4112120.jpg,benign,benign,0.9650453985817973
ISIC_1376941.jpg,benign,benign,0.7445667409142301
ISIC_1418706.jpg,benign,benign,0.9282811910724837
ISIC_2235682.jpg,malignant,benign,0.7804337764372697
ISIC_0104229.jpg,malignant,malignant,0.7653215202680222
ISIC_1396065.jpg,benign,malignant,0.521820745555129
ISIC_4856683.jpg,benign,malignant,0.4827363242479109
ISIC_9153490.jpg,benign,benign,0.8843246573693053
ISIC_8039893.jpg,benign,benign,0.9155224778937759
ISIC_1790470.jpg,benign,benign,0.945243910123156
ISIC_9452490.jpg,malignant,benign,0.9082529115204268
ISIC_7235721.jpg,malignant,malignant,0.3572475017114598
ISIC_7474544.jpg,benign,malignant,0.7231290787648408
ISIC_6798316.jpg,malignant,malignant,0.705204060565159
ISIC_2581432.jpg,malignant,malignant,0.29480430068750696
ISIC_3615873.jpg,benign,benign,0.9408805118259514
ISIC_7417402.jpg,malignant,malignant,0.9055421037367946
ISIC_5035285.jpg,benign,benign,0.9238759131807812
ISIC_6242031.jpg,malignant,malignant,0.9389694386967042
ISIC_1216673.jpg,benign,benign,0.8641604395318937
ISIC_8568371.jpg,benign,malignant,0.36692831585964714
ISIC_8080250.jpg,malignant,benign,0.861738249410104
ISIC_0967587.jpg,benign,benign,0.8880052557425933
ISIC_9830559.jpg,benign,malignant,0.5193196787089494
ISIC_1211710.jpg,malignant,malignant,0.668599399350786
ISIC_2857123.jpg,malignant,malignant,0.6944373661210338
ISIC_4853631.jpg,benign,benign,0.7544051606681104
ISIC_2887867.jpg,benign,benign,0.9859984832921396
ISIC_4806646.jpg,benign,benign,0.9419968995263555
ISIC_3190920.jpg,malignant,malignant,0.6249356904277263
ISIC_3631780.jpg,malignant,malignant,0.8447500749234503
ISIC_7144229.jpg,benign,benign,0.923475855105924
ISIC_6998510.jpg,benign,benign,0.8496680353673808
ISIC_4527534.jpg,benign,malignant,0.3405943967862449
ISIC_6553846.jpg,malignant,malignant,0.35217269029114767
ISIC_8321085.jpg,benign,benign,0.8810868260690438
ISIC_0406160.jpg,benign,benign,0.920353846440983
ISIC_1512054.jpg,benign,benign,0.8650896031072725
ISIC_8336318.jpg,malignant,malignant,0.538020040492372
ISIC_7538059.jpg,malignant,malignant,0.6168159121533742
ISIC_7687199.jpg,benign,benign,0.8891141198271849
ISIC_6334282.jpg,malignant,malignant,0.8581767213184062
ISIC_7733134.jpg,benign,benign,0.799578109862577
ISIC_5532418.jpg,benign,malignant,0.2835996351680468
ISIC_2266220.jpg,benign,benign,0.7393578928360308
ISIC_9168295.jpg,benign,benign,0.9150301890615101
ISIC_2043443.jpg,malignant,malignant,0.8014849595174114
ISIC_5011827.jpg,benign,malignant,0.6783034930309686
ISIC_5956582.jpg,malignant,benign,0.8961090022444262
ISIC_0995119.jpg,benign,benign,0.9738335159758842
ISIC_6424909.jpg,malignant,malignant,0.7063542769424178
ISIC_5366444.jpg,malignant,malignant,0.9043484956270605
ISIC_9413613.jpg,benign,benign,0.9398926551841829
ISIC_7959932.jpg,benign,benign,0.9854779222983251
ISIC_2577098.jpg,malignant,benign,0.7602302706741837
ISIC_1274177.jpg,benign,malignant,0.8103449803063517
ISIC_7105211.jpg,malignant,malignant,0.388552002681518
ISIC_1735538.jpg,benign,benign,0.9945354721942862
ISIC_7646845.jpg,benign,benign,0.9574677403745934
ISIC_2364514.jpg,malignant,malignant,0.7795216955675707
ISIC_6294286.jpg,malignant,malignant,0.7892307065694637
ISIC_9096346.jpg,benign,benign,0.8062250604446903
ISIC_9767196.jpg,benign,benign,0.8966463699783818
ISIC_3229915.jpg,benign,benign,0.8347514213027267
ISIC_9702543.jpg,benign,malignant,0.45807718163868527
ISIC_2620684.jpg,malignant,malignant,0.37566767032339976
PAT_74_112_729.png,malignant,malignant,0.9567465714254667
PAT_1978_4004_82.png,benign,benign,0.9019508785794713
PAT_397_797_638.png,malignant,malignant,0.8804879107522002
PAT_572_1086_130.png,malignant,malignant,0.9674333070491234
PAT_701_1321_156.png,benign,malignant,0.5558099930412707
PAT_2142_4733_13.png,benign,malignant,0.6808581739445633
PAT_1708_3157_518.png,benign,malignant,0.9362183670333776
PAT_630_1196_710.png,malignant,malignant,0.8281581166384084
PAT_382_776_986.png,malignant,malignant,0.8144555561891121
PAT_1089_375_60.png,benign,benign,0.8684813174325772
PAT_1326_1156_783.png,benign,malignant,0.40508329555043987
PAT_936_1772_886.png,malignant,malignant,0.8086936142254578
PAT_478_916_806.png,malignant,malignant,0.8901720584891116
PAT_183_283_495.png,malignant,malignant,0.921329433874126
PAT_885_1687_204.png,malignant,malignant,0.8411433578571819
PAT_1252_866_852.png,benign,benign,0.7800698913983999
PAT_1349_1229_828.png,benign,benign,0.9232819889194542
PAT_1881_3717_785.png,benign,benign,0.8018807586345208
PAT_361_1568_456.png,malignant,malignant,0.9872884489063367
PAT_837_1583_124.png,malignant,malignant,0.9360243150324069
PAT_801_1518_78.png,malignant,benign,0.740785413804839
PAT_1694_3110_213.png,benign,benign,0.9686456167272396
PAT_715_1339_508.png,benign,malignant,0.8813033833040336
PAT_876_1665_569.png,malignant,malignant,0.9438627764058157
PAT_467_904_235.png,malignant,malignant,0.7513124915263769
PAT_1451_1562_545.png,benign,benign,0.8878109590252529
PAT_1770_3344_274.png,benign,malignant,0.6023474135940298
PAT_456_888_961.png,malignant,malignant,0.5635265290617811
PAT_430_847_315.png,malignant,malignant,0.9268690267986472
PAT_1245_844_471.png,benign,malignant,0.4742500344400509
PAT_810_1526_67.png,malignant,malignant,0.7270143422489235
PAT_858_1632_977.png,malignant,malignant,0.8763723057980748
PAT_1971_3984_534.png,benign,malignant,0.6772970205644919
PAT_149_221_679.png,malignant,malignant,0.9501596240834992
PAT_756_1495_858.png,benign,benign,0.845133653856698
PAT_8_15_820.png,malignant,malignant,0.9354056220590609
PAT_340_714_68.png,malignant,malignant,0.6480844006667187
PAT_679_1286_933.png,malignant,malignant,0.7029415475103704
PAT_89_135_11.png,malignant,malignant,0.5317684041957497
PAT_699_1320_901.png,malignant,malignant,0.8120770951783847
PAT_338_709_306.png,malignant,malignant,0.8939629976549903
PAT_547_1033_911.png,malignant,malignant,0.8587011196172875
PAT_945_1796_583.png,malignant,malignant,0.8411889711837012
PAT_962_1823_942.png,malignant,malignant,0.9258763307317844
PAT_891_1701_36.png,malignant,malignant,0.6838047739186145
PAT_206_312_595.png,malignant,malignant,0.8391426706662989
PAT_243_372_640.png,malignant,malignant,0.3017607176272952
PAT_164_255_130.png,malignant,malignant,0.9294132154921161
PAT_759_1538_566.png,malignant,malignant,0.8287567024739435
PAT_456_887_499.png,malignant,malignant,0.5481176266578047
PAT_806_1520_708.png,malignant,malignant,0.803883812321244
PAT_904_1736_851.png,malignant,malignant,0.9581327923311354
PAT_193_297_295.png,malignant,malignant,0.9304967086341429
PAT_204_310_975.png,malignant,malignant,0.8724184812326646
PAT_147_219_206.png,malignant,malignant,0.8290539630099691
PAT_1350_1230_925.png,benign,malignant,0.7811599069045506
PAT_510_959_174.png,malignant,malignant,0.9727793310423254
PAT_494_939_518.png,malignant,malignant,0.7779704522927302
PAT_736_1392_562.png,malignant,malignant,0.8309178780882778
PAT_142_210_904.png,malignant,malignant,0.958621012119258
PAT_272_420_10.png,malignant,malignant,0.8965336398086479
PAT_705_1326_82.png,malignant,malignant,0.9013363792836271
PAT_918_1742_456.png,malignant,malignant,0.911190212256593
PAT_545_1029_650.png,malignant,malignant,0.8243838399414838
PAT_267_412_275.png,malignant,malignant,0.8214793682420712
PAT_146_217_187.png,malignant,malignant,0.944287317445611
PAT_435_854_68.png,malignant,malignant,0.8961640082702974
PAT_36_49_935.png,malignant,malignant,0.661157575298048
PAT_972_1843_756.png,malignant,malignant,0.9192078561475345
PAT_486_929_317.png,malignant,malignant,0.5853406848579455
PAT_357_737_77.png,malignant,malignant,0.9609809296548437
PAT_419_2768_910.png,benign,malignant,0.8060732883714593
PAT_1350_1230_878.png,benign,benign,0.8572282814274126
PAT_319_680_166.png,malignant,malignant,0.6791944566445701
PAT_165_256_460.png,malignant,malignant,0.5966110778976371
PAT_1946_3924_627.png,benign,benign,0.788462333701733
PAT_677_1349_851.png,malignant,malignant,0.9209352398461831
PAT_325_689_528.png,malignant,malignant,0.8660860786609829
PAT_419_833_148.png,malignant,malignant,0.9010667680918111
PAT_1008_59_297.png,benign,malignant,0.756272158359771
PAT_288_441_312.png,malignant,malignant,0.9042724957815016
PAT_131_197_260.png,malignant,malignant,0.9358356349315142
PAT_216_331_678.png,malignant,malignant,0.8632622150071386
PAT_844_1605_308.png,malignant,malignant,0.599401464004899
PAT_551_1047_567.png,malignant,malignant,0.9226247089316637
PAT_837_1584_745.png,malignant,malignant,0.8699329994150939
PAT_314_672_909.png,malignant,malignant,0.5416414855606304
PAT_99_153_636.png,malignant,malignant,0.94499980361135
PAT_689_1306_772.png,malignant,malignant,0.6257786385084383
PAT_730_1383_535.png,malignant,malignant,0.9364711506015095
PAT_1721_3219_737.png,benign,malignant,0.6482130255979807
PAT_482_924_134.png,malignant,benign,0.8013910299868453
PAT_1636_2869_595.png,benign,malignant,0.8168492586108985
PAT_527_1360_225.png,malignant,malignant,0.8723784947454446
PAT_1364_1246_143.png,benign,benign,0.9867765092397343
PAT_1109_436_141.png,benign,benign,0.9986760234577025
PAT_1186_680_578.png,benign,benign,0.8518993668704158
PAT_406_808_975.png,malignant,malignant,0.8600547218541733
PAT_841_1603_667.png,malignant,malignant,0.7179890106726784
PAT_311_667_416.png,malignant,malignant,0.6050034416673011
PAT_87_133_159.png,benign,benign,0.7554112683570321
PAT_993_1865_559.png,malignant,malignant,0.9324146987186845
PAT_601_1147_943.png,malignant,malignant,0.6633825205085112
PAT_377_768_643.png,malignant,malignant,0.880587965070616
PAT_242_369_930.png,malignant,malignant,0.8124201902388236
PAT_251_382_576.png,malignant,malignant,0.7502190450424998
PAT_1731_3237_919.png,benign,malignant,0.3354110640962344
PAT_613_1164_827.png,malignant,malignant,0.7429207712415463
PAT_789_1483_793.png,malignant,malignant,0.7561316606343971
PAT_978_1844_715.png,malignant,malignant,0.6773507994788716
PAT_2161_4818_501.png,benign,benign,0.8816525965702975
PAT_324_1465_43.png,malignant,malignant,0.7710411711516565
PAT_1658_2933_322.png,benign,benign,0.9034811183632825
PAT_1904_3794_215.png,benign,benign,0.7884857008761026
PAT_1730_3236_201.png,benign,benign,0.9889204641361686
PAT_974_1841_693.png,malignant,malignant,0.9071676086140826
PAT_1942_3915_388.png,benign,malignant,0.8859503327637155
PAT_315_673_227.png,malignant,malignant,0.8129544454670167
PAT_814_1532_545.png,malignant,malignant,0.9150813023274552
PAT_544_3299_671.png,benign,malignant,0.30117984686497207
PAT_535_1011_567.png,malignant,malignant,0.8848284422694472
PAT_270_417_257.png,malignant,malignant,0.8687886013092199
PAT_1801_3461_351.png,benign,malignant,0.6200269490704536
PAT_50_76_296.png,malignant,malignant,0.8972653932786111
PAT_267_1062_418.png,malignant,malignant,0.9570667312958306
PAT_2162_4820_913.png,benign,benign,0.9540093417303048
PAT_649_1233_229.png,benign,benign,0.7294184262053443
PAT_395_795_43.png,malignant,malignant,0.8618645690307388
PAT_275_424_966.png,malignant,benign,0.758669168179203
PAT_756_1496_599.png,benign,benign,0.9496752287966949
PAT_115_175_283.png,malignant,malignant,0.9135892016492532
PAT_171_265_757.png,malignant,malignant,0.9632414610356609
PAT_711_1334_480.png,malignant,malignant,0.8787124203858395
PAT_514_968_269.png,malignant,malignant,0.6782414206075803
PAT_40_56_499.png,malignant,malignant,0.8647219186890334
PAT_720_1362_700.png,malignant,malignant,0.8635232754233417
PAT_191_293_314.png,malignant,malignant,0.7681899500764093
PAT_1944_3921_281.png,benign,malignant,0.5444973321810261
PAT_520_983_221.png,malignant,malignant,0.9017188573036244
PAT_467_904_776.png,malignant,malignant,0.665352128657588
PAT_1494_1707_125.png,benign,malignant,0.8418404612109534
PAT_320_681_410.png,malignant,malignant,0.45814083940159406
PAT_687_1304_898.png,malignant,malignant,0.8733702136559296
PAT_155_240_211.png,malignant,malignant,0.689613411120485
PAT_158_243_947.png,malignant,malignant,0.9399047877826773
PAT_860_1641_440.png,malignant,malignant,0.6340029695600871
PAT_683_1296_237.png,malignant,malignant,0.7185502139037371
PAT_441_861_415.png,malignant,malignant,0.5592362144360451
PAT_1418_1448_307.png,benign,malignant,0.8540958131300229
PAT_198_853_778.png,benign,malignant,0.6724596707166132
PAT_834_1574_397.png,malignant,malignant,0.8315488010377942
PAT_160_248_254.png,malignant,malignant,0.9155760121986135
PAT_1331_1173_380.png,benign,benign,0.8568805107589015
PAT_281_1517_293.png,benign,malignant,0.8053606844074113
PAT_465_901_627.png,benign,benign,0.967021077148799
PAT_678_1287_652.png,malignant,malignant,0.9205230817986642
PAT_981_1848_486.png,malignant,malignant,0.8661671358467935
PAT_894_1679_640.png,malignant,malignant,0.42590040250835465
PAT_1569_2456_393.png,benign,malignant,0.7619686899510604
PAT_2088_4525_507.png,benign,benign,0.9935734543914477
PAT_950_1804_64.png,malignant,malignant,0.9361776929192779
PAT_632_1206_634.png,malignant,malignant,0.8308184178388547
PAT_770_1451_136.png,malignant,malignant,0.8374232764324795
PAT_523_988_851.png,malignant,malignant,0.8528477462911201
PAT_624_1180_803.png,malignant,malignant,0.8873545670304056
PAT_645_1223_443.png,malignant,malignant,0.8132622724395138
PAT_115_1138_870.png,malignant,malignant,0.8194412700596013
PAT_605_1152_536.png,malignant,malignant,0.7911584889663384
PAT_682_1292_986.png,malignant,malignant,0.2812680667693481
PAT_190_291_366.png,malignant,malignant,0.990971510172754
PAT_139_207_342.png,malignant,malignant,0.9290028098529386
PAT_761_1435_561.png,malignant,malignant,0.8418770771286391
PAT_962_1823_857.png,malignant,malignant,0.8725030642984941
PAT_191_294_629.png,malignant,malignant,0.9656256056139668
PAT_191_294_419.png,malignant,malignant,0.9746223770950224
PAT_636_1204_666.png,malignant,malignant,0.8215014318972761
PAT_905_1721_327.png,malignant,malignant,0.6763436812477105
PAT_161_250_197.png,malignant,malignant,0.9220609031331934
PAT_337_706_254.png,malignant,malignant,0.8287192049779333
PAT_426_842_458.png,malignant,malignant,0.7955116897923425
PAT_924_1757_704.png,malignant,malignant,0.5423572022616294
PAT_935_1781_920.png,malignant,malignant,0.8712023219388584
PAT_838_1585_282.png,malignant,malignant,0.6404214874787834
PAT_980_1851_351.png,malignant,malignant,0.9136991771922759
PAT_423_839_717.png,malignant,malignant,0.8127803167063437
PAT_255_388_77.png,malignant,malignant,0.6839571373473026
PAT_486_929_274.png,malignant,malignant,0.5439386849644002
PAT_178_276_465.png,malignant,malignant,0.9494538682717554
PAT_645_1224_768.png,malignant,malignant,0.8579119901854826
PAT_920_1747_19.png,malignant,malignant,0.9199609570697228
PAT_271_418_92.png,malignant,malignant,0.7802438483483665
PAT_954_1808_415.png,malignant,malignant,0.9057413451959374
PAT_406_1542_754.png,malignant,malignant,0.6085061774068827
PAT_887_1688_436.png,malignant,malignant,0.7765309175677694
PAT_62_97_868.png,malignant,malignant,0.8939880422181022
PAT_1305_4097_251.png,benign,benign,0.7960805647100404
PAT_611_1158_156.png,malignant,malignant,0.8368921213661918
PAT_185_285_862.png,malignant,malignant,0.8720094593026129
PAT_856_1626_523.png,malignant,malignant,0.7613401054070605
PAT_1273_952_89.png,benign,benign,0.9377561051049967
PAT_1731_3237_197.png,benign,benign,0.7422200262795936
dc2fabd3-d0b3-4f97-9422-1689f0cc8ead.png,malignant,malignant,0.4449474701999078
a7f11865-a615-45c8-ba1d-af3210a9aeb8.png,benign,benign,0.9698554040985483
80cf5ca4-17a0-45f5-8d88-6068792975d9.png,benign,malignant,0.28767632376609387
b0a1a9ff-4676-409d-9da5-c767d4d249b0.png,benign,benign,0.7689788103111993
e791bcdf-f49e-4a70-b78f-9593ed8426c3.png,benign,benign,0.8309756115862834
813cf123-3bde-4bd4-84e9-8c5c204effa3.png,malignant,malignant,0.683252613624046
c49d8702-68d5-4006-a7cc-998af2fc6557.png,benign,benign,0.9308356926995287
7f05cc46-0798-4e91-af66-fe87837b7f67.png,benign,benign,0.9342135632669412
d93cb6a1-862e-41d0-ab51-cc69e7969f58.png,malignant,malignant,0.6493793538265846
2361ca88-5c90-4e2c-a6ab-fdb3585a98b9.png,benign,benign,0.8416142679918939
ed3dd40a-0743-4440-8375-817558dd429a.png,benign,benign,0.7787602831450138
9c7289a0-fd78-41d0-96e5-6998acee595f.png,benign,malignant,0.30517884085369473
e47d887e-aa21-40a8-b772-10792a3805a1.png,malignant,benign,0.8838885067550474
d199a863-4f8a-4a28-9638-e5655bb8cefa.png,malignant,malignant,0.7717760020896121
52a3bfda-8358-436d-86b7-66f9d326b09b.png,benign,malignant,0.8527213735655117
7d270825-30de-4f78-9269-949c3270abd6.png,benign,malignant,0.5749629484999942
d8f39a2b-6d8b-4900-888a-5e4c3ed8e5fa.png,malignant,malignant,0.3620949487810632
0e8b3967-78a6-4ef1-90bc-2fd80c257e2e.png,malignant,malignant,0.8396166301848474
62cf61c7-4b2b-452a-8207-1d24ff3c92b0.png,malignant,malignant,0.893331409746328
22a8064a-4411-422b-a0c0-1d629d9007ab.png,malignant,malignant,0.945021557758631
21e5fbe1-823c-4d10-bf29-1488154352be.png,malignant,malignant,0.9551339056581707
6670e267-f5cc-42ab-abdb-6dd791ca5269.png,benign,benign,0.9774211116874107
f28264fd-20e8-4498-acf6-3b605fe088bc.png,malignant,malignant,0.9516192131969374
f015f556-e4cb-4a6f-9af3-388b878c0560.png,benign,malignant,0.9237491484305483
0e81889b-56f6-467e-a7eb-a9b1f6619ed7.png,malignant,malignant,0.7688172375318431
bd9d4044-1e8e-46ba-82bf-88c303418629.png,malignant,malignant,0.9401990648906988
f38393e7-1f2f-4938-aed4-0d105cd77b0d.png,malignant,malignant,0.6489669766568393
dc6577bb-e46a-4054-8204-3b254d5aeede.png,benign,benign,0.9219471587952409
1f9f2c0f-a1b1-4bdb-b58c-cd6e3a07d0d7.png,benign,benign,0.9901303240344232
31c41cce-fca2-4ad7-be41-6d57d6333f72.png,benign,malignant,0.7305535820006644
64e3b54c-2625-4f35-8a05-7634eb2a013e.png,benign,benign,0.9698619175592197
e3045002-cdca-44e0-938c-7652d8dca133.png,malignant,benign,0.7951398862640422
adc4afac-84d0-4444-9e13-67211bb8c3aa.png,benign,malignant,0.8332922836650745
bd05c5cf-20cc-484c-b318-1fbc73f6d241.png,malignant,malignant,0.42382965955860524
520d14bd-54dd-453d-a712-632dc74923e3.png,benign,malignant,0.9443980709939271
fd936f26-eb98-45cf-8e45-68f52a81cc24.png,malignant,malignant,0.36518863453579364
296b2aa3-1167-46db-8e2f-a0abfea3ca7e.png,malignant,malignant,0.7198823695484278
12bb071b-3e9f-4079-97cc-38befde82ba9.png,malignant,benign,0.8411662117677688
6ddb3cad-d034-4700-9652-671141806388.png,benign,benign,0.8519616030524021
c350d1cb-dfa2-4b42-81d6-665354705a0c.png,malignant,benign,0.9233881237723556
98450561-8fa1-471b-ba66-3ad407e5c235.png,malignant,malignant,0.7335208921326049
efe79beb-a72b-4455-8206-6a83bac6393c.png,benign,benign,0.9500654253036536
7d058cc7-e82f-4c5d-a3e1-cbc103e31e06.png,malignant,malignant,0.8625460997406271
6c64d815-ee7e-45e9-8223-65758ce55454.png,malignant,malignant,0.9290163679086338
6b97582b-1b95-4336-a513-dcfd13c5559e.png,malignant,malignant,0.9241397064293668
f3e3ed27-aa54-4ed5-97be-9e0fba8cdbed.png,malignant,malignant,0.9101425832525397
7fe050e5-499c-464d-ad87-c23254e16af0.png,benign,malignant,0.9137223383893359
0d099994-2407-4897-bcdd-5bb0c26be310.png,malignant,malignant,0.5086319804157067
95cddf39-8896-4a6e-b2df-e4039f88481d.png,benign,benign,0.940647685432453
2b97f68d-0bd2-41c4-bb09-bbc7a1b57e13.png,benign,malignant,0.6930072456070964
edf5c784-4cc1-46d5-938c-e287ce7cbabb.png,benign,malignant,0.6655442212323184
8ecc0158-59f6-4110-9afa-277a9ef8e67f.png,benign,benign,0.8658426321123096
c74306b8-5900-4706-b6e0-01cb49a5f8ec.png,benign,malignant,0.34065831643527117
09811c05-6cb0-49ff-ab4c-c3b230c4b720.png,benign,malignant,0.3430905558646616
ab811374-c659-4815-909d-84be8a2d9db6.png,benign,benign,0.9805014888270092
c5cbc9e8-f0a4-46b6-b3f7-b0b480a5f434.png,benign,benign,0.9167867564177592
01fd860c-2501-42b3-98b1-4c885b432648.png,benign,benign,0.9510603456925132
dc791a9d-6ecb-41c3-83f3-14e2bb2d6800.png,malignant,malignant,0.9081612298918829
fc2e631d-ed13-4bee-ab5a-fe18ad068f74.png,malignant,malignant,0.46355984148476065
c443f8c3-c1ed-4936-84b5-e0b73368e550.png,benign,benign,0.8507793178218244
4e781904-b73d-4f79-a980-05685368308f.png,benign,benign,0.9675600664082601
4e79c701-e24c-4f1f-a13d-62acf57b7f91.png,benign,benign,0.8754449074420493
28b73db5-0548-4d46-9250-e957848a1c4b.png,benign,malignant,0.3707298621645583
3acd7d09-7b20-4998-aceb-fc61b3ffe3f3.png,malignant,malignant,0.7117075550437684
14153cdb-95c1-4936-ad88-b3cee231067e.png,benign,benign,0.9005105393776295
b10bfdc7-6a97-4982-855b-53ebe0affc28.png,malignant,malignant,0.5117948915508691
91a74dc3-70c5-47f5-835d-0439ca237a1d.png,malignant,malignant,0.8654686502401825
5e29986f-cc4c-4649-9988-c6aea8fca38b.png,malignant,malignant,0.8104940313595175
d55e2a86-d526-4af5-908c-bd3678961f4b.png,malignant,malignant,0.6922366995144738
b6f5449f-4cb5-4364-8e38-2947080e0e60.png,benign,malignant,0.6463663586535854
1600637c-bdbd-4e17-9099-d20d2317afe9.png,benign,benign,0.9074328839492756
2e4e43b9-da54-492d-a2c3-e10ca00ae5eb.png,benign,malignant,0.3092413242450243
7241c3a8-f409-42e0-9bfc-4e8d8fbe3e93.png,malignant,malignant,0.8709720277372767
e4314b79-e59d-4ad9-bb81-508dd8a10ebd.png,benign,malignant,0.7784383860673489
4d9cf37a-db98-4042-9b7a-29564e17dba1.png,benign,benign,0.9929108026018243
13dac258-d079-489f-b5b0-2121352623c8.png,benign,benign,0.834996129171207
96b097d4-323d-4b8d-8f2a-32b7ae5e3ce2.png,malignant,malignant,0.7640152989452395
26541014-ef95-4ef2-afa4-9b5dd1d0ab63.png,benign,benign,0.9309440835967473
9d772da5-b81e-40c0-a5d7-d61e27b4b6ac.png,malignant,malignant,0.8463825988330071
c8ce8a8a-b3dc-4bf6-ad1b-7e3792f9e1d7.png,malignant,benign,0.8890170277657451
bfd367fa-5fe0-4785-b2f9-1d868189464d.png,benign,benign,0.976707357822682
91378a29-96d9-4c75-b805-af513b9d13e4.png,malignant,malignant,0.8591461001998334
af43a98c-836c-4053-8161-c41e9b0645b4.png,benign,malignant,0.46451500262868634
14f477ce-b53e-4c81-8be8-36c9630d7aa0.png,malignant,malignant,0.8508368895976669
a8b7bfe5-59cc-403a-b71d-273a1b1942b3.png,malignant,benign,0.7709870391037351
424b3f86-446f-418b-b626-958e4ba49333.png,malignant,benign,0.9932332406302469
b1b78c10-e7ae-4a57-b08d-0ffcba8b85d8.png,benign,malignant,0.37463596485930944
15fd4e68-4082-4f2f-b620-7ea5fca047a1.png,malignant,malignant,0.5139656346477733
6eef71cd-d2a9-43c3-961c-3d52af560120.png,benign,malignant,0.7028659827266172
1a1df3a5-f1c0-43eb-a778-c43b258b3e11.png,benign,benign,0.939835338366254
64472f0d-0d55-4574-b1a7-adcb9452ae76.png,malignant,malignant,0.7320619770623435
d7c47153-38c8-488b-a6e2-384ea26c8e78.png,malignant,malignant,0.6488689246867675
022a52d2-9210-46d8-b97d-f9a78790ffc4.png,malignant,malignant,0.90194771121929
01620c44-3cfb-4fcd-a8d9-b6ad991783b0.png,malignant,malignant,0.7824436045506645
7a82e8d5-15e6-42d6-8d43-b35e2158a592.png,malignant,malignant,0.3018910155976673
41fdd74b-a98e-4c59-ae44-a0ff61454422.png,benign,benign,0.9788169058170585
2ba7189e-9ffa-446e-9450-caaca8baffd2.png,malignant,malignant,0.7729730866438103
d53eff88-45fc-42d2-9ef0-7913edb607b3.png,benign,benign,0.9150196410769726
3382f96a-daf0-4b40-83ea-ffb31b3bf187.png,benign,benign,0.9117971494415674
837331ad-9524-4790-b55b-1966d290a0d7.png,benign,malignant,0.6144261520733503
ef4b371a-650a-46bb-ae94-acf74e0a11b5.png,malignant,malignant,0.6452068147756913
50453632-1f97-4cc2-a648-959aa89cdbc1.png,benign,benign,0.9892877064800234
baa1dff7-a39e-4e7e-af94-3232bf0d2813.png,benign,malignant,0.4251764552004396
dddecdcd-4cb5-4ddc-bdc0-cf69506cc5e3.png,benign,benign,0.9908799873427225
ce7fb216-a8fa-4893-a027-293fcff360cb.png,benign,benign,0.8356030801089733
3d7be66f-0abb-424b-a32e-be3d02f365ea.png,malignant,malignant,0.319026451571654
1f5b985a-3b76-4377-9a52-ff6f95fd5155.png,benign,malignant,0.9015029884100022
fc04fb60-3a68-40f1-b3e3-de9f0ac14cdf.png,benign,malignant,0.41835775688001364
0ccea8b5-d45f-4545-ac64-0d589d51d706.png,benign,benign,0.9941255653160701
06c85032-9add-44b7-91f7-5b476bfc3029.png,malignant,malignant,0.7636906215865954
82bd73f2-24fb-4fae-9069-9e9e17a2c256.png,malignant,malignant,0.6584117128537846
714b2567-da40-4647-b42a-31b7032fb606.png,benign,benign,0.9644803025854483
a4075ece-4c7b-4ce4-af5a-0350b59db6e3.png,malignant,malignant,0.7515998629172991
72c233f2-d9fa-4615-832b-1f320b51625c.png,benign,malignant,0.6009688105321624
e08128b6-b8a4-4842-9bf1-36a1c566b8a2.png,benign,benign,0.9262570978772046
96b2a9b2-6340-4735-95a7-2b86d120863e.png,malignant,benign,0.880500777402159
9d4ce1d4-3556-4032-8d19-a0d092ff485b.png,malignant,malignant,0.7270992863102381
0f4d06d5-05ce-4bf5-a15d-b1b7e1527eb1.png,benign,benign,0.7531030110506856
3bc1f6a1-3cd0-43ac-bf8e-3dc2eff7f500.png,benign,malignant,0.49311026384509793
10ed66e0-2b13-4d30-a39a-98751010dc1a.png,malignant,malignant,0.8840302845020803
9c884701-8145-46d5-a48a-9f763bc22e42.png,benign,malignant,0.5589201117810922
49e19636-2eb8-4256-92a4-3b0d991f5593.png,malignant,benign,0.8917184913264483
ef55c005-25ce-4f08-a3dd-a311a3f6ed7d.png,benign,benign,0.8829745429656234
fad1d18f-ee7d-429c-adb1-a4c5fca581db.png,benign,benign,0.7529588273758757
d9ce7199-8f67-4ff6-8131-3cedcaafb0a3.png,malignant,malignant,0.7160913803840876
081daca6-6b2a-49e6-b8ba-4b594c236bc0.png,benign,benign,0.9580912689293742
7d8673f9-73fe-47d3-bf02-c01014e53e38.png,benign,benign,0.9754989176483575
3a0e85ff-7a0b-4b9f-943c-27b2e39c8969.png,malignant,malignant,0.5455325260001027
115b4e4e-c8dc-48f4-8688-8ffe29b342ed.png,benign,benign,0.8133538317442334
0f3cf985-25e3-45a5-83a5-b5c8b4ef22d0.png,benign,benign,0.9652036541663366
61a07909-4196-4624-a9e3-b2f590960267.png,benign,malignant,0.6938431816864501
9bf7768e-ac37-4ad2-aa90-05f4740a5742.png,malignant,malignant,0.6572030821930531
f15a2775-e21a-4100-91f4-80481cc68c00.png,benign,malignant,0.6465865537021049
6890383e-c2fe-44ba-864a-16d121fdccc2.png,malignant,malignant,0.7572672600936416
63e3b4b9-1821-4785-9426-4113e5a20586.png,malignant,malignant,0.8261806485128075
b3268c0d-88a5-46be-8120-b15fbdb33775.png,malignant,malignant,0.5431467028602756
93a6baac-4986-4d6b-b4bd-b9206bfe07ba.png,benign,benign,0.8347282743140763
dd4ddecb-3268-4a4d-8865-a2b027f7a6d2.png,benign,malignant,0.44703974486353754
a0b52142-89e0-452c-8eb2-442b5c1696b2.png,malignant,benign,0.891195388295803
fab3e653-8d75-4027-8608-5690faf34b90.png,malignant,malignant,0.8550946193459688
cdf478cc-c113-4c5c-94b3-0a94b95f719e.png,benign,malignant,0.48082475068288805
79b263f6-bc35-4cf0-8297-ec6e8b082bb4.png,malignant,malignant,0.8021297283246475
7f515d75-65b6-4f4d-bdcb-fdac3242c717.png,malignant,malignant,0.711154139621289
707d57c9-b162-46b2-a19d-d00d1863a444.png,benign,malignant,0.4590570605604258
c347d979-5a84-41ee-a3f6-174e2620c9b8.png,benign,malignant,0.7512555207635483
f0713206-4e1e-45de-9c2e-244a7da9e9cb.png,benign,benign,0.8427430172713655
071d7532-ad69-4176-bdde-6fccd056957a.png,benign,benign,0.7946801906875822
5253d8b3-ef61-4621-aca0-07ca8753f80b.png,benign,benign,0.9357552753326039
f80aa689-afea-4bc8-acc7-23156337dcf4.png,benign,benign,0.9600934013341113
76964f22-9c50-44b7-9a73-61b8c979bff7.png,benign,benign,0.9798984341614632
e31701df-93d4-46fd-b8e4-acb96547ac2c.png,malignant,malignant,0.6795785742196133
788e192b-bfcd-4107-af7b-7e8911bf3c1b.png,malignant,malignant,0.8031488947914267
6692a3b2-9993-45a0-96ef-297966e7fb6c.png,malignant,benign,0.8147525016728664
6b25eb19-4af2-4de3-8518-d39f1cd8d39c.png,malignant,malignant,0.722683342487781
48d67342-a025-4dc2-8db7-535bec8b0a97.png,benign,benign,0.9312162246221959
955354f9-a2e3-4587-90b0-9539f465878b.png,benign,benign,0.953809842022961
3e079d63-6687-4f47-981d-305c5af3be3a.png,benign,benign,0.9884647943966576
98f82416-8b63-490f-b41f-2a644ed3ed65.png,malignant,malignant,0.5362716375465687
710cc059-5722-43c1-b803-4f2e96bc5aa0.png,malignant,benign,0.9096477411716141
b0efb4b5-bd54-4a09-95bb-04743fb2b6a8.png,benign,malignant,0.371463514601096
63aa969b-90d7-47df-a696-5f1a31187cfa.png,malignant,malignant,0.8824702219150229
d9987618-1fa7-4702-b086-f2e28470fabd.png,malignant,malignant,0.9672062198287245
fe146c47-8f74-4308-8a64-db2cdd4eaafe.png,malignant,malignant,0.9083184458527725
c7b8bbea-02c8-4b67-94a6-ff5c4a6e5044.png,benign,malignant,0.895109155009623
6c58e7ef-7a58-4518-921f-8779c8bb7446.png,malignant,malignant,0.5224424669048621
84a34293-fe3c-4b38-bb7e-654232b5d128.png,benign,benign,0.8130070515978984
e4c4e7e4-e028-4edf-9911-7c02b4a6dbbf.png,benign,benign,0.8109142815622895
b1ee3f71-fa64-4bd1-8165-484d9dd734e7.png,malignant,benign,0.7244473571232256
3ae9a7da-5437-4309-b09a-df58d777a586.png,malignant,malignant,0.8589671815226556
648b397b-7abf-4a57-84b3-a37285ff2c90.png,malignant,malignant,0.8396194843577052
1f4d30f1-c6d4-42ec-bf23-54ebabde58bf.png,malignant,malignant,0.8004517283556399
97fc2b62-e464-478c-aad3-a3bac5f1203f.png,benign,benign,0.9622483271198947
055b7a27-50da-4009-992f-8902823bfb52.png,malignant,malignant,0.8156741506435414
f71b334d-aeb5-436b-af49-30ffcd63e14c.png,malignant,malignant,0.8634257420112813
af2c9b1d-7b00-43c5-85c5-274473e9bd75.png,malignant,malignant,0.5976377012015353
9352e110-35f1-4aa1-b964-9c5dae446997.png,benign,malignant,0.4675021570908563
099142c9-be31-49bd-b590-e53e1a9acb7f.png,malignant,malignant,0.7488291234272638
67a5d30d-e8d4-447e-ace3-4b0bb70d01a9.png,benign,benign,0.9947512575574258
e54db9be-6d0d-4ee6-bedc-74f8c6e307f6.png,benign,malignant,0.366135586077699
c7bcf29b-fc46-47d5-b21f-54a37701b632.png,benign,benign,0.9145059949456611
a9cbd4a4-9aa8-4a4a-b292-f4d771b274cb.png,benign,benign,0.9176815667768367
c2d4df77-42f6-4aa5-914c-11d122f22a4c.png,malignant,malignant,0.7827360107491514
0bce332b-1d74-4096-8817-cc2da0ef2e99.png,benign,benign,0.9612131478025228
da3c2921-6e89-477b-b1b0-e06fe7a239f5.png,benign,malignant,0.5091865183723536
9a08a0cf-f45e-40ba-9ac2-4a8204b5429c.png,benign,benign,0.9423120872347784
e8fa499c-61b3-44c0-878b-f410aecaca9a.png,malignant,malignant,0.5216213180205952
8966a717-c8f7-44f9-830d-d44867fef6f5.png,benign,benign,0.9170916238374307
75ea6a64-c46b-40c6-b5fa-a1a5459e0cdf.png,malignant,malignant,0.5843385727628924
5eb8a38c-5c80-41ef-b1a9-54826edcac1e.png,benign,malignant,0.47704134287792793
d36db547-f384-463c-9e47-d94b84b6e4d2.png,benign,benign,0.9220622457418126
4761d3b5-65ce-4b00-8920-97c98c88e7f3.png,benign,malignant,0.6026613338600039
46a522bd-95fc-4225-8e3f-ae29d24a502f.png,benign,benign,0.8722102287676362
72537069-51c8-4ab9-b1fd-cb6345f4fed1.png,benign,benign,0.9708824967366703
7da0f48e-2f39-499b-ac93-387ac69ca712.png,malignant,malignant,0.7455765047583202
ad065702-2c53-455a-bd40-dc29cf53cad3.png,benign,benign,0.9476897130143165
3375688b-bba6-4ca4-aa6f-9341cae58c10.png,malignant,benign,0.7413002385632864
7f1b5ee2-6a34-4f3f-bd37-9d1b936e2c6e.png,malignant,malignant,0.6032925573061726
f88fcb01-877f-4f84-8adb-5a7b4ed23f38.png,benign,benign,0.8739353166717702
d5af4eac-3c23-4fad-9d14-0069df822b86.png,benign,malignant,0.48033007548650997
952ef3ba-c052-45bc-8918-16b283a57223.png,benign,benign,0.8209330216794918
1a64870f-8bde-4f92-970c-ee69a96a373e.png,malignant,malignant,0.9141800111737275
d8051a7b-5a5e-42fa-b2e6-54512c8a41d9.png,malignant,benign,0.7694053622757567
715f5d63-e55d-46dd-90de-3ef949c58a47.png,benign,malignant,0.3042084327068131
9fe3f510-d0ec-47fe-97fb-db3a9e266126.png,malignant,malignant,0.7673219267583798
0a44b1c7-c8e9-4fdf-8559-177e51b7d9da.png,benign,malignant,0.6975338822831848
ea5857de-7b24-41a9-b69f-c6eb9e595bd2.png,benign,malignant,0.6939631757530887
b21d0db0-253b-46af-b1c9-e904c9cd2bd7.png,benign,malignant,0.6969070868407221
0aa5c55c-fcfa-41ee-8453-a157c21a5bd6.png,malignant,malignant,0.9189100911532184
64961a2f-4df5-4357-9df1-8292b952d71e.png,malignant,malignant,0.36335568581707417
73f3f4ec-5bda-4778-b6ee-3f583887e6bd.png,benign,benign,0.883556726284787
422c12f3-ff23-41f4-b011-1f814d7b8f81.png,benign,benign,0.9895180993361857
e7ee5dde-e5f3-4ff8-823a-fd4f133919fb.png,malignant,benign,0.8708854779794949
5de9155c-2cbe-4f35-a5d5-1949c377f3ab.png,malignant,benign,0.9137455764587881
d7855bba-8691-4da2-9fae-2821f40b9977.png,benign,benign,0.7749941239863269
3be3d5ed-920c-45b8-aa98-4682bb0983bf.png,benign,benign,0.834475309851892
2e7e6435-4ac6-4564-b7ff-23047edbeadc.png,benign,malignant,0.45913040098689434
1cfece0f-5ad7-498e-823f-3e77ba8c2f66.png,benign,benign,0.9299192293391605
4ad4d2e4-2a64-40bb-8bc4-4d9cb330ba0b.png,malignant,malignant,0.6684426015309807
3d8757c8-1c35-4a69-af20-87e0fff0e20c.png,benign,benign,0.8602411116696868
73ef11cb-a934-4e51-ab96-7dba002d88cf.png,benign,benign,0.825849369492125
d2e3ce4d-3180-40eb-b592-511c4dd2a145.png,benign,benign,0.9721646782522607
cef51235-70cd-4d11-8335-cbb19bc88ce8.png,benign,benign,0.9388787655057345
ef1b87c8-ff7b-4698-80b2-2bfa10048e47.png,malignant,malignant,0.4886931405734316
3c1393d2-8d07-48c5-a69e-d8bdb681c0f1.png,malignant,malignant,0.5283450693666456
3f39d356-3e70-4153-b13b-d445ae3908a8.png,benign,benign,0.8662623961144564
3a515f96-8dd2-405e-b2dc-4040d5909ca9.png,benign,benign,0.9897122417329317
5b2b7ca8-f3d9-46f3-80e9-0f53abfcf46f.png,benign,benign,0.9361598397679111
702dfcc8-71f4-4163-a378-dc26635626db.png,malignant,malignant,0.7372870170814837
d5ef62db-d4ef-4d18-bc6c-33dd553c86b9.png,benign,malignant,0.2828435222875045
9c8d746d-26d5-49dd-a4ed-4eadc3d0a6af.png,malignant,malignant,0.51905966404735
c7fe82cb-e8d0-411b-916e-1909d132053d.png,malignant,malignant,0.7714429776308662
61acaa26-e07b-40d2-90d3-b87290bc191a.png,malignant,malignant,0.3783597024234885
a2ed37fe-2234-477f-8d12-4cda006e5f89.png,malignant,malignant,0.8614678763343612
b4da7475-e846-4fd4-96da-01a6debd7890.png,malignant,malignant,0.8736336210249699
1fc4db22-72a9-4f15-8365-0cb73066b09a.png,benign,malignant,0.5789305219090362
3380002d-c9be-48dc-a2b2-988533b1fd51.png,malignant,malignant,0.8789894248533511
142bd97c-e453-4354-a3e3-f9c3d67bc271.png,malignant,malignant,0.8783265077243997
4cf11f3e-8e87-4feb-8645-d115018a834c.png,malignant,malignant,0.9779872621338879
3fc00765-fa36-4aca-aac3-ab9be4056807.png,benign,benign,0.90395918441293
9666cfc0-28ee-4859-8c1d-e51186be1f8e.png,benign,malignant,0.8147665132946763
66c680ec-6dfe-4921-8f5b-6a336f7b5326.png,benign,malignant,0.4471824031329069
73f4ced0-7385-4dd0-a820-60421660feb4.png,benign,malignant,0.4042736081780713
747bb8c5-a5ec-4510-8776-ef22705bcc11.png,benign,malignant,0.4011444962219806
4fcf5cf3-588f-47ff-8ee9-1bc2e2b806a1.png,benign,benign,0.9428700614588441
cb9e58de-107c-4ffe-b26f-6f95c95f238d.png,benign,benign,0.8409217165058244
cda8d9c9-a680-40d3-b157-7c38f52c299d.png,malignant,malignant,0.5270787188304666
02a9c8b3-cede-447d-8a17-31604aaff04b.png,malignant,malignant,0.8296691291641888
14e2f6e1-fd5a-4f9e-b604-cc512113747c.png,malignant,malignant,0.8224673003779044
5e0c46a3-b166-486f-98a6-4ebc2323d9dc.png,malignant,malignant,0.932798094066768
7206826a-6dc8-42d9-bb33-f7f838528ad5.png,benign,benign,0.9523584308550325
cfff0b1a-94e1-46d7-a82d-87c867e3f161.png,benign,malignant,0.47360218217200073
059107b2-33aa-41a9-a3d5-9b5c3cb9d87f.png,benign,benign,0.9517997247395387
cf944ca1-5f49-4555-9aac-13e626d0ebed.png,benign,benign,0.8159369540004198
a1b726b9-dcb9-4fb1-8de0-6e4a934c5905.png,benign,malignant,0.6584262223445899
a0432fde-c63d-4070-b84a-3f98c60c5d45.png,malignant,malignant,0.8226268053323039
40b58d27-dd7c-406e-916f-08db8a56bc7b.png,benign,benign,0.8743316774294084
9f072b42-51ce-4df4-94cd-572ab660fe89.png,malignant,malignant,0.6497093560894245
157c35e1-a69a-4786-a5a2-74368d275006.png,benign,malignant,0.2794682552023476
4396b67f-1f38-47b9-bd51-e7b478b57ce7.png,benign,benign,0.9171798513814112
f9b1f165-bec1-4812-a120-5d6eb9b16be5.png,benign,malignant,0.40497256464778997
1e37cdf4-75f7-45a8-b44b-c80393e42810.png,benign,malignant,0.3752477270108955
092c1a32-508e-4ff3-a44c-849a883ae2e3.png,benign,malignant,0.28036470443082206
f6565aad-837a-40ea-a11d-632e751f3a96.png,benign,benign,0.9149245208755165
0fa17225-5836-4d9c-b217-efe35abe453e.png,benign,benign,0.9182928580591281
458efd6a-48c9-42bc-b469-3f661524568b.png,benign,benign,0.9785685612666374
a54322c9-e0ee-422c-bb68-555479931867.png,benign,malignant,0.5533994003171284
75439596-2265-4612-b4bb-1fbf06c8537d.png,benign,benign,0.9580288637551193
7bfa515f-956c-491a-a893-f030d6c2ea3f.png,malignant,malignant,0.8910120309171607
ef7e44a9-6526-4d18-9ad2-fa98242d03c9.png,benign,malignant,0.5
3f6c5b5d-8a21-4d7d-bf52-6fdecd4de090.png,malignant,malignant,0.8120655940976221
382d7dd3-aec4-451e-b4e1-7f3cb8e68a83.png,malignant,malignant,0.91346650026832
b13a775f-941c-4b1c-ad70-dc52531a60f8.png,benign,malignant,0.29232931873932333
9c11050d-5a6d-4290-a3a4-070a0f1faec3.png,malignant,malignant,0.8950703087399948
36c2a632-cded-445f-940f-41fcfd6c38c8.png,benign,malignant,0.7826690029247144
d73509a2-37e1-44ab-a417-8197b939ca08.png,benign,malignant,0.6208751591713473
5fa7e971-42a7-4cda-b94a-3ac7b4e48aec.png,malignant,malignant,0.9671821952080886
11c9c949-0de1-4839-afee-c88205476fb0.png,benign,benign,0.9952562213450012
047b302c-1f64-4569-b2e5-822d0bce6a51.png,benign,malignant,0.583878974991045
6698a4df-4282-416d-9181-1b96fd2f94c4.png,benign,malignant,0.42953738637188893
e6546be1-1dba-4f42-a442-844e9807f1dd.png,benign,benign,0.9786970298981571
b6f2fbb8-e3ae-44af-99d9-4d7b684d50a9.png,malignant,malignant,0.8548678434928014
d438ed02-5367-43a9-b314-944fab3d09cc.png,malignant,malignant,0.9360593864425379
4b00d3fc-e004-4691-a377-376b39da865b.png,malignant,malignant,0.7137118457525389
11329c26-77e0-4125-a93c-d0edffe190d5.png,benign,malignant,0.7202654205817823
b1837324-112a-4a76-9c79-2edd654620d4.png,malignant,malignant,0.9297704933336248
33f6114e-d98e-45d6-b321-049a2aa10e98.png,malignant,malignant,0.6375103925680022
06642142-c54c-45ab-b64b-19bed26531a7.png,benign,malignant,0.3333050833477672
cbb1019b-08e0-4ddf-a04f-7e27608c2a65.png,benign,benign,0.9901252241390553
c2a65a44-b2ea-4e42-b68f-ab24ca63b100.png,malignant,malignant,0.6794273679039643
5b2b0feb-74d6-4a6d-a4cc-190596a1f3ab.png,malignant,malignant,0.9543676256757944
e9ae2c22-03d7-43a2-8b3a-dd555e93ef0d.png,benign,malignant,0.7335602173889173
78ba1df4-6a31-4bbf-83c6-86f3554c551b.png,benign,malignant,0.4508183644466543
cb991d21-0c46-4328-b38c-30f4fe47249b.png,malignant,malignant,0.5848640290964827
eb95b2a8-adc1-4644-8671-c60173075559.png,malignant,malignant,0.9419318618354142
f61c001c-0360-4fea-9ba8-75fbec5be819.png,benign,benign,0.884658653050421
b0e4143c-fd53-4f2d-956c-dabcfd2d3f42.png,malignant,malignant,0.9103036475240585
65c9e6db-3c78-49a2-bccf-c29dd8ff49ec.png,malignant,malignant,0.965247202474123
b23eafff-0d33-4b50-b3b7-2e7540ebb1d5.png,benign,malignant,0.4248520285782942
46b50329-c592-4d92-8755-dac527fea9d5.png,benign,benign,0.7612910776936432
9a2510cf-56d4-4393-9737-a40b4d092873.png,malignant,malignant,0.4664573630831035
04f4504d-b94a-48e2-b21c-9421479c8c1e.png,benign,malignant,0.3092817508042179
3376f6c6-4ec5-4750-9693-445f2159bde8.png,benign,benign,0.8967193952271328
56823a47-051a-4d99-8e17-c004fe2b0854.png,benign,benign,0.7883741695236338
b68dbbe5-7ac7-4e69-85a7-70a36bc5260e.png,benign,malignant,0.8635435513261883
03594454-6b33-4958-b808-8dfdd7968461.png,benign,malignant,0.44366686743816525
1e11a04a-27cd-4d01-b6ed-274b9c2c8237.png,malignant,malignant,0.7226848734518988
4ab3fa89-4c50-42c3-ab1d-e267202b4f8c.png,benign,benign,0.9120603143824607
758284ab-ffac-497c-acc9-c4fb34246403.png,benign,malignant,0.5986007750760922
8aeb25cb-c873-4ba1-9503-1109c7fb12fa.png,benign,malignant,0.836297678626093
95a25611-69f4-4e7e-83e4-3a7db7e773ed.png,malignant,malignant,0.871924452003895
26fcedc5-17b0-402f-92a1-99928f9fb19d.png,malignant,benign,0.7246501662670732
e0f349fe-f21d-418e-89b8-f6aa851d0d5f.png,malignant,malignant,0.9043452679135792
a18dccc8-7ea8-459f-ac4b-ae5a90dff3c8.png,benign,benign,0.9105837393189161
d452fd59-8288-4030-b77e-b2eefbaa1d3f.png,benign,benign,0.8252058285268672
7ebba921-b125-4ec8-b042-62bce47f8b98.png,malignant,benign,0.7729894005396466
29476683-7b4a-439f-8522-0af70e892b81.png,malignant,malignant,0.4115418017069879
75543e37-18a7-41d6-b65d-b892755683b4.png,malignant,malignant,0.6903059424667476
e8b3d232-4ee6-4d2c-b297-3faff1c0d679.png,benign,malignant,0.6548126790310798
f3955aef-d2e9-4a4c-9f24-b001c88c2bdd.png,malignant,malignant,0.3488198230222717
2605f622-fa19-4971-909f-8aaec7906429.png,malignant,malignant,0.7168805834236166
1dc0a9f0-d4a9-404b-9bb3-bdbd18ac8a62.png,malignant,malignant,0.8186317566503225
b338ffff-c631-4925-bdad-134c4a9d06e4.png,benign,benign,0.9841974043851861
8471ce91-56d4-4b19-9638-d2134d57e4d0.png,malignant,malignant,0.30782627017501857
05ab2527-1147-4b97-8a9f-916b2c8bb928.png,benign,malignant,0.7219490898598682
23bfd4cd-20f5-4682-8bd7-32fccebdfbea.png,benign,malignant,0.3195328725070022
9c2b5ae0-06ce-4aef-b1dc-041ef5ed4c0a.png,malignant,malignant,0.8288625801864894
461458d5-5bf4-4c6b-bbe5-10d0403f7303.png,benign,malignant,0.4201515544762255
64d4c598-e072-409c-a388-70a8c0ccd4f9.png,benign,benign,0.9199303218685949
83459b4d-4216-46b3-b573-4021c6e1692f.png,benign,malignant,0.356242294708602
bb207dc3-de0e-4b36-a4eb-054c5ce50b5b.png,malignant,malignant,0.7993900591445509
24e63a61-2156-403d-ab2c-6b35ec89fecf.png,benign,malignant,0.7617114284684537
fa7e8f59-4585-4a6c-b9ec-59e929a7eb6e.png,malignant,malignant,0.6335747900493397
99b785cc-53d9-40e9-87e5-f39eb8c58043.png,malignant,malignant,0.6826576324503464
c9344ccc-bb98-41f5-a06e-15f61e83bf9b.png,benign,benign,0.9759820412798309
d9af0e73-637a-455d-b753-9735431e348c.png,benign,malignant,0.7148896755629995
5f7d32f0-c5e7-4940-a912-fcc6feaa3e5b.png,benign,benign,0.9711994157767938
3a7a5ced-2b39-4de3-8e98-cf7f73eda24e.png,benign,benign,0.9018109754625929
5614ed8e-6f0b-4d7e-b8ed-e7e8823987e2.png,malignant,malignant,0.7278923383951624
9f324201-0de7-429d-a2f8-6990129fd5e8.png,benign,malignant,0.6931259795869008
42ea76a1-7181-4321-8c25-9510c4305fba.png,malignant,malignant,0.9026408867053228
034545ad-7c30-4717-8f7e-f06df0ae3fca.png,benign,benign,0.944786170374885
821c40b1-a280-4a99-9f8d-278a9e3bd166.png,malignant,malignant,0.876107888481196
08e67e31-75dd-463b-8b10-fe16903a046b.png,benign,benign,0.8124140950449408
fe9cd23a-8222-409b-8f37-bbec20d04044.png,benign,benign,0.8929088476828048
55098b1f-e19a-4197-9139-dd0401e03866.png,malignant,malignant,0.831859463164208
9ee23521-1941-43fd-8374-8dc389a53476.png,malignant,malignant,0.9448663042948328
5fab4292-5ffe-4c75-bf11-983fd70e90ec.png,malignant,malignant,0.8836715078774218
a21f0893-2e66-4aa6-9dd3-4d1ac8f1055b.png,benign,benign,0.9703527511808094
49fd53a3-a3dd-4db5-a700-3c24c5efaa16.png,benign,malignant,0.841512482202362
758d6c48-1063-4a43-b4d7-04c3da38f111.png,benign,benign,0.8331559524387699
5f5d8e31-3e1b-4324-b7ae-5bdb72cb3808.png,malignant,malignant,0.9167000116382884
154102f4-b590-459f-9a2c-69143b9973ff.png,benign,malignant,0.9234812886915852
1368a68c-532b-4d59-90f1-dfc864f565ef.png,malignant,malignant,0.6541811800260383
41bd999b-d50f-4fc9-b8a1-b24d64e9067a.png,benign,benign,0.9825235312288493
b6c6643f-6f5f-43aa-936f-8412169cb083.png,benign,benign,0.8797929614966365
5f336717-b887-4662-bbf9-5141f71c94b6.png,malignant,malignant,0.9550069848747083
cb44e1cc-08e8-4bfe-b8bd-17eff4bba0f0.png,benign,benign,0.8528133601322067
906f6a80-a4f2-4131-9ed8-990c8af6e36b.png,benign,malignant,0.4057108563172876
b73b0881-8c78-4bdb-9729-c6f706bb2b17.png,malignant,malignant,0.6210913447562632
9b1605fc-c4fc-4f99-b226-34c30d2d7702.png,benign,malignant,0.64087129406783
fb4c031e-c8c5-4db7-939c-f0a685283442.png,benign,benign,0.7330098321147638
52f0789d-9ae3-4db5-8bae-8cbcb3af1eed.png,malignant,malignant,0.6687698962964359
94b3fe95-47ba-45ab-91c3-cfe144a53fda.png,benign,benign,0.856766680658675
fa8d600c-f1e0-4cdb-918a-f6c4c706142b.png,malignant,malignant,0.8363870826509088
afa1f59f-7886-41d5-9f58-84d43a30f698.png,benign,benign,0.9132170093319583
c707a396-232a-4bbf-8367-5cbf2c202af7.png,benign,malignant,0.42900897880563016
544a83ef-8f59-4abb-83d1-13c6634ea398.png,malignant,malignant,0.9205462453695614
34e5655a-ddd4-4ca9-9a75-ab021bd26fcd.png,benign,malignant,0.43048875990939556
52924db9-ce4d-49b7-9cc1-7449dca0a35a.png,malignant,malignant,0.3677620135583398
24f52487-36e4-4af8-a94f-ec49c0a8017c.png,malignant,malignant,0.7323372985787562
1e37a626-0fd5-4dcf-b217-a6942d953c46.png,malignant,malignant,0.8541761934567365
1d2d5932-f8db-496c-9d79-575083fdf7ae.png,malignant,malignant,0.808655539767682
7f5dd37f-8823-4663-9ba4-220ecbee35ad.png,malignant,malignant,0.8962059940196448
665c99db-3a1f-45ce-831d-5f62d654b089.png,malignant,malignant,0.9533219399094403
000493.png,malignant,benign,0.9362431512316624
000014.png,malignant,malignant,0.867563982854963
000158.png,malignant,malignant,0.5079965625683605
000244.png,malignant,benign,0.754394002850587
000359.png,malignant,malignant,0.8743506422859958
000072.png,malignant,malignant,0.6054382424123844
000406.png,malignant,malignant,0.5060300590800186
000478.png,malignant,malignant,0.4145792797710235
000109.png,benign,benign,0.9679142498537748
000282.png,benign,benign,0.9380070435366562
000284.png,benign,benign,0.8869810886837243
000311.png,benign,malignant,0.30445790480450197
000324.png,benign,benign,0.9057729416388631
000439.png,benign,benign,0.9285455235057909
000495.png,benign,malignant,0.2994828150567997
000632.png,benign,benign,0.8835423963814771
000642.png,benign,malignant,0.37857531368004416
000111.png,benign,malignant,0.5902773019170235
000172.png,benign,malignant,0.7940554367840105
000259.png,benign,benign,0.9388854739220637
000602.png,benign,benign,0.9637094068304869
000605.png,benign,benign,0.9231656889131999
000473.png,benign,benign,0.9237853330094614
000375.png,benign,benign,0.8484697013374054
000549.png,benign,benign,0.9409337601765349
000513.png,benign,benign,0.9566957102236364
000603.png,benign,benign,0.7234763893267705
019823VB.jpg,malignant,malignant,0.37694227992430646
040272HB.jpg,benign,benign,0.9490021350558876
10191-1.jpg,benign,benign,0.8790015407159759
015565HB.jpg,malignant,malignant,0.35169137295665864
023442VB.jpg,benign,benign,0.8185045970651255
040074VB.jpg,benign,malignant,0.6668078631169322
015977HB.jpg,malignant,malignant,0.8041932680572733
015677HB.jpg,malignant,malignant,0.8432921348668789
015540VB.jpg,malignant,malignant,0.5542460698716083
037759VB.jpg,benign,benign,0.8982836955436444
019468HB.jpg,malignant,malignant,0.6463541940776353
020248HB.jpg,malignant,malignant,0.9281395855230427
015952HB.jpg,malignant,malignant,0.746441003766105
029529HB.jpg,benign,benign,0.7399942143240092
040770HB.jpg,benign,benign,0.9742040406673886
10522-DSC02271.jpg,benign,benign,0.7598840339716835
043383VB.jpg,benign,malignant,0.5
003086HB.jpg,malignant,malignant,0.3833186790422609
001018HB.jpg,malignant,malignant,0.8625199612057919
015839HB.jpg,malignant,malignant,0.6469770094304643
029767HB.jpg,benign,benign,0.8989121737475421
019373HB.jpg,malignant,malignant,0.8218754981575317
044507VB.jpg,benign,benign,0.94632258023575
020181HB.jpg,malignant,malignant,0.29507703544547653
019256HB.jpg,malignant,malignant,0.6019141536720067
015851HB.jpg,malignant,malignant,0.6544713689738784
019443VB.jpg,malignant,malignant,0.7882576034302257
040503VB.jpg,benign,malignant,0.4173689571766405
019328HB.jpg,malignant,malignant,0.8863111847903593
042637VB.jpg,benign,benign,0.8773104047459314
003441HB.jpg,malignant,malignant,0.37895075226711955
045653VB.jpg,benign,benign,0.8603792576812797
10280-DSC02447.jpg,benign,benign,0.8128875818237585
019405VB.jpg,malignant,malignant,0.277575281641022
038246HB.jpg,benign,benign,0.8063106793319095
019305HB.jpg,malignant,malignant,0.5163092884473317
046288VB.jpg,malignant,malignant,0.6054817500500058
044541HB.jpg,benign,benign,0.7968786872012197
015769HB.jpg,malignant,malignant,0.5898994011394857
004827VB.jpg,benign,malignant,0.5621431048124499
025704VB.jpg,benign,benign,0.8158656596597805
020186HB.jpg,malignant,malignant,0.5234652900614295
009877HB.jpg,benign,benign,0.8590729802408098
039818HB.jpg,benign,benign,0.8825287518846469
019581HB.jpg,malignant,malignant,0.29987617212730144
009379HB.jpg,benign,benign,0.8847270529164157
020237HB.jpg,malignant,malignant,0.6014390376216008
015840HB.jpg,malignant,malignant,0.6868639210651871
011001HB.jpg,benign,benign,0.9473818549706787
015832HB.jpg,malignant,malignant,0.6662206317873832
001618HB.jpg,malignant,malignant,0.6848039330473769
015472VB.jpg,malignant,malignant,0.8426608732526352
019956HB.jpg,malignant,malignant,0.9274374307088497
015831HB.jpg,malignant,malignant,0.5887914425236326
026800VB.jpg,benign,malignant,0.3044388898739014
043940VB.jpg,benign,malignant,0.5337149780615368
019221HB.jpg,malignant,malignant,0.47307319597687264
002833HB.jpg,malignant,malignant,0.7296706771637761
029069HB.jpg,benign,malignant,0.4722844621375402
003510VB.jpg,malignant,malignant,0.3905012315146975
043395HB.jpg,benign,benign,0.8829246671049188
002829HB.jpg,malignant,malignant,0.5083043628238478
031856HB.jpg,benign,malignant,0.6351542845185354
024681HB.jpg,benign,malignant,0.7108978007230502
010069HB.jpg,benign,malignant,0.5444575948316769
000607HB.jpg,malignant,malignant,0.3721415806090167
040273HB.jpg,benign,benign,0.8883526898239179
015670HB.jpg,malignant,malignant,0.7382265374067859
039117HB.jpg,benign,malignant,0.34157587295052927
033598HB.jpg,benign,benign,0.7390957709216117
038408HB.jpg,benign,benign,0.7464911053799363
006045VB.jpg,malignant,malignant,0.9148018658392818
009989HB.jpg,benign,malignant,0.7607078408822902
041818HB.jpg,benign,benign,0.8705470746260554
012170HB.jpg,benign,benign,0.8885534910569036
024166HB.jpg,benign,benign,0.9184275424199813
020185HB.jpg,malignant,malignant,0.7252219726027221
029060VB.jpg,benign,benign,0.9248898828106547
020151HB.jpg,malignant,malignant,0.8256032861240866
037093HB.jpg,benign,benign,0.8364325701187949
028698VB.jpg,benign,malignant,0.7695058788323736
020009VB.jpg,malignant,malignant,0.4642453560148377
024991HB.jpg,benign,malignant,0.5835989032627026
