img_id,true_label,pred_label,prob
ISIC_0034524.jpg,benign,benign,0.9969912840995666
ISIC_0034525.jpg,benign,benign,0.9045237807433576
ISIC_0034527.jpg,benign,benign,0.7616108068408419
ISIC_0034528.jpg,benign,benign,0.9008901224116717
ISIC_0034529.jpg,malignant,malignant,0.8511877915741646
ISIC_0034530.jpg,benign,benign,0.9951836812109233
ISIC_0034532.jpg,benign,benign,0.9836320516292719
ISIC_0034533.jpg,benign,benign,0.9946183146844413
ISIC_0034534.jpg,benign,benign,0.9984601910431496
ISIC_0034537.jpg,benign,benign,0.7230848866133638
ISIC_0034540.jpg,benign,benign,0.9904003847212124
ISIC_0034541.jpg,benign,benign,0.9692970526870544
ISIC_0034543.jpg,benign,benign,0.9875793546671495
ISIC_0034544.jpg,benign,benign,0.9175876272540343
ISIC_0034548.jpg,malignant,malignant,0.972955499811361
ISIC_0034551.jpg,benign,benign,0.9853260736777311
ISIC_0034552.jpg,benign,malignant,0.644697127966206
ISIC_0034553.jpg,benign,benign,0.9852928860283253
ISIC_0034556.jpg,benign,benign,0.9862267398444386
ISIC_0034557.jpg,benign,benign,0.9840295027573166
ISIC_0034558.jpg,benign,benign,0.9501054259509699
ISIC_0034559.jpg,benign,benign,0.9897677293848788
ISIC_0034560.jpg,benign,benign,0.9557303914050088
ISIC_0034562.jpg,benign,benign,0.9907352461860497
ISIC_0034563.jpg,benign,benign,0.9848782002881559
ISIC_0034564.jpg,benign,benign,0.9962771336347388
ISIC_0034566.jpg,benign,benign,0.9993236716091638
ISIC_0034567.jpg,benign,benign,0.9760666462150847
ISIC_0034568.jpg,benign,benign,0.9792387517423886
ISIC_0034569.jpg,benign,benign,0.8912321965573431
ISIC_0034572.jpg,malignant,malignant,0.9820573345154386
ISIC_0034573.jpg,malignant,malignant,0.9850319135762156
ISIC_0034576.jpg,benign,benign,0.9963189121093563
ISIC_0034577.jpg,benign,benign,0.9744825660740799
ISIC_0034580.jpg,benign,benign,0.9887324189613969
ISIC_0034581.jpg,benign,benign,0.978188858228306
ISIC_0034582.jpg,benign,benign,0.9788631043676884
ISIC_0034583.jpg,benign,benign,0.8700137560084871
ISIC_0034584.jpg,malignant,benign,0.8883280078277735
ISIC_0034586.jpg,benign,benign,0.6807045128552767
ISIC_0034587.jpg,benign,benign,0.9920986862657677
ISIC_0034589.jpg,benign,benign,0.9961055720174993
ISIC_0034590.jpg,benign,benign,0.7819868973574309
ISIC_0034592.jpg,benign,benign,0.9879754839071914
ISIC_0034593.jpg,benign,benign,0.9283825832821209
ISIC_0034594.jpg,benign,benign,0.9954530865592764
ISIC_0034595.jpg,malignant,malignant,0.9564830405118102
ISIC_0034599.jpg,benign,benign,0.6415995031582284
ISIC_0034600.jpg,benign,benign,0.9910712712317408
ISIC_0034601.jpg,benign,benign,0.9975525789898688
ISIC_0034602.jpg,benign,benign,0.9937447828794144
ISIC_0034603.jpg,benign,benign,0.8205157539459569
ISIC_0034604.jpg,benign,benign,0.9858259263992815
ISIC_0034605.jpg,malignant,malignant,0.5797509023900732
ISIC_0034607.jpg,benign,benign,0.9988228206580881
ISIC_0034609.jpg,benign,benign,0.9767041148422284
ISIC_0034610.jpg,benign,benign,0.9822347680247717
ISIC_0034611.jpg,benign,benign,0.9930146045892714
ISIC_0034613.jpg,benign,benign,0.9534858786166167
ISIC_0034616.jpg,benign,benign,0.9963209088917159
ISIC_0034617.jpg,benign,benign,0.6155132899999549
ISIC_0034619.jpg,benign,benign,0.9959374606850829
ISIC_0034620.jpg,benign,benign,0.990283159112544
ISIC_0034621.jpg,benign,benign,0.9975879310811456
ISIC_0034623.jpg,benign,benign,0.9978535767907699
ISIC_0034624.jpg,benign,benign,0.9923103438484031
ISIC_0034625.jpg,benign,benign,0.990795772734712
ISIC_0034626.jpg,benign,benign,0.9967286142940529
ISIC_0034627.jpg,benign,benign,0.7999573092080421
ISIC_0034628.jpg,malignant,malignant,0.9762325288767834
ISIC_0034629.jpg,benign,malignant,0.6474209609888025
ISIC_0034630.jpg,malignant,benign,0.6521177819710399
ISIC_0034632.jpg,benign,malignant,0.8595170078778942
ISIC_0034633.jpg,malignant,malignant,0.8166549731564905
ISIC_0034634.jpg,benign,benign,0.9790885674175661
ISIC_0034635.jpg,benign,benign,0.530179625201744
ISIC_0034636.jpg,benign,benign,0.9978525992891933
ISIC_0034637.jpg,benign,benign,0.7084739792516939
ISIC_0034638.jpg,malignant,malignant,0.952074910771658
ISIC_0034639.jpg,benign,benign,0.9891690221955126
ISIC_0034640.jpg,benign,benign,0.9833167812720098
ISIC_0034641.jpg,benign,benign,0.9902449956516399
ISIC_0034643.jpg,benign,benign,0.9990959022192285
ISIC_0034644.jpg,malignant,benign,0.9464432400672526
ISIC_0034645.jpg,benign,benign,0.9602739816253132
ISIC_0034648.jpg,benign,benign,0.9894847655701038
ISIC_0034649.jpg,benign,benign,0.9735476495370755
ISIC_0034650.jpg,malignant,malignant,0.994232488859438
ISIC_0034653.jpg,benign,benign,0.9488099179016847
ISIC_0034654.jpg,benign,benign,0.9101491443118306
ISIC_0034655.jpg,malignant,malignant,0.9737939093360659
ISIC_0034657.jpg,malignant,malignant,0.5439438890002496
ISIC_0034658.jpg,benign,benign,0.9791383313872994
ISIC_0034659.jpg,benign,benign,0.9852574343318353
ISIC_0034660.jpg,benign,benign,0.9913284049925551
ISIC_0034661.jpg,benign,benign,0.8848034109385696
ISIC_0034662.jpg,benign,benign,0.9778576985145698
ISIC_0034664.jpg,benign,benign,0.9816995600834693
ISIC_0034665.jpg,benign,benign,0.995268382275244
ISIC_0034667.jpg,benign,benign,0.9943684229095648
ISIC_0034668.jpg,benign,benign,0.999033839485125
ISIC_0034670.jpg,benign,benign,0.7625828530249895
ISIC_0034671.jpg,benign,benign,0.9982432626249822
ISIC_0034672.jpg,benign,benign,0.974767804905482
ISIC_0034674.jpg,benign,benign,0.7386136638616086
ISIC_0034676.jpg,benign,benign,0.9974131146687523
ISIC_0034677.jpg,benign,benign,0.9634395489307933
ISIC_0034678.jpg,benign,benign,0.9933411078848544
ISIC_0034680.jpg,benign,benign,0.8605424681540036
ISIC_0034681.jpg,benign,benign,0.9901156833554583
ISIC_0034683.jpg,benign,benign,0.9980677125548287
ISIC_0034687.jpg,malignant,malignant,0.8522443442996732
ISIC_0034688.jpg,benign,benign,0.9637267565087962
ISIC_0034689.jpg,benign,benign,0.955317786143762
ISIC_0034690.jpg,benign,benign,0.9287050249770192
ISIC_0034696.jpg,benign,benign,0.9904210189116959
ISIC_0034697.jpg,benign,benign,0.9505120947728761
ISIC_0034698.jpg,benign,benign,0.9977613684122266
ISIC_0034700.jpg,benign,benign,0.9962960316312102
ISIC_0034701.jpg,benign,benign,0.9731504734014199
ISIC_0034702.jpg,benign,benign,0.9991769697224977
ISIC_0034703.jpg,benign,benign,0.9810319859725077
ISIC_0034704.jpg,benign,benign,0.9916558191912133
ISIC_0034705.jpg,benign,malignant,0.6997610895804991
ISIC_0034707.jpg,benign,benign,0.9909418060156758
ISIC_0034708.jpg,benign,benign,0.9846827109619055
ISIC_0034709.jpg,benign,benign,0.9918301851226304
ISIC_0034713.jpg,malignant,malignant,0.9321623116323855
ISIC_0034714.jpg,malignant,malignant,0.6726190592243948
ISIC_0034715.jpg,benign,benign,0.9931818377331956
ISIC_0034716.jpg,benign,benign,0.9978964118044561
ISIC_0034717.jpg,benign,benign,0.9650447046020848
ISIC_0034718.jpg,benign,benign,0.9903265208499539
ISIC_0034721.jpg,benign,benign,0.9795065711303492
ISIC_0034722.jpg,benign,benign,0.9958985591795949
ISIC_0034725.jpg,benign,benign,0.8711651617336007
ISIC_0034726.jpg,benign,benign,0.9879350555239649
ISIC_0034727.jpg,benign,benign,0.9778036812872399
ISIC_0034728.jpg,benign,benign,0.9842377510378086
ISIC_0034729.jpg,benign,benign,0.9984986142469461
ISIC_0034730.jpg,benign,malignant,0.5255783932356978
ISIC_0034731.jpg,benign,malignant,0.8913238085823336
ISIC_0034732.jpg,benign,benign,0.879274807475427
ISIC_0034735.jpg,benign,benign,0.9939320360761608
ISIC_0034736.jpg,benign,benign,0.961265339708461
ISIC_0034737.jpg,malignant,malignant,0.9769625807919166
ISIC_0034738.jpg,benign,benign,0.9926442973443296
ISIC_0034740.jpg,benign,benign,0.9939305132302559
ISIC_0034741.jpg,benign,benign,0.9194599274056705
ISIC_0034742.jpg,benign,benign,0.9908175387434878
ISIC_0034743.jpg,benign,benign,0.97819776530211
ISIC_0034744.jpg,benign,benign,0.9939467518972002
ISIC_0034745.jpg,benign,benign,0.95399830759619
ISIC_0034747.jpg,benign,benign,0.8538301429191177
ISIC_0034749.jpg,benign,benign,0.8635536767838816
ISIC_0034752.jpg,benign,benign,0.9747571685547232
ISIC_0034754.jpg,benign,benign,0.8625798311078553
ISIC_0034756.jpg,benign,benign,0.9553492681159823
ISIC_0034757.jpg,benign,benign,0.9744016241496719
ISIC_0034761.jpg,benign,benign,0.9954227171838509
ISIC_0034762.jpg,benign,benign,0.9883591019116127
ISIC_0034763.jpg,benign,benign,0.985112148114492
ISIC_0034764.jpg,malignant,malignant,0.9493457735263138
ISIC_0034765.jpg,benign,malignant,0.659887574002798
ISIC_0034767.jpg,benign,benign,0.9606940661158249
ISIC_0034768.jpg,benign,benign,0.9965016107731808
ISIC_0034769.jpg,benign,benign,0.9861733359146065
ISIC_0034771.jpg,malignant,malignant,0.9774125777106473
ISIC_0034772.jpg,benign,benign,0.9951216572971784
ISIC_0034773.jpg,benign,malignant,0.5467999720756616
ISIC_0034774.jpg,benign,benign,0.9968883253623181
ISIC_0034776.jpg,benign,benign,0.9740690590695856
ISIC_0034777.jpg,benign,benign,0.9892322398815924
ISIC_0034778.jpg,benign,benign,0.9275083319581958
ISIC_0034779.jpg,benign,benign,0.9867775710883858
ISIC_0034780.jpg,benign,benign,0.9942489474301143
ISIC_0034781.jpg,benign,benign,0.9913935221124535
ISIC_0034783.jpg,benign,benign,0.9812444181448173
ISIC_0034784.jpg,malignant,malignant,0.5567600889788554
ISIC_0034786.jpg,benign,benign,0.892654351412156
ISIC_0034787.jpg,benign,benign,0.9883751833301229
ISIC_0034788.jpg,benign,benign,0.993936624552995
ISIC_0034789.jpg,benign,benign,0.6630602777848459
ISIC_0034790.jpg,benign,benign,0.9757567414345313
ISIC_0034791.jpg,benign,malignant,0.6744580349074701
ISIC_0034792.jpg,benign,benign,0.8852067584690883
ISIC_0034793.jpg,benign,benign,0.7476173508554744
ISIC_0034795.jpg,benign,benign,0.9950873232272748
ISIC_0034797.jpg,benign,malignant,0.8553523811451096
ISIC_0034798.jpg,benign,benign,0.9949721562563455
ISIC_0034800.jpg,benign,benign,0.9884911364007615
ISIC_0034801.jpg,benign,benign,0.90365873629731
ISIC_0034803.jpg,benign,benign,0.9087155567370085
ISIC_0034804.jpg,malignant,malignant,0.9145346934005125
ISIC_0034806.jpg,benign,benign,0.5820768979582283
ISIC_0034807.jpg,benign,benign,0.9940078027542797
ISIC_0034808.jpg,benign,benign,0.9846721401747864
ISIC_0034809.jpg,benign,benign,0.9808473245683107
ISIC_0034810.jpg,benign,benign,0.9975217954213138
ISIC_0034811.jpg,benign,benign,0.9757586613733997
ISIC_0034813.jpg,benign,malignant,0.645659305240283
ISIC_0034815.jpg,benign,benign,0.9478930343695511
ISIC_0034816.jpg,benign,benign,0.7806429270112921
ISIC_0034817.jpg,malignant,benign,0.6578594244475797
ISIC_0034818.jpg,benign,benign,0.8453855570391597
ISIC_0034819.jpg,malignant,malignant,0.9925995097668378
ISIC_0034821.jpg,benign,benign,0.9837029492427
ISIC_0034823.jpg,benign,benign,0.9980908678921282
ISIC_0034824.jpg,benign,benign,0.9966796521474124
ISIC_0034827.jpg,benign,benign,0.9979899058775007
ISIC_0034828.jpg,benign,benign,0.991083904099724
ISIC_0034829.jpg,benign,benign,0.9961014296128411
ISIC_0034830.jpg,benign,benign,0.9946659420794439
ISIC_0034831.jpg,benign,benign,0.9908107312278227
ISIC_0034832.jpg,benign,benign,0.7090669928945735
ISIC_0034834.jpg,benign,benign,0.9405838310574509
ISIC_0034835.jpg,benign,benign,0.9973699426962229
ISIC_0034836.jpg,benign,malignant,0.8850149622697395
ISIC_0034837.jpg,benign,benign,0.9973035825817519
ISIC_0034838.jpg,benign,benign,0.6218878315729979
ISIC_0034839.jpg,benign,benign,0.9761983807099056
ISIC_0034841.jpg,benign,benign,0.876003390602127
ISIC_0034843.jpg,benign,benign,0.8809567678197698
ISIC_0034844.jpg,benign,benign,0.9990405920332033
ISIC_0034845.jpg,benign,benign,0.9797632309291474
ISIC_0034846.jpg,benign,benign,0.9737166546644868
ISIC_0034847.jpg,benign,benign,0.9934108003822982
ISIC_0034848.jpg,benign,benign,0.9962656240984825
ISIC_0034851.jpg,benign,benign,0.9812027569995095
ISIC_0034852.jpg,benign,benign,0.955929204939039
ISIC_0034853.jpg,benign,benign,0.9877593093950577
ISIC_0034854.jpg,benign,benign,0.9974804730403042
ISIC_0034855.jpg,benign,benign,0.9395459804015951
ISIC_0034856.jpg,benign,malignant,0.8000984442964127
ISIC_0034857.jpg,benign,benign,0.9767870683390688
ISIC_0034859.jpg,malignant,malignant,0.920300891832875
ISIC_0034860.jpg,benign,benign,0.9935740498938435
ISIC_0034861.jpg,benign,benign,0.9538590139656683
ISIC_0034862.jpg,benign,benign,0.836826445983439
ISIC_0034863.jpg,malignant,malignant,0.8146614733604207
ISIC_0034864.jpg,benign,benign,0.9169110157745131
ISIC_0034865.jpg,benign,benign,0.9871127925435481
ISIC_0034866.jpg,benign,benign,0.9842202923150187
ISIC_0034867.jpg,benign,benign,0.9654601132994959
ISIC_0034868.jpg,benign,benign,0.9989039005239266
ISIC_0034869.jpg,benign,benign,0.9985504607075967
ISIC_0034871.jpg,malignant,malignant,0.6480727062625287
ISIC_0034872.jpg,benign,benign,0.9890252366099658
ISIC_0034873.jpg,malignant,benign,0.9199754424670947
ISIC_0034874.jpg,malignant,malignant,0.9527471250020226
ISIC_0034875.jpg,malignant,malignant,0.9381071969011908
ISIC_0034877.jpg,benign,benign,0.9962093619176355
ISIC_0034878.jpg,benign,benign,0.991967774848802
ISIC_0034880.jpg,benign,benign,0.9785962407537468
ISIC_0034881.jpg,benign,benign,0.986615379527273
ISIC_0034882.jpg,malignant,malignant,0.5734239210759167
ISIC_0034883.jpg,benign,benign,0.9529409367207357
ISIC_0034884.jpg,benign,benign,0.8145032894196499
ISIC_0034885.jpg,benign,benign,0.6053937390962657
ISIC_0034886.jpg,benign,benign,0.995313358151388
ISIC_0034889.jpg,benign,benign,0.9931810382226665
ISIC_0034890.jpg,benign,benign,0.9888857093067117
ISIC_0034892.jpg,benign,benign,0.9774584079850935
ISIC_0034893.jpg,benign,benign,0.9642272448131411
ISIC_0034894.jpg,benign,benign,0.9508583797410337
ISIC_0034895.jpg,malignant,malignant,0.9390940120069677
ISIC_0034897.jpg,benign,benign,0.9664256555668906
ISIC_0034900.jpg,benign,benign,0.9555936423855849
ISIC_0034901.jpg,benign,benign,0.9114706590079117
ISIC_0034902.jpg,benign,benign,0.9974827268040334
ISIC_0034903.jpg,benign,benign,0.9953536241359621
ISIC_0034904.jpg,malignant,malignant,0.7701920783668789
ISIC_0034907.jpg,benign,benign,0.7933224701439104
ISIC_0034908.jpg,benign,benign,0.9884265555067848
ISIC_0034909.jpg,benign,malignant,0.5370030484404775
ISIC_0034912.jpg,benign,benign,0.991643607263079
ISIC_0034913.jpg,benign,benign,0.9939255663601889
ISIC_0034916.jpg,benign,benign,0.9856747590186278
ISIC_0034917.jpg,benign,benign,0.996847849978252
ISIC_0034918.jpg,malignant,malignant,0.521407205122032
ISIC_0034919.jpg,benign,benign,0.9970297807425605
ISIC_0034920.jpg,benign,benign,0.8768828738796101
ISIC_0034921.jpg,benign,malignant,0.5994196321479811
ISIC_0034922.jpg,benign,benign,0.9975635298704044
ISIC_0034923.jpg,benign,benign,0.9468674195254064
ISIC_0034924.jpg,benign,benign,0.990456031085494
ISIC_0034925.jpg,benign,benign,0.8649779211492596
ISIC_0034926.jpg,malignant,malignant,0.9968258004175791
ISIC_0034927.jpg,benign,malignant,0.7430205614498642
ISIC_0034928.jpg,benign,benign,0.9970271443973492
ISIC_0034932.jpg,benign,benign,0.8581917119831184
ISIC_0034933.jpg,benign,benign,0.9838333104946736
ISIC_0034934.jpg,malignant,malignant,0.7743820267023905
ISIC_0034935.jpg,benign,benign,0.6253812408062349
ISIC_0034938.jpg,benign,benign,0.9550484492526221
ISIC_0034940.jpg,benign,benign,0.9933149328406335
ISIC_0034941.jpg,benign,benign,0.8252189234823093
ISIC_0034942.jpg,benign,benign,0.9977800435978202
ISIC_0034943.jpg,benign,benign,0.9988883232950878
ISIC_0034944.jpg,benign,malignant,0.5965449364550667
ISIC_0034945.jpg,benign,benign,0.9815973558272509
ISIC_0034947.jpg,benign,benign,0.9989604424492452
ISIC_0034949.jpg,malignant,malignant,0.999984407764604
ISIC_0034950.jpg,benign,benign,0.9783140640747326
ISIC_0034955.jpg,benign,malignant,0.5995566788178314
ISIC_0034956.jpg,benign,benign,0.9522731904644111
ISIC_0034957.jpg,malignant,malignant,0.9635426090688024
ISIC_0034958.jpg,malignant,malignant,0.9897948361750932
ISIC_0034959.jpg,malignant,malignant,0.991513498689176
ISIC_0034962.jpg,benign,benign,0.9969446615835471
ISIC_0034964.jpg,benign,benign,0.759886963222136
ISIC_0034965.jpg,benign,benign,0.9946065874725623
ISIC_0034967.jpg,benign,malignant,0.7368309942082669
ISIC_0034968.jpg,benign,benign,0.932592211753818
ISIC_0034971.jpg,malignant,malignant,0.9212843376131735
ISIC_0034973.jpg,benign,benign,0.9923103344733809
ISIC_0034974.jpg,benign,benign,0.9557830718349026
ISIC_0034975.jpg,benign,benign,0.9731216061454994
ISIC_0034976.jpg,benign,benign,0.9883928535530504
ISIC_0034977.jpg,benign,benign,0.9813432253506135
ISIC_0034978.jpg,benign,benign,0.9843694947798425
ISIC_0034979.jpg,benign,benign,0.9931768247770881
ISIC_0034983.jpg,benign,benign,0.9934398222632547
ISIC_0034984.jpg,benign,benign,0.9063165650404428
ISIC_0034985.jpg,benign,benign,0.9902751102748465
ISIC_0034986.jpg,benign,benign,0.9919708408099409
ISIC_0034988.jpg,malignant,malignant,0.7685260230099162
ISIC_0034989.jpg,benign,benign,0.9406171641055172
ISIC_0034990.jpg,benign,benign,0.9912335050869818
ISIC_0034991.jpg,benign,benign,0.9922223339744176
ISIC_0034992.jpg,benign,benign,0.910571328561164
ISIC_0034996.jpg,benign,benign,0.9674633360190157
ISIC_0034998.jpg,malignant,malignant,0.813280746868571
ISIC_0035000.jpg,malignant,malignant,0.8452086378234096
ISIC_0035002.jpg,benign,benign,0.9341089835493925
ISIC_0035003.jpg,benign,benign,0.994775145975864
ISIC_0035005.jpg,benign,benign,0.8590752300636038
ISIC_0035006.jpg,benign,benign,0.945704887009042
ISIC_0035007.jpg,benign,benign,0.7315169880238215
ISIC_0035009.jpg,benign,benign,0.8180864388623461
ISIC_0035011.jpg,benign,benign,0.9111887282765607
ISIC_0035013.jpg,benign,benign,0.9872362042177689
ISIC_0035014.jpg,benign,benign,0.99739706467211
ISIC_0035015.jpg,benign,benign,0.998153281859969
ISIC_0035016.jpg,benign,benign,0.9717804256812704
ISIC_0035017.jpg,benign,benign,0.9982914986526426
ISIC_0035019.jpg,benign,benign,0.9057625286785697
ISIC_0035020.jpg,benign,benign,0.9664372856659925
ISIC_0035021.jpg,malignant,benign,0.6041862031278807
ISIC_0035022.jpg,benign,benign,0.9950334137862097
ISIC_0035023.jpg,benign,malignant,0.6767615301512951
ISIC_0035024.jpg,benign,benign,0.9857015226132663
ISIC_0035025.jpg,benign,benign,0.9786276378460558
ISIC_0035027.jpg,benign,benign,0.991318216859374
ISIC_0035030.jpg,benign,benign,0.9946784479438153
ISIC_0035031.jpg,benign,benign,0.990647353375199
ISIC_0035034.jpg,benign,benign,0.9511622175964971
ISIC_0035036.jpg,benign,benign,0.9930735249845809
ISIC_0035038.jpg,benign,benign,0.6200381932191132
ISIC_0035044.jpg,benign,benign,0.8238511980211904
ISIC_0035045.jpg,benign,benign,0.98783818799995
ISIC_0035046.jpg,benign,benign,0.7513865540032589
ISIC_0035047.jpg,malignant,malignant,0.9635715574459448
ISIC_0035048.jpg,malignant,malignant,0.650396342062779
ISIC_0035049.jpg,benign,benign,0.9892314610737999
ISIC_0035050.jpg,benign,benign,0.5106831172422679
ISIC_0035051.jpg,benign,benign,0.9487631107671292
ISIC_0035052.jpg,benign,benign,0.9824534237218526
ISIC_0035053.jpg,benign,benign,0.9992621637322722
ISIC_0035055.jpg,benign,benign,0.993502389059291
ISIC_0035056.jpg,benign,benign,0.99638106047126
ISIC_0035058.jpg,benign,benign,0.9988922730255888
ISIC_0035059.jpg,benign,benign,0.7340931354726211
ISIC_0035060.jpg,benign,benign,0.9939758269556347
ISIC_0035061.jpg,benign,benign,0.7226619107919701
ISIC_0035062.jpg,benign,benign,0.9988464868113242
ISIC_0035063.jpg,benign,benign,0.8402189834456752
ISIC_0035065.jpg,benign,benign,0.9981852336120342
ISIC_0035066.jpg,benign,benign,0.9969317092118388
ISIC_0035067.jpg,benign,malignant,0.7179577565077816
ISIC_0035068.jpg,benign,benign,0.6438645463341126
ISIC_0035070.jpg,malignant,benign,0.85392032149695
ISIC_0035071.jpg,benign,benign,0.988420338719828
ISIC_0035073.jpg,benign,benign,0.9979478364965831
ISIC_0035074.jpg,benign,benign,0.9955505089043006
ISIC_0035077.jpg,benign,benign,0.994965659190551
ISIC_0035079.jpg,benign,benign,0.9037171856267247
ISIC_0035080.jpg,benign,benign,0.9728208999582301
ISIC_0035081.jpg,malignant,malignant,0.9838692991939995
ISIC_0035082.jpg,benign,benign,0.963070541245505
ISIC_0035083.jpg,benign,benign,0.9895686673340126
ISIC_0035084.jpg,benign,benign,0.9881773356918169
ISIC_0035085.jpg,benign,benign,0.9846247421265645
ISIC_0035086.jpg,benign,benign,0.9974223770284293
ISIC_0035087.jpg,benign,benign,0.9997768573533984
ISIC_0035088.jpg,benign,benign,0.9871296308178005
ISIC_0035089.jpg,malignant,malignant,0.6487527248654712
ISIC_0035090.jpg,malignant,malignant,0.5166383249719433
ISIC_0035091.jpg,benign,benign,0.6670920981591031
ISIC_0035092.jpg,benign,benign,0.9658163324319049
ISIC_0035093.jpg,benign,benign,0.9282733611341454
ISIC_0035094.jpg,benign,benign,0.7093687312245813
ISIC_0035096.jpg,benign,benign,0.9933718642704381
ISIC_0035097.jpg,benign,benign,0.8471631561777276
ISIC_0035098.jpg,benign,benign,0.9633428406615885
ISIC_0035099.jpg,malignant,malignant,0.9908574853281498
ISIC_0035100.jpg,benign,benign,0.9110845698489846
ISIC_0035101.jpg,benign,malignant,0.5872931656691094
ISIC_0035102.jpg,benign,benign,0.9905248079188926
ISIC_0035103.jpg,benign,benign,0.9769425730600976
ISIC_0035105.jpg,benign,benign,0.9383322039549862
ISIC_0035107.jpg,benign,benign,0.9958983559297845
ISIC_0035108.jpg,benign,benign,0.9308593074838624
ISIC_0035111.jpg,benign,benign,0.9941763957970357
ISIC_0035113.jpg,benign,benign,0.9979674135124781
ISIC_0035114.jpg,benign,benign,0.988015750607222
ISIC_0035116.jpg,benign,benign,0.9416326686651144
ISIC_0035118.jpg,benign,benign,0.9569342244024442
ISIC_0035121.jpg,benign,benign,0.9872688522819835
ISIC_0035122.jpg,benign,benign,0.9485560646238104
ISIC_0035123.jpg,benign,benign,0.965986221108955
ISIC_0035124.jpg,malignant,malignant,0.7288164758377378
ISIC_0035126.jpg,benign,benign,0.8040523546967717
ISIC_0035129.jpg,benign,benign,0.9542051001257531
ISIC_0035130.jpg,malignant,malignant,0.6174156439253883
ISIC_0035132.jpg,benign,benign,0.6448698189902068
ISIC_0035133.jpg,benign,benign,0.9690016959985133
ISIC_0035134.jpg,benign,benign,0.9580242787269334
ISIC_0035135.jpg,benign,benign,0.9942525028113947
ISIC_0035137.jpg,benign,benign,0.9568326412527184
ISIC_0035138.jpg,benign,benign,0.9577410387238899
ISIC_0035139.jpg,malignant,benign,0.7080788938140432
ISIC_0035140.jpg,benign,benign,0.9692803207828709
ISIC_0035143.jpg,benign,benign,0.9931906426227141
ISIC_0035144.jpg,benign,benign,0.985013196085251
ISIC_0035145.jpg,benign,benign,0.9956931788317225
ISIC_0035146.jpg,benign,benign,0.9070436187507723
ISIC_0035148.jpg,benign,benign,0.9029698872197613
ISIC_0035150.jpg,benign,benign,0.5482827182865702
ISIC_0035152.jpg,benign,benign,0.5766033712955206
ISIC_0035153.jpg,benign,benign,0.9880654901263309
ISIC_0035156.jpg,benign,benign,0.9515304948653371
ISIC_0035157.jpg,benign,benign,0.9926262577535325
ISIC_0035158.jpg,benign,benign,0.9846763534786604
ISIC_0035160.jpg,benign,benign,0.9941531362777218
ISIC_0035161.jpg,benign,benign,0.9860060163842511
ISIC_0035162.jpg,benign,benign,0.6552745416183575
ISIC_0035164.jpg,benign,benign,0.9845409218757093
ISIC_0035165.jpg,benign,benign,0.9749846518612089
ISIC_0035166.jpg,benign,benign,0.9421055358840356
ISIC_0035167.jpg,benign,benign,0.9922277368413183
ISIC_0035169.jpg,benign,benign,0.992560612339102
ISIC_0035170.jpg,benign,benign,0.6675800969102161
ISIC_0035172.jpg,benign,benign,0.9860775499873835
ISIC_0035173.jpg,benign,benign,0.9998486100233218
ISIC_0035175.jpg,benign,benign,0.9987482698065608
ISIC_0035176.jpg,benign,benign,0.9421634031412404
ISIC_0035177.jpg,malignant,malignant,0.8942930744126313
ISIC_0035178.jpg,benign,benign,0.7866127709468858
ISIC_0035181.jpg,benign,benign,0.9954175999710834
ISIC_0035182.jpg,benign,benign,0.9962582518702027
ISIC_0035184.jpg,benign,benign,0.9906437704350907
ISIC_0035186.jpg,benign,benign,0.8882402440017988
ISIC_0035187.jpg,benign,benign,0.9813106188542104
ISIC_0035188.jpg,benign,benign,0.9903705872503652
ISIC_0035189.jpg,benign,benign,0.9119023014388169
ISIC_0035191.jpg,benign,benign,0.98773555294753
ISIC_0035192.jpg,benign,benign,0.9959331362323569
ISIC_0035193.jpg,benign,benign,0.9868264879383316
ISIC_0035195.jpg,benign,benign,0.9968305368303481
ISIC_0035196.jpg,malignant,malignant,0.9545053871850905
ISIC_0035197.jpg,benign,benign,0.8017443133637857
ISIC_0035198.jpg,benign,benign,0.9946084236255042
ISIC_0035199.jpg,benign,benign,0.6073427957550767
ISIC_0035200.jpg,benign,malignant,0.5988494465877715
ISIC_0035201.jpg,benign,benign,0.9983952574332388
ISIC_0035204.jpg,benign,benign,0.9795758580478856
ISIC_0035205.jpg,benign,benign,0.9797231347213563
ISIC_0035207.jpg,malignant,malignant,0.9382829361345224
ISIC_0035208.jpg,benign,benign,0.9625248952949517
ISIC_0035209.jpg,benign,benign,0.9927718266371743
ISIC_0035211.jpg,benign,benign,0.9824015628456084
ISIC_0035213.jpg,benign,benign,0.8957181944710793
ISIC_0035214.jpg,benign,benign,0.9751242055569881
ISIC_0035215.jpg,benign,benign,0.9996807263853196
ISIC_0035216.jpg,malignant,malignant,0.9820092184137095
ISIC_0035217.jpg,benign,benign,0.8189285582131922
ISIC_0035219.jpg,benign,benign,0.9834283975762892
ISIC_0035220.jpg,benign,benign,0.8957377224728789
ISIC_0035221.jpg,benign,benign,0.9898028559027467
ISIC_0035222.jpg,benign,benign,0.7529278970527972
ISIC_0035223.jpg,benign,benign,0.8718795696897406
ISIC_0035224.jpg,malignant,malignant,0.9092228407354551
ISIC_0035225.jpg,benign,benign,0.8343955400013505
ISIC_0035227.jpg,benign,benign,0.9902685043163001
ISIC_0035228.jpg,benign,benign,0.9949542307277206
ISIC_0035229.jpg,malignant,malignant,0.8130068897601498
ISIC_0035230.jpg,benign,benign,0.9929435068817698
ISIC_0035231.jpg,benign,benign,0.9991967859905366
ISIC_0035232.jpg,malignant,malignant,0.9644924011013485
ISIC_0035233.jpg,benign,benign,0.9765438618815168
ISIC_0035234.jpg,benign,benign,0.9940120276468566
ISIC_0035235.jpg,benign,benign,0.9844066144628556
ISIC_0035236.jpg,benign,benign,0.9409746715866187
ISIC_0035237.jpg,benign,benign,0.9840089973362365
ISIC_0035238.jpg,benign,benign,0.9758223115807648
ISIC_0035240.jpg,malignant,malignant,0.7588737001244827
ISIC_0035241.jpg,benign,benign,0.6441509522847368
ISIC_0035242.jpg,benign,benign,0.9814766152418658
ISIC_0035244.jpg,benign,benign,0.963073946807201
ISIC_0035245.jpg,benign,malignant,0.7496710487581455
ISIC_0035246.jpg,benign,malignant,0.5582558300157129
ISIC_0035248.jpg,malignant,malignant,0.9212937904478286
ISIC_0035250.jpg,benign,benign,0.9804932677760738
ISIC_0035253.jpg,benign,benign,0.9850502331678667
ISIC_0035255.jpg,benign,benign,0.9897544117001319
ISIC_0035256.jpg,benign,benign,0.9781235473305004
ISIC_0035257.jpg,benign,benign,0.9675378458501213
ISIC_0035260.jpg,benign,benign,0.9919762253632122
ISIC_0035263.jpg,malignant,malignant,0.8787400067818781
ISIC_0035265.jpg,benign,benign,0.5483594776482256
ISIC_0035266.jpg,benign,benign,0.9813109734590579
ISIC_0035267.jpg,benign,benign,0.7368101729586489
ISIC_0035268.jpg,benign,benign,0.9920374234923945
ISIC_0035271.jpg,malignant,malignant,0.8963195752725189
ISIC_0035272.jpg,benign,benign,0.9569632056520391
ISIC_0035273.jpg,benign,benign,0.9971876517231375
ISIC_0035274.jpg,benign,benign,0.9346787557305257
ISIC_0035275.jpg,benign,benign,0.9255103946665421
ISIC_0035278.jpg,benign,benign,0.982317502610504
ISIC_0035280.jpg,malignant,malignant,0.701496196486772
ISIC_0035281.jpg,benign,benign,0.9952023291063742
ISIC_0035282.jpg,benign,benign,0.9924970226018651
ISIC_0035283.jpg,benign,benign,0.9861800116494523
ISIC_0035285.jpg,benign,benign,0.977813056667657
ISIC_0035286.jpg,benign,benign,0.9806758093588047
ISIC_0035288.jpg,benign,benign,0.9847331760044481
ISIC_0035289.jpg,benign,benign,0.973744195438399
ISIC_0035290.jpg,benign,malignant,0.9642717422804967
ISIC_0035292.jpg,benign,benign,0.9826741963383069
ISIC_0035294.jpg,benign,benign,0.9955889506959836
ISIC_0035295.jpg,benign,benign,0.9776209248771582
ISIC_0035296.jpg,benign,benign,0.869783939783484
ISIC_0035297.jpg,benign,benign,0.9914075571359772
ISIC_0035298.jpg,benign,benign,0.9976682461604918
ISIC_0035299.jpg,benign,benign,0.9748367981930641
ISIC_0035300.jpg,benign,benign,0.9966354714422583
ISIC_0035301.jpg,benign,benign,0.7919075755685154
ISIC_0035302.jpg,benign,benign,0.9102715126652953
ISIC_0035303.jpg,benign,benign,0.9855428745689896
ISIC_0035304.jpg,benign,benign,0.9333116628648443
ISIC_0035306.jpg,malignant,malignant,0.7401157638758799
ISIC_0035307.jpg,benign,benign,0.9901095881386791
ISIC_0035309.jpg,benign,benign,0.9925451271949711
ISIC_0035311.jpg,benign,benign,0.9788380168546672
ISIC_0035312.jpg,benign,benign,0.990791806458411
ISIC_0035313.jpg,malignant,malignant,0.9599380896006552
ISIC_0035314.jpg,benign,benign,0.9823433900161722
ISIC_0035315.jpg,benign,benign,0.9670030978646695
ISIC_0035319.jpg,benign,benign,0.9546929870289222
ISIC_0035320.jpg,benign,benign,0.9840058277757363
ISIC_0035323.jpg,benign,benign,0.9940058057860648
ISIC_0035324.jpg,benign,malignant,0.7276022418815018
ISIC_0035325.jpg,benign,benign,0.995234170034634
ISIC_0035326.jpg,malignant,malignant,0.9542896244557005
ISIC_0035327.jpg,benign,benign,0.8698312394883424
ISIC_0035328.jpg,benign,benign,0.9982424008218861
ISIC_0035329.jpg,benign,benign,0.9832459706373
ISIC_0035333.jpg,benign,benign,0.9980670599133549
ISIC_0035335.jpg,benign,benign,0.9814692477717968
ISIC_0035336.jpg,benign,benign,0.9394458556453729
ISIC_0035337.jpg,benign,benign,0.9816819819947454
ISIC_0035339.jpg,benign,benign,0.9972820340933304
ISIC_0035341.jpg,benign,benign,0.9947498681064314
ISIC_0035342.jpg,benign,benign,0.9967479421952078
ISIC_0035343.jpg,benign,benign,0.7746037194363491
ISIC_0035344.jpg,benign,benign,0.9599109509887578
ISIC_0035345.jpg,malignant,malignant,0.9688432534122431
ISIC_0035346.jpg,benign,malignant,0.928545445605989
ISIC_0035347.jpg,benign,benign,0.9945365320634447
ISIC_0035349.jpg,benign,benign,0.9655528441290722
ISIC_0035350.jpg,benign,benign,0.9683540563914811
ISIC_0035351.jpg,malignant,malignant,0.9730121883513556
ISIC_0035352.jpg,benign,benign,0.9893617187162073
ISIC_0035353.jpg,benign,benign,0.9862060225953375
ISIC_0035354.jpg,benign,benign,0.9899029391360867
ISIC_0035356.jpg,benign,benign,0.6291158021501064
ISIC_0035358.jpg,benign,benign,0.9888239956324002
ISIC_0035359.jpg,benign,benign,0.9902841894045435
ISIC_0035361.jpg,benign,benign,0.9964573880740428
ISIC_0035362.jpg,malignant,malignant,0.9736011641782334
ISIC_0035363.jpg,benign,benign,0.9981282466933996
ISIC_0035365.jpg,benign,benign,0.9957826083951965
ISIC_0035366.jpg,malignant,malignant,0.697380882620994
ISIC_0035367.jpg,benign,benign,0.9943646286724995
ISIC_0035369.jpg,benign,benign,0.9984888712088587
ISIC_0035370.jpg,benign,malignant,0.8022357769259834
ISIC_0035373.jpg,benign,benign,0.9480380762429903
ISIC_0035375.jpg,benign,benign,0.9799368025658771
ISIC_0035377.jpg,benign,benign,0.9961490890372184
ISIC_0035378.jpg,benign,benign,0.9836341424419821
ISIC_0035379.jpg,benign,benign,0.9923757248278334
ISIC_0035380.jpg,benign,benign,0.9732605408266152
ISIC_0035381.jpg,benign,benign,0.7828809945591524
ISIC_0035382.jpg,benign,benign,0.9701987122030277
ISIC_0035383.jpg,benign,benign,0.9389042984572777
ISIC_0035384.jpg,benign,benign,0.9943634575995379
ISIC_0035385.jpg,benign,benign,0.9693903357031428
ISIC_0035386.jpg,benign,benign,0.963962416295137
ISIC_0035387.jpg,benign,benign,0.9952712185599165
ISIC_0035390.jpg,benign,benign,0.9931272850473016
ISIC_0035392.jpg,benign,benign,0.7299415403683642
ISIC_0035393.jpg,malignant,malignant,0.6103749423891451
ISIC_0035394.jpg,benign,malignant,0.9542771154763602
ISIC_0035395.jpg,benign,benign,0.9284541661473583
ISIC_0035396.jpg,benign,benign,0.9903501579196287
ISIC_0035397.jpg,malignant,malignant,0.7526769580066498
ISIC_0035398.jpg,benign,malignant,0.6588717515957998
ISIC_0035399.jpg,benign,benign,0.9538542765430262
ISIC_0035400.jpg,benign,benign,0.9741898604002265
ISIC_0035401.jpg,benign,benign,0.9962287425597375
ISIC_0035402.jpg,benign,benign,0.9901499158835189
ISIC_0035404.jpg,benign,benign,0.989064882207969
ISIC_0035405.jpg,benign,benign,0.9391172377156
ISIC_0035406.jpg,malignant,benign,0.6988979836515481
ISIC_0035407.jpg,benign,benign,0.9666059578608373
ISIC_0035408.jpg,benign,benign,0.8765833621724421
ISIC_0035409.jpg,benign,benign,0.8552475548034463
ISIC_0035410.jpg,benign,benign,0.9850882884758313
ISIC_0035411.jpg,benign,benign,0.9894315643784799
ISIC_0035412.jpg,benign,benign,0.9924001408000712
ISIC_0035413.jpg,benign,benign,0.9897149164377779
ISIC_0035414.jpg,malignant,malignant,0.8875279474174028
ISIC_0035417.jpg,benign,benign,0.9367296154468447
ISIC_0035418.jpg,benign,benign,0.8177647361955045
ISIC_0035419.jpg,benign,benign,0.9157820647950077
ISIC_0035420.jpg,malignant,malignant,0.8054859581046873
ISIC_0035422.jpg,benign,benign,0.9852493320622989
ISIC_0035423.jpg,benign,malignant,0.7974137384916787
ISIC_0035425.jpg,benign,malignant,0.7058666419662227
ISIC_0035427.jpg,benign,benign,0.9765576942111482
ISIC_0035428.jpg,benign,benign,0.9984011627208697
ISIC_0035429.jpg,benign,benign,0.9737650451946559
ISIC_0035430.jpg,malignant,malignant,0.9814590713397218
ISIC_0035431.jpg,benign,benign,0.9825135669634908
ISIC_0035433.jpg,benign,malignant,0.8391094419485303
ISIC_0035434.jpg,malignant,malignant,0.5842760210412054
ISIC_0035435.jpg,benign,benign,0.9971445743379141
ISIC_0035437.jpg,benign,benign,0.9978076317797913
ISIC_0035438.jpg,benign,benign,0.9987946767648511
ISIC_0035441.jpg,benign,benign,0.9969341643236592
ISIC_0035442.jpg,benign,benign,0.8319188802263462
ISIC_0035444.jpg,benign,benign,0.9731034819843329
ISIC_0035445.jpg,benign,benign,0.9244103970461619
ISIC_0035447.jpg,benign,benign,0.9808777135669478
ISIC_0035448.jpg,benign,benign,0.7676947084143176
ISIC_0035449.jpg,benign,benign,0.8735032772830422
ISIC_0035452.jpg,benign,benign,0.9925037284754253
ISIC_0035453.jpg,benign,benign,0.9991655668811693
ISIC_0035455.jpg,benign,benign,0.9724626195054324
ISIC_0035456.jpg,benign,benign,0.7742485758481856
ISIC_0035457.jpg,benign,malignant,0.5054517596308822
ISIC_0035458.jpg,benign,malignant,0.8131518564779868
ISIC_0035459.jpg,malignant,malignant,0.6458110311816077
ISIC_0035460.jpg,malignant,malignant,0.5988455270179585
ISIC_0035461.jpg,benign,benign,0.9735418188315992
ISIC_0035462.jpg,malignant,malignant,0.6534413622102375
ISIC_0035465.jpg,benign,malignant,0.8557604991694091
ISIC_0035467.jpg,benign,benign,0.993486849897422
ISIC_0035469.jpg,benign,benign,0.9516880989877673
ISIC_0035470.jpg,benign,benign,0.9444998557331693
ISIC_0035473.jpg,benign,benign,0.9867971809095478
ISIC_0035474.jpg,benign,benign,0.8941897359411738
ISIC_0035476.jpg,benign,benign,0.9952283681407815
ISIC_0035477.jpg,benign,benign,0.9932298216875312
ISIC_0035478.jpg,malignant,malignant,0.8422779234518691
ISIC_0035479.jpg,benign,benign,0.9942302931088254
ISIC_0035480.jpg,benign,benign,0.9941211844885852
ISIC_0035481.jpg,benign,benign,0.891401801856844
ISIC_0035482.jpg,benign,benign,0.995743704218078
ISIC_0035483.jpg,benign,benign,0.8905689269346585
ISIC_0035484.jpg,benign,benign,0.9246396234578219
ISIC_0035485.jpg,benign,benign,0.9799242559325173
ISIC_0035486.jpg,malignant,malignant,0.992709083339026
ISIC_0035488.jpg,benign,benign,0.983886095126218
ISIC_0035489.jpg,benign,benign,0.8578430336122618
ISIC_0035491.jpg,benign,benign,0.8820201621581588
ISIC_0035492.jpg,benign,benign,0.9723481420812984
ISIC_0035493.jpg,benign,benign,0.8137328345870143
ISIC_0035494.jpg,benign,benign,0.7950662452587338
ISIC_0035495.jpg,benign,benign,0.9376239876925409
ISIC_0035496.jpg,benign,benign,0.9844995971700132
ISIC_0035497.jpg,benign,benign,0.9895544645532495
ISIC_0035498.jpg,benign,benign,0.9565350024428936
ISIC_0035499.jpg,benign,benign,0.9957189742357846
ISIC_0035500.jpg,benign,benign,0.9915344907533183
ISIC_0035501.jpg,benign,benign,0.9873942948210817
ISIC_0035503.jpg,benign,benign,0.9721260417168144
ISIC_0035505.jpg,malignant,malignant,0.9973054898040498
ISIC_0035506.jpg,benign,benign,0.9828094506378152
ISIC_0035507.jpg,benign,benign,0.9972729251390484
ISIC_0035508.jpg,benign,benign,0.9927371875569521
ISIC_0035509.jpg,benign,benign,0.8813907557556107
ISIC_0035510.jpg,malignant,malignant,0.7612475961995703
ISIC_0035512.jpg,benign,benign,0.9934502216975418
ISIC_0035513.jpg,benign,benign,0.9903196617160928
ISIC_0035515.jpg,benign,benign,0.9035761534829329
ISIC_0035516.jpg,benign,benign,0.8224092050714104
ISIC_0035518.jpg,benign,benign,0.9856237056699335
ISIC_0035519.jpg,benign,benign,0.9641997428139104
ISIC_0035520.jpg,benign,benign,0.9658521211926097
ISIC_0035521.jpg,benign,benign,0.9005941930541391
ISIC_0035522.jpg,malignant,malignant,0.9494519557935472
ISIC_0035523.jpg,benign,benign,0.9889142591649654
ISIC_0035524.jpg,benign,benign,0.9914025907609655
ISIC_0035525.jpg,malignant,benign,0.7838825298096852
ISIC_0035526.jpg,benign,benign,0.9895099424406262
ISIC_0035527.jpg,benign,benign,0.8113806994937377
ISIC_0035528.jpg,benign,benign,0.8896846777058398
ISIC_0035529.jpg,benign,benign,0.996511525707411
ISIC_0035530.jpg,benign,benign,0.9975437716616535
ISIC_0035531.jpg,benign,benign,0.9864385041034103
ISIC_0035532.jpg,benign,benign,0.9013390887128201
ISIC_0035534.jpg,benign,benign,0.988573319053986
ISIC_0035535.jpg,benign,benign,0.9767040981132318
ISIC_0035536.jpg,benign,benign,0.9674327047886926
ISIC_0035537.jpg,benign,benign,0.9973662202001636
ISIC_0035539.jpg,benign,benign,0.9313095088947035
ISIC_0035540.jpg,benign,benign,0.9964622337827478
ISIC_0035541.jpg,benign,benign,0.9844905106704486
ISIC_0035542.jpg,benign,benign,0.9616251320293093
ISIC_0035543.jpg,benign,benign,0.8646452152776188
ISIC_0035544.jpg,benign,benign,0.9919225826066952
ISIC_0035545.jpg,benign,benign,0.8410162829414051
ISIC_0035546.jpg,benign,benign,0.9915412448819004
ISIC_0035548.jpg,benign,benign,0.9897311133500959
ISIC_0035550.jpg,malignant,malignant,0.7231553688847446
ISIC_0035551.jpg,benign,benign,0.9898196647106842
ISIC_0035554.jpg,benign,benign,0.7754702729048802
ISIC_0035555.jpg,benign,benign,0.8586318545353212
ISIC_0035557.jpg,benign,benign,0.9945918996315566
ISIC_0035558.jpg,malignant,malignant,0.8279688754469913
ISIC_0035559.jpg,benign,benign,0.9869328549547063
ISIC_0035560.jpg,benign,benign,0.9892314519288286
ISIC_0035561.jpg,malignant,malignant,0.6324796840397731
ISIC_0035562.jpg,malignant,malignant,0.9144699876687961
ISIC_0035563.jpg,benign,benign,0.9891201174234024
ISIC_0035565.jpg,benign,benign,0.9757714040832426
ISIC_0035566.jpg,benign,benign,0.9774059719586284
ISIC_0035567.jpg,benign,benign,0.9984829014348977
ISIC_0035568.jpg,benign,benign,0.9959281792007056
ISIC_0035569.jpg,benign,benign,0.9956816164790514
ISIC_0035571.jpg,benign,benign,0.7846645047419749
ISIC_0035572.jpg,benign,benign,0.9994912994156258
ISIC_0035573.jpg,benign,benign,0.7749254162216745
ISIC_0035574.jpg,benign,benign,0.9877078034998045
ISIC_0035575.jpg,benign,benign,0.9908140431672018
ISIC_0035576.jpg,benign,benign,0.9963086361489574
ISIC_0035577.jpg,benign,benign,0.9489682482387127
ISIC_0035578.jpg,benign,benign,0.9905187614014904
ISIC_0035579.jpg,benign,benign,0.7654564516645755
ISIC_0035580.jpg,benign,benign,0.9941957605596717
ISIC_0035581.jpg,benign,benign,0.947363728561287
ISIC_0035582.jpg,benign,malignant,0.5599488190259687
ISIC_0035583.jpg,benign,benign,0.8264355404503607
ISIC_0035587.jpg,benign,benign,0.9941002719179712
ISIC_0035591.jpg,benign,benign,0.9986545852472439
ISIC_0035592.jpg,benign,benign,0.7239813301264847
ISIC_0035596.jpg,benign,benign,0.9911060173136838
ISIC_0035597.jpg,benign,benign,0.6289726302812976
ISIC_0035598.jpg,benign,benign,0.9993633370051356
ISIC_0035600.jpg,benign,benign,0.9836552246376441
ISIC_0035601.jpg,benign,benign,0.9567842835100672
ISIC_0035602.jpg,malignant,malignant,0.8584328847717657
ISIC_0035604.jpg,benign,benign,0.9936815321909458
ISIC_0035605.jpg,malignant,benign,0.6218482587083456
ISIC_0035606.jpg,malignant,malignant,0.5623904090289052
ISIC_0035609.jpg,benign,benign,0.9443245483086854
ISIC_0035610.jpg,malignant,malignant,0.7056977096933215
ISIC_0035611.jpg,benign,benign,0.992324596805062
ISIC_0035614.jpg,benign,benign,0.9837571398496238
ISIC_0035615.jpg,benign,benign,0.803508619275449
ISIC_0035616.jpg,benign,benign,0.9876038845232721
ISIC_0035617.jpg,benign,benign,0.9887983812042814
ISIC_0035618.jpg,benign,benign,0.997472884135771
ISIC_0035621.jpg,benign,benign,0.9866140272517913
ISIC_0035623.jpg,benign,benign,0.9947824000314356
ISIC_0035628.jpg,benign,benign,0.998839084279105
ISIC_0035629.jpg,malignant,benign,0.8832979143102678
ISIC_0035632.jpg,benign,malignant,0.7541861474513731
ISIC_0035636.jpg,malignant,benign,0.8058369221800663
ISIC_0035637.jpg,malignant,malignant,0.9321930470052141
ISIC_0035638.jpg,benign,benign,0.9947534076033842
ISIC_0035639.jpg,benign,benign,0.6645673551665682
ISIC_0035640.jpg,malignant,malignant,0.8209943073785125
ISIC_0035641.jpg,benign,benign,0.9775132674382215
ISIC_0035644.jpg,benign,benign,0.9826112116901161
ISIC_0035646.jpg,benign,benign,0.9716919405638667
ISIC_0035647.jpg,benign,benign,0.9939174604146235
ISIC_0035648.jpg,benign,malignant,0.5506250802158481
ISIC_0035649.jpg,benign,benign,0.9954755882677329
ISIC_0035651.jpg,malignant,malignant,0.9783194205861476
ISIC_0035652.jpg,benign,benign,0.9433025787803928
ISIC_0035653.jpg,malignant,malignant,0.9774100906882931
ISIC_0035654.jpg,benign,benign,0.9805345116044427
ISIC_0035656.jpg,benign,benign,0.7401527921331151
ISIC_0035657.jpg,benign,benign,0.5347182129720921
ISIC_0035659.jpg,benign,benign,0.8502210945431954
ISIC_0035662.jpg,benign,benign,0.8596645605343451
ISIC_0035663.jpg,malignant,benign,0.6392744816711644
ISIC_0035665.jpg,benign,benign,0.9811247030989595
ISIC_0035666.jpg,benign,malignant,0.5592779526369632
ISIC_0035668.jpg,benign,benign,0.6148452478719982
ISIC_0035670.jpg,malignant,benign,0.9316108970270892
ISIC_0035671.jpg,benign,benign,0.8870393551687316
ISIC_0035672.jpg,benign,benign,0.949264585092813
ISIC_0035673.jpg,benign,benign,0.7317817734450045
ISIC_0035674.jpg,benign,benign,0.9790269187433053
ISIC_0035678.jpg,benign,benign,0.9438595280160818
ISIC_0035680.jpg,malignant,benign,0.8358590541917823
ISIC_0035681.jpg,benign,benign,0.9526151614119199
ISIC_0035682.jpg,malignant,benign,0.7752638049041104
ISIC_0035684.jpg,benign,benign,0.5859924360544067
ISIC_0035686.jpg,benign,benign,0.5167757848683032
ISIC_0035687.jpg,benign,benign,0.9456995147544744
ISIC_0035688.jpg,benign,benign,0.7265300713490628
ISIC_0035689.jpg,benign,benign,0.8121996164777772
ISIC_0035690.jpg,malignant,malignant,0.7183425543956456
ISIC_0035693.jpg,benign,benign,0.8730170162893923
ISIC_0035696.jpg,malignant,malignant,0.9743009776331494
ISIC_0035697.jpg,benign,benign,0.9253396748402858
ISIC_0035698.jpg,malignant,malignant,0.8638461595088192
ISIC_0035699.jpg,benign,benign,0.8955527705036966
ISIC_0035700.jpg,malignant,benign,0.8449306027704863
ISIC_0035702.jpg,benign,benign,0.9020871184746887
ISIC_0035703.jpg,benign,benign,0.9889736914151418
ISIC_0035704.jpg,benign,malignant,0.6147714773330057
ISIC_0035705.jpg,malignant,malignant,0.49454704570815783
ISIC_0035706.jpg,benign,benign,0.9920528329277121
ISIC_0035707.jpg,benign,benign,0.9842284076759832
ISIC_0035708.jpg,malignant,malignant,0.8702535484530369
ISIC_0035709.jpg,benign,benign,0.9646061831347987
ISIC_0035710.jpg,benign,malignant,0.670746015031939
ISIC_0035711.jpg,malignant,malignant,0.9753971085745053
ISIC_0035712.jpg,benign,benign,0.8992710677200864
ISIC_0035713.jpg,benign,benign,0.9575031373849805
ISIC_0035714.jpg,malignant,benign,0.7574068138713088
ISIC_0035716.jpg,benign,benign,0.8611510131585409
ISIC_0035717.jpg,benign,benign,0.6769540410729392
ISIC_0035719.jpg,malignant,benign,0.5907533841258402
ISIC_0035720.jpg,malignant,malignant,0.9782569021633729
ISIC_0035721.jpg,malignant,malignant,0.9674172910883064
ISIC_0035722.jpg,benign,benign,0.9855555856976429
ISIC_0035725.jpg,benign,benign,0.9418237283838045
ISIC_0035726.jpg,benign,benign,0.8759752697141999
ISIC_0035727.jpg,benign,benign,0.915181208495169
ISIC_0035728.jpg,benign,benign,0.8224799414448891
ISIC_0035731.jpg,benign,benign,0.9774018319502525
ISIC_0035732.jpg,malignant,benign,0.7823433959262474
ISIC_0035734.jpg,benign,benign,0.6949986001153121
ISIC_0035736.jpg,malignant,malignant,0.9959713833036554
ISIC_0035738.jpg,benign,benign,0.971986108496488
ISIC_0035740.jpg,benign,benign,0.6612390204023284
ISIC_0035742.jpg,benign,benign,0.6789150393239645
ISIC_0035743.jpg,benign,benign,0.868625934548183
ISIC_0035745.jpg,benign,benign,0.862827950276983
ISIC_0035746.jpg,benign,malignant,0.5174949408763928
ISIC_0035747.jpg,malignant,malignant,0.6498935383700721
ISIC_0035748.jpg,malignant,malignant,0.9938425804716834
ISIC_0035749.jpg,benign,benign,0.9741011437935655
ISIC_0035756.jpg,malignant,malignant,0.5622298795075772
ISIC_0035757.jpg,benign,benign,0.7583340516611264
ISIC_0035758.jpg,benign,benign,0.8640172576033321
ISIC_0035760.jpg,benign,benign,0.9469297204945816
ISIC_0035762.jpg,benign,benign,0.9359613144564974
ISIC_0035764.jpg,malignant,malignant,0.8997581311380873
ISIC_0035766.jpg,malignant,malignant,0.5201112957912121
ISIC_0035767.jpg,malignant,benign,0.58814515001855
ISIC_0035769.jpg,benign,benign,0.9132183936297081
ISIC_0035770.jpg,benign,benign,0.9385542871488197
ISIC_0035771.jpg,benign,benign,0.962516104482669
ISIC_0035773.jpg,benign,malignant,0.5
ISIC_0035774.jpg,benign,benign,0.9713977037118394
ISIC_0035775.jpg,benign,benign,0.9856541754119758
ISIC_0035777.jpg,benign,benign,0.9821906919837651
ISIC_0035779.jpg,benign,benign,0.6978824296496926
ISIC_0035780.jpg,benign,benign,0.9760895889459328
ISIC_0035781.jpg,benign,benign,0.7618035173945916
ISIC_0035782.jpg,benign,benign,0.973443968362691
ISIC_0035783.jpg,benign,malignant,0.595086457907855
ISIC_0035784.jpg,benign,benign,0.9133955092476825
ISIC_0035785.jpg,benign,benign,0.9696439356967309
ISIC_0035786.jpg,benign,benign,0.983950224511431
ISIC_0035788.jpg,benign,benign,0.9873582235631767
ISIC_0035789.jpg,malignant,malignant,0.9605374810584958
ISIC_0035791.jpg,benign,benign,0.8650119189641322
ISIC_0035792.jpg,benign,benign,0.7141609453364561
ISIC_0035793.jpg,benign,benign,0.8932131835685836
ISIC_0035794.jpg,malignant,benign,0.7078216332681202
ISIC_0035795.jpg,benign,benign,0.828580055752739
ISIC_0035796.jpg,benign,malignant,0.7400733402323655
ISIC_0035797.jpg,benign,benign,0.821097379138695
ISIC_0035798.jpg,benign,benign,0.771626135020739
ISIC_0035800.jpg,benign,benign,0.6703254536801497
ISIC_0035801.jpg,benign,benign,0.9026426042189318
ISIC_0035803.jpg,benign,benign,0.5645454397216382
ISIC_0035804.jpg,benign,benign,0.5328061009795488
ISIC_0035806.jpg,benign,malignant,0.5714151874115814
ISIC_0035808.jpg,benign,benign,0.8982810490104615
ISIC_0035809.jpg,benign,benign,0.746813716284628
ISIC_0035811.jpg,benign,benign,0.8205434207710787
ISIC_0035812.jpg,benign,benign,0.9732020535584606
ISIC_0035813.jpg,benign,benign,0.6664612177283541
ISIC_0035815.jpg,benign,benign,0.590784160593159
ISIC_0035816.jpg,malignant,benign,0.5513208382219165
ISIC_0035817.jpg,benign,benign,0.9473771583905304
ISIC_0035819.jpg,malignant,malignant,0.9702733852226955
ISIC_0035820.jpg,benign,benign,0.8332734010302769
ISIC_0035822.jpg,benign,benign,0.8016512737949428
ISIC_0035823.jpg,malignant,benign,0.7669311304946891
ISIC_0035825.jpg,malignant,malignant,0.8429415221054251
ISIC_0035826.jpg,malignant,malignant,0.9871421621640742
ISIC_0035827.jpg,malignant,malignant,0.7536856043974276
ISIC_0035828.jpg,benign,benign,0.9390019719953074
ISIC_0035830.jpg,benign,benign,0.9821366600025389
ISIC_0035832.jpg,benign,benign,0.7204260958797868
ISIC_0035835.jpg,benign,benign,0.9106257991982953
ISIC_0035836.jpg,benign,benign,0.8366426930328894
ISIC_0035837.jpg,benign,benign,0.592453966751648
ISIC_0035838.jpg,benign,benign,0.6887765767751033
ISIC_0035839.jpg,benign,benign,0.7066950381496762
ISIC_0035840.jpg,benign,benign,0.7778243555078237
ISIC_0035841.jpg,benign,benign,0.9399545496113338
ISIC_0035843.jpg,benign,benign,0.9459339886108945
ISIC_0035845.jpg,malignant,malignant,0.9769349966136615
ISIC_0035846.jpg,malignant,malignant,0.8395258204426783
ISIC_0035849.jpg,benign,benign,0.9673239801267606
ISIC_0035850.jpg,benign,benign,0.9793268242219869
ISIC_0035851.jpg,benign,benign,0.6821527910673795
ISIC_0035853.jpg,malignant,benign,0.8514169998505874
ISIC_0035854.jpg,malignant,benign,0.5793233207572754
ISIC_0035856.jpg,benign,benign,0.6877719701704088
ISIC_0035857.jpg,benign,benign,0.9866259265892673
ISIC_0035858.jpg,benign,benign,0.9210095955270082
ISIC_0035859.jpg,benign,benign,0.901090736702422
ISIC_0035860.jpg,benign,benign,0.9493023990868814
ISIC_0035861.jpg,benign,malignant,0.8252609402999072
ISIC_0035862.jpg,benign,benign,0.7056520306546702
ISIC_0035864.jpg,benign,benign,0.9763413496339672
ISIC_0035867.jpg,benign,benign,0.9435981037248546
ISIC_0035868.jpg,malignant,benign,0.6480132246274004
ISIC_0035869.jpg,benign,benign,0.9534150504564902
ISIC_0035870.jpg,benign,benign,0.9977250587442342
ISIC_0035872.jpg,benign,malignant,0.6260711457893964
ISIC_0035874.jpg,benign,malignant,0.5396638692197682
ISIC_0035875.jpg,benign,benign,0.8738677523823455
ISIC_0035877.jpg,malignant,benign,0.5478380979035629
ISIC_0035879.jpg,benign,malignant,0.7359320417283224
ISIC_0035880.jpg,benign,benign,0.9888590807554546
ISIC_0035883.jpg,benign,benign,0.9124299868393784
ISIC_0035884.jpg,benign,benign,0.5708503533618959
ISIC_0035885.jpg,benign,benign,0.7477372665475382
ISIC_0035886.jpg,benign,benign,0.9544219452092052
ISIC_0035887.jpg,malignant,malignant,0.9744359774907665
ISIC_0035888.jpg,malignant,benign,0.555302663223287
ISIC_0035889.jpg,malignant,malignant,0.8276727950254358
ISIC_0035891.jpg,benign,benign,0.7185254313708346
ISIC_0035892.jpg,benign,malignant,0.5742774161743376
ISIC_0035893.jpg,benign,benign,0.9163695895974815
ISIC_0035894.jpg,malignant,malignant,0.9650597288260937
ISIC_0035895.jpg,benign,benign,0.7039665407691844
ISIC_0035896.jpg,benign,benign,0.9459592302325129
ISIC_0035897.jpg,benign,benign,0.7487464301667959
ISIC_0035898.jpg,benign,benign,0.9617445723454576
ISIC_0035900.jpg,malignant,malignant,0.9653588988746247
ISIC_0035902.jpg,malignant,malignant,0.9343692612377072
ISIC_0035903.jpg,benign,benign,0.8105050300093982
ISIC_0035906.jpg,benign,benign,0.7715548413328526
ISIC_0035907.jpg,benign,benign,0.8604981404102353
ISIC_0035909.jpg,benign,benign,0.8358767784176471
ISIC_0035911.jpg,malignant,malignant,0.9032758049637217
ISIC_0035912.jpg,benign,benign,0.9953250167284103
ISIC_0035913.jpg,malignant,malignant,0.978147320490843
ISIC_0035914.jpg,malignant,malignant,0.9963600120085752
ISIC_0035916.jpg,benign,benign,0.8352995767944668
ISIC_0035920.jpg,malignant,malignant,0.7492613376697763
ISIC_0035921.jpg,benign,benign,0.8919362673678708
ISIC_0035922.jpg,malignant,malignant,0.9944287940891032
ISIC_0035923.jpg,malignant,malignant,0.9862198062973482
ISIC_0035924.jpg,benign,benign,0.9571128463710203
ISIC_0035927.jpg,benign,benign,0.71938925539074
ISIC_0035928.jpg,benign,benign,0.9203049962646132
ISIC_0035929.jpg,malignant,benign,0.8101065210783114
ISIC_0035930.jpg,benign,benign,0.5345018173277702
ISIC_0035934.jpg,malignant,benign,0.6557881028788355
ISIC_0035935.jpg,benign,malignant,0.5606353039185947
ISIC_0035936.jpg,benign,benign,0.6575588873572957
ISIC_0035938.jpg,malignant,malignant,0.5076838613477571
ISIC_0035939.jpg,benign,benign,0.9227873986280485
ISIC_0035941.jpg,benign,benign,0.9328247675621055
ISIC_0035943.jpg,benign,benign,0.7976478909322722
ISIC_0035945.jpg,benign,benign,0.9699469134487935
ISIC_0035947.jpg,benign,benign,0.9518083165688108
ISIC_0035948.jpg,benign,benign,0.6046222006867493
ISIC_0035951.jpg,benign,benign,0.6177987850923612
ISIC_0035954.jpg,benign,benign,0.9513635802398547
ISIC_0035956.jpg,malignant,malignant,0.9968031770925169
ISIC_0035958.jpg,benign,malignant,0.9591945181117943
ISIC_0035961.jpg,benign,benign,0.9859621060500267
ISIC_0035962.jpg,benign,benign,0.7404731718660726
ISIC_0035963.jpg,benign,benign,0.7968652574023776
ISIC_0035964.jpg,malignant,benign,0.8245192055996352
ISIC_0035965.jpg,benign,benign,0.9205349356606781
ISIC_0035966.jpg,benign,benign,0.7253279622440854
ISIC_0035967.jpg,benign,benign,0.7039873416284161
ISIC_0035968.jpg,malignant,malignant,0.9233413216612142
ISIC_0035969.jpg,benign,benign,0.5620356765207106
ISIC_0035970.jpg,benign,benign,0.9388332565368751
ISIC_0035971.jpg,benign,benign,0.8179585360793367
ISIC_0035972.jpg,benign,malignant,0.6188262118465826
ISIC_0035973.jpg,benign,benign,0.9394512786179945
ISIC_0035974.jpg,benign,benign,0.8593265785968481
ISIC_0035975.jpg,benign,benign,0.8389521384513524
ISIC_0035978.jpg,benign,benign,0.8522169102664718
ISIC_0035979.jpg,benign,benign,0.9934152541509857
ISIC_0035980.jpg,benign,malignant,0.5847658635704897
ISIC_0035981.jpg,benign,benign,0.9178579728546606
ISIC_0035983.jpg,benign,benign,0.9760205537701275
ISIC_0035984.jpg,benign,malignant,0.6544945105794084
ISIC_0035985.jpg,benign,benign,0.9842725003300228
ISIC_0035986.jpg,malignant,malignant,0.8507087921207002
ISIC_0035987.jpg,benign,benign,0.9510074860492237
ISIC_0035988.jpg,benign,benign,0.9004332668240331
ISIC_0035989.jpg,benign,malignant,0.5915025161517731
ISIC_0035990.jpg,benign,benign,0.9774808746469544
ISIC_0035991.jpg,benign,benign,0.9308385245980522
ISIC_0035992.jpg,malignant,benign,0.5425048029063952
ISIC_0035994.jpg,benign,benign,0.9078144680787779
ISIC_0035995.jpg,benign,benign,0.7914944244068111
ISIC_0035997.jpg,malignant,malignant,0.632266202495135
ISIC_0035998.jpg,benign,benign,0.9502702660730905
ISIC_0035999.jpg,benign,benign,0.9908825817972432
ISIC_0036001.jpg,benign,benign,0.8681225864966821
ISIC_0036005.jpg,malignant,benign,0.6944086912989672
ISIC_0036010.jpg,benign,benign,0.9726408675621888
ISIC_0036012.jpg,malignant,malignant,0.9210946132373122
ISIC_0036013.jpg,benign,benign,0.9398732607658257
ISIC_0036014.jpg,benign,benign,0.9743683489055751
ISIC_0036017.jpg,benign,benign,0.7578396417888589
ISIC_0036020.jpg,benign,benign,0.9544130967764944
ISIC_0036024.jpg,benign,benign,0.9489468897330047
ISIC_0036026.jpg,malignant,malignant,0.9944048071639254
ISIC_0036027.jpg,benign,benign,0.9680970535801618
ISIC_0036028.jpg,benign,benign,0.9397903112397274
ISIC_0036029.jpg,malignant,malignant,0.5151202299245311
ISIC_0036030.jpg,benign,benign,0.8595057086614515
ISIC_0036033.jpg,benign,benign,0.8057855143271035
ISIC_0036034.jpg,malignant,malignant,0.6245094749857031
ISIC_0036036.jpg,benign,benign,0.6096655666372154
ISIC_0036037.jpg,benign,benign,0.8858918041223474
ISIC_0036038.jpg,benign,benign,0.8120452202767652
ISIC_0036039.jpg,benign,benign,0.6586737077652213
ISIC_0036040.jpg,benign,benign,0.6935516104513927
ISIC_0036041.jpg,benign,benign,0.9801735555649735
ISIC_0036042.jpg,benign,benign,0.9673876572648574
ISIC_0036044.jpg,benign,benign,0.8512730128030027
ISIC_0036045.jpg,benign,benign,0.6168364905661065
ISIC_0036046.jpg,benign,benign,0.9962627710606152
ISIC_0036047.jpg,benign,benign,0.9351296976725127
ISIC_0036048.jpg,benign,benign,0.7731685420896995
ISIC_0036049.jpg,benign,benign,0.9043264031840362
ISIC_0036051.jpg,malignant,benign,0.7509769267359196
ISIC_0036052.jpg,benign,benign,0.968572671046999
ISIC_0036054.jpg,benign,benign,0.9078694263126261
ISIC_0036055.jpg,benign,benign,0.9922915022874378
ISIC_0036056.jpg,malignant,malignant,0.530695562962593
ISIC_0036057.jpg,malignant,malignant,0.6785480115706413
ISIC_0036058.jpg,benign,benign,0.5655151406502319
ISIC_0036059.jpg,benign,benign,0.9712532223040808
ISIC_0036061.jpg,benign,benign,0.9310426585698178
ISIC_2061976.jpg,benign,malignant,0.9253181992839915
ISIC_1645097.jpg,malignant,malignant,0.8885642757555189
ISIC_6367358.jpg,malignant,benign,0.6354871912894795
ISIC_6784337.jpg,malignant,malignant,0.9876368786289129
ISIC_1105887.jpg,malignant,benign,0.7287861246711431
ISIC_5990594.jpg,malignant,malignant,0.9194850247549858
ISIC_6399573.jpg,malignant,malignant,0.9938810853709522
ISIC_3832733.jpg,malignant,malignant,0.5342718925853946
ISIC_8638329.jpg,benign,benign,0.5544901629564983
ISIC_4843324.jpg,malignant,malignant,0.7293494293778876
ISIC_4791649.jpg,benign,benign,0.790079457763157
ISIC_9941636.jpg,malignant,benign,0.6680691104337981
ISIC_5820839.jpg,benign,malignant,0.5099565964558804
ISIC_1246526.jpg,malignant,malignant,0.9416715542161578
ISIC_9127831.jpg,malignant,malignant,0.8558847014513464
ISIC_6168000.jpg,benign,benign,0.9333771978233694
ISIC_7765155.jpg,benign,benign,0.8671469367859802
ISIC_0905720.jpg,benign,malignant,0.8927669986658541
ISIC_4511541.jpg,benign,malignant,0.9017079685678255
ISIC_6923107.jpg,benign,benign,0.9516276349777401
ISIC_4840630.jpg,benign,benign,0.7675834951926092
ISIC_1467892.jpg,benign,benign,0.9496261487061037
ISIC_9972649.jpg,malignant,malignant,0.8468123721515806
ISIC_3744161.jpg,malignant,malignant,0.9906416591483698
ISIC_4335526.jpg,benign,benign,0.875678395401678
ISIC_9000489.jpg,benign,benign,0.83639025976332
ISIC_4586629.jpg,malignant,malignant,0.7643943616484565
ISIC_7530668.jpg,benign,benign,0.7996190587346592
ISIC_0822843.jpg,benign,benign,0.6589848382790616
ISIC_8866387.jpg,benign,malignant,0.6247433741813541
ISIC_4543581.jpg,benign,benign,0.5191093955337317
ISIC_4023678.jpg,malignant,benign,0.7665271068041339
ISIC_6303907.jpg,benign,benign,0.5793671985131976
ISIC_4620217.jpg,malignant,malignant,0.9688818438360008
ISIC_0321944.jpg,malignant,benign,0.5566135723727617
ISIC_2411589.jpg,benign,malignant,0.7957152839687878
ISIC_7878308.jpg,benign,malignant,0.990002939513499
ISIC_4425681.jpg,malignant,malignant,0.9387900486972889
ISIC_0157465.jpg,benign,benign,0.719139064527625
ISIC_4867539.jpg,malignant,benign,0.8628697105975904
ISIC_5206103.jpg,malignant,malignant,0.6470490151036603
ISIC_4064127.jpg,benign,benign,0.563836892200092
ISIC_8546843.jpg,malignant,malignant,0.7292239275255699
ISIC_6149388.jpg,malignant,malignant,0.7013477685958341
ISIC_7496552.jpg,benign,benign,0.6402162316129879
ISIC_2358370.jpg,benign,benign,0.7588464184310263
ISIC_9859545.jpg,benign,benign,0.8271602742911895
ISIC_0467830.jpg,malignant,malignant,0.8158199191382973
ISIC_0415769.jpg,benign,benign,0.9093692387028832
ISIC_2977188.jpg,benign,malignant,0.674709035761269
ISIC_7611157.jpg,benign,malignant,0.4941219376059581
ISIC_7254126.jpg,benign,malignant,0.8113075109101979
ISIC_3581982.jpg,malignant,benign,0.6032959566423658
ISIC_1563382.jpg,benign,benign,0.946790789973085
ISIC_6763419.jpg,benign,benign,0.6691160788445417
ISIC_5672303.jpg,benign,malignant,0.7739548936204724
ISIC_6269100.jpg,malignant,malignant,0.8386341573174735
ISIC_7660464.jpg,benign,benign,0.9496791373707192
ISIC_3777678.jpg,benign,malignant,0.9672694206659211
ISIC_0698589.jpg,benign,benign,0.9646547358086797
ISIC_4272793.jpg,benign,benign,0.665939802167705
ISIC_6389793.jpg,benign,benign,0.9468274700953929
ISIC_8966407.jpg,malignant,malignant,0.99089687502472
ISIC_9912548.jpg,benign,benign,0.7836445835683725
ISIC_1969370.jpg,benign,malignant,0.980375727661111
ISIC_7140852.jpg,benign,benign,0.9362062928344699
ISIC_0793445.jpg,malignant,malignant,0.9754887134003142
ISIC_5668296.jpg,benign,benign,0.8528618417268778
ISIC_6095295.jpg,malignant,benign,0.6866237704602405
ISIC_3159183.jpg,benign,benign,0.64163953385538
ISIC_9019695.jpg,benign,benign,0.6818800076479341
ISIC_1662809.jpg,malignant,benign,0.8169488650898838
ISIC_9504403.jpg,benign,malignant,0.9264869166168527
ISIC_2346081.jpg,malignant,benign,0.5127674718250756
ISIC_8929221.jpg,benign,malignant,0.6434515736425421
ISIC_2329180.jpg,benign,malignant,0.7221138095590839
ISIC_8662001.jpg,malignant,malignant,0.9225967761286873
ISIC_3955939.jpg,benign,benign,0.92233707993645
ISIC_3721080.jpg,malignant,malignant,0.8636402752696907
ISIC_1365846.jpg,benign,benign,0.7752905345772265
ISIC_0328731.jpg,benign,benign,0.6777604163557446
ISIC_5939568.jpg,benign,malignant,0.7517249628984466
ISIC_4384129.jpg,malignant,malignant,0.953061545728505
ISIC_0994345.jpg,benign,benign,0.5558664066129864
ISIC_4112120.jpg,benign,benign,0.9540374241075044
ISIC_1376941.jpg,benign,benign,0.8336422484362634
ISIC_1418706.jpg,benign,benign,0.791760095471479
ISIC_2235682.jpg,malignant,benign,0.6542511133406101
ISIC_0104229.jpg,malignant,malignant,0.994437839885643
ISIC_1396065.jpg,benign,malignant,0.8661929763805706
ISIC_4856683.jpg,benign,malignant,0.597576329802769
ISIC_9153490.jpg,benign,benign,0.9200025566257398
ISIC_8039893.jpg,benign,benign,0.8481510904166776
ISIC_1790470.jpg,benign,benign,0.6667455909518956
ISIC_9452490.jpg,malignant,benign,0.6433191346943228
ISIC_7235721.jpg,malignant,malignant,0.6711547291051477
ISIC_7474544.jpg,benign,malignant,0.8876352181296245
ISIC_6798316.jpg,malignant,malignant,0.8949045375582619
ISIC_2581432.jpg,malignant,malignant,0.6774598734785954
ISIC_3615873.jpg,benign,benign,0.9519118216751616
ISIC_7417402.jpg,malignant,malignant,0.9074559219544353
ISIC_5035285.jpg,benign,malignant,0.7433339686787237
ISIC_6242031.jpg,malignant,malignant,0.9859928994556582
ISIC_1216673.jpg,benign,malignant,0.5416292299021287
ISIC_8568371.jpg,benign,malignant,0.5399579084458415
ISIC_8080250.jpg,malignant,malignant,0.5148400665017336
ISIC_0967587.jpg,benign,benign,0.8639199013361836
ISIC_9830559.jpg,benign,malignant,0.5785947320129778
ISIC_1211710.jpg,malignant,malignant,0.5986302788891389
ISIC_2857123.jpg,malignant,malignant,0.5586630107875158
ISIC_4853631.jpg,benign,benign,0.5695495229413075
ISIC_2887867.jpg,benign,benign,0.7519944901547192
ISIC_4806646.jpg,benign,benign,0.8868957420174848
ISIC_3190920.jpg,malignant,malignant,0.8887250409704297
ISIC_3631780.jpg,malignant,malignant,0.9396261528933001
ISIC_7144229.jpg,benign,benign,0.8002759672792671
ISIC_6998510.jpg,benign,benign,0.7137106845526027
ISIC_4527534.jpg,benign,benign,0.6661311446125073
ISIC_6553846.jpg,malignant,benign,0.5722741401047574
ISIC_8321085.jpg,benign,benign,0.8696266878231068
ISIC_0406160.jpg,benign,benign,0.8466337164572743
ISIC_1512054.jpg,benign,malignant,0.551505028673786
ISIC_8336318.jpg,malignant,malignant,0.908376431779548
ISIC_7538059.jpg,malignant,malignant,0.6179084231877743
ISIC_7687199.jpg,benign,benign,0.8437511430639143
ISIC_6334282.jpg,malignant,malignant,0.8582091017139698
ISIC_7733134.jpg,benign,malignant,0.5983938169543772
ISIC_5532418.jpg,benign,malignant,0.8952561248370079
ISIC_2266220.jpg,benign,benign,0.8314452976188034
ISIC_9168295.jpg,benign,malignant,0.6045446623300867
ISIC_2043443.jpg,malignant,malignant,0.9063997905236846
ISIC_5011827.jpg,benign,benign,0.5433728715025277
ISIC_5956582.jpg,malignant,malignant,0.8109595850253374
ISIC_0995119.jpg,benign,benign,0.9682400759026943
ISIC_6424909.jpg,malignant,malignant,0.8310012970886791
ISIC_5366444.jpg,malignant,malignant,0.8377541524120312
ISIC_9413613.jpg,benign,benign,0.9312868604346347
ISIC_7959932.jpg,benign,benign,0.9214411554834997
ISIC_2577098.jpg,malignant,malignant,0.7219788359721758
ISIC_1274177.jpg,benign,malignant,0.836518603957945
ISIC_7105211.jpg,malignant,malignant,0.7925967320393924
ISIC_1735538.jpg,benign,benign,0.9074551835051557
ISIC_7646845.jpg,benign,benign,0.9135001586845347
ISIC_2364514.jpg,malignant,malignant,0.9158907991627365
ISIC_6294286.jpg,malignant,malignant,0.9750356277549492
ISIC_9096346.jpg,benign,malignant,0.792412488735152
ISIC_9767196.jpg,benign,benign,0.9111431155006735
ISIC_3229915.jpg,benign,benign,0.8093645652031294
ISIC_9702543.jpg,benign,malignant,0.7010701777842577
ISIC_2620684.jpg,malignant,malignant,0.762816848335978
PAT_74_112_729.png,malignant,malignant,0.9218978266000479
PAT_1978_4004_82.png,benign,benign,0.8091425786695128
PAT_397_797_638.png,malignant,malignant,0.9871433986512618
PAT_572_1086_130.png,malignant,malignant,0.991995395947932
PAT_701_1321_156.png,benign,benign,0.8489257401168238
PAT_2142_4733_13.png,benign,malignant,0.7010140346033301
PAT_1708_3157_518.png,benign,malignant,0.8974468246895139
PAT_630_1196_710.png,malignant,malignant,0.9801199459464421
PAT_382_776_986.png,malignant,malignant,0.9800021673322752
PAT_1089_375_60.png,benign,benign,0.9487012337227314
PAT_1326_1156_783.png,benign,benign,0.8164235250740658
PAT_936_1772_886.png,malignant,malignant,0.9254586624809338
PAT_478_916_806.png,malignant,malignant,0.9877348240786702
PAT_183_283_495.png,malignant,malignant,0.9816960223557682
PAT_885_1687_204.png,malignant,malignant,0.9178490731500837
PAT_1252_866_852.png,benign,malignant,0.6297014047513243
PAT_1349_1229_828.png,benign,benign,0.6087917841145607
PAT_1881_3717_785.png,benign,benign,0.912495033601084
PAT_361_1568_456.png,malignant,malignant,0.9488024122989741
PAT_837_1583_124.png,malignant,malignant,0.9959738472617012
PAT_801_1518_78.png,malignant,malignant,0.8173066930762605
PAT_1694_3110_213.png,benign,benign,0.915857858617077
PAT_715_1339_508.png,benign,malignant,0.9452252281525206
PAT_876_1665_569.png,malignant,malignant,0.9971950495450067
PAT_467_904_235.png,malignant,malignant,0.9825709505592624
PAT_1451_1562_545.png,benign,benign,0.8657525052408683
PAT_1770_3344_274.png,benign,malignant,0.9215209109679101
PAT_456_888_961.png,malignant,malignant,0.8941726541499786
PAT_430_847_315.png,malignant,malignant,0.9999844068504833
PAT_1245_844_471.png,benign,benign,0.8321026380879801
PAT_810_1526_67.png,malignant,malignant,0.9182947840239524
PAT_858_1632_977.png,malignant,malignant,0.9802352626330225
PAT_1971_3984_534.png,benign,benign,0.5667032580357821
PAT_149_221_679.png,malignant,malignant,0.9671996296895344
PAT_756_1495_858.png,benign,benign,0.5118931077654252
PAT_8_15_820.png,malignant,malignant,0.995425576414121
PAT_340_714_68.png,malignant,malignant,0.6160967886925732
PAT_679_1286_933.png,malignant,malignant,0.9237021876915191
PAT_89_135_11.png,malignant,malignant,0.9120614937695939
PAT_699_1320_901.png,malignant,malignant,0.8707136886469463
PAT_338_709_306.png,malignant,malignant,0.8322970749629249
PAT_547_1033_911.png,malignant,malignant,0.9912211665936533
PAT_945_1796_583.png,malignant,malignant,0.9784501113433297
PAT_962_1823_942.png,malignant,malignant,0.94889742093867
PAT_891_1701_36.png,malignant,malignant,0.9188062023842021
PAT_206_312_595.png,malignant,malignant,0.9521668832286952
PAT_243_372_640.png,malignant,malignant,0.9286715134729107
PAT_164_255_130.png,malignant,malignant,0.9835274877729766
PAT_759_1538_566.png,malignant,malignant,0.9888118914831374
PAT_456_887_499.png,malignant,malignant,0.8293527665456671
PAT_806_1520_708.png,malignant,malignant,0.9365310793942065
PAT_904_1736_851.png,malignant,malignant,0.9384735496160147
PAT_193_297_295.png,malignant,malignant,0.9868091930137998
PAT_204_310_975.png,malignant,malignant,0.982581775184
PAT_147_219_206.png,malignant,malignant,0.9924438961072507
PAT_1350_1230_925.png,benign,malignant,0.8257551308253445
PAT_510_959_174.png,malignant,malignant,0.9876454369430624
PAT_494_939_518.png,malignant,malignant,0.960593022050801
PAT_736_1392_562.png,malignant,malignant,0.9894742051834466
PAT_142_210_904.png,malignant,malignant,0.9779779371241842
PAT_272_420_10.png,malignant,malignant,0.9905824958078477
PAT_705_1326_82.png,malignant,malignant,0.9875085327513273
PAT_918_1742_456.png,malignant,malignant,0.9674186485689843
PAT_545_1029_650.png,malignant,malignant,0.9731078626206017
PAT_267_412_275.png,malignant,malignant,0.980550490104319
PAT_146_217_187.png,malignant,malignant,0.9916658809499475
PAT_435_854_68.png,malignant,malignant,0.9435829127307018
PAT_36_49_935.png,malignant,malignant,0.926503445291797
PAT_972_1843_756.png,malignant,malignant,0.8489366193817799
PAT_486_929_317.png,malignant,malignant,0.9446454867154163
PAT_357_737_77.png,malignant,malignant,0.9969482087142407
PAT_419_2768_910.png,benign,malignant,0.6285571795020335
PAT_1350_1230_878.png,benign,benign,0.7641911899843724
PAT_319_680_166.png,malignant,malignant,0.9556538632772003
PAT_165_256_460.png,malignant,malignant,0.9066397749320037
PAT_1946_3924_627.png,benign,benign,0.878081640476387
PAT_677_1349_851.png,malignant,malignant,0.9855579499608892
PAT_325_689_528.png,malignant,malignant,0.9804294545645508
PAT_419_833_148.png,malignant,malignant,0.8547847088139984
PAT_1008_59_297.png,benign,malignant,0.8057749226144655
PAT_288_441_312.png,malignant,malignant,0.9278246653278289
PAT_131_197_260.png,malignant,malignant,0.9971498926707487
PAT_216_331_678.png,malignant,malignant,0.9927466755109887
PAT_844_1605_308.png,malignant,malignant,0.9050378279586425
PAT_551_1047_567.png,malignant,malignant,0.9904036547220371
PAT_837_1584_745.png,malignant,malignant,0.9888578091562448
PAT_314_672_909.png,malignant,malignant,0.8378940511207358
PAT_99_153_636.png,malignant,malignant,0.9946180804522072
PAT_689_1306_772.png,malignant,malignant,0.9740050596771085
PAT_730_1383_535.png,malignant,malignant,0.9413274188665344
PAT_1721_3219_737.png,benign,malignant,0.5372725025454644
PAT_482_924_134.png,malignant,malignant,0.9302370120797212
PAT_1636_2869_595.png,benign,malignant,0.8897317742683802
PAT_527_1360_225.png,malignant,malignant,0.9960986248805699
PAT_1364_1246_143.png,benign,benign,0.7273286430772443
PAT_1109_436_141.png,benign,benign,0.9554479236687439
PAT_1186_680_578.png,benign,benign,0.8889843886668563
PAT_406_808_975.png,malignant,malignant,0.9834014709038159
PAT_841_1603_667.png,malignant,malignant,0.9126641472419657
PAT_311_667_416.png,malignant,malignant,0.8665244396022673
PAT_87_133_159.png,benign,benign,0.8336344949094394
PAT_993_1865_559.png,malignant,malignant,0.9958716625508827
PAT_601_1147_943.png,malignant,malignant,0.991769281141605
PAT_377_768_643.png,malignant,malignant,0.9927977434396991
PAT_242_369_930.png,malignant,malignant,0.9862267114859479
PAT_251_382_576.png,malignant,malignant,0.9885415907928541
PAT_1731_3237_919.png,benign,benign,0.7275088244846452
PAT_613_1164_827.png,malignant,malignant,0.9477601067468874
PAT_789_1483_793.png,malignant,malignant,0.7629458259174152
PAT_978_1844_715.png,malignant,malignant,0.954539861805248
PAT_2161_4818_501.png,benign,benign,0.9848329832142279
PAT_324_1465_43.png,malignant,malignant,0.8803537214969165
PAT_1658_2933_322.png,benign,malignant,0.704753112903934
PAT_1904_3794_215.png,benign,benign,0.7859786802195028
PAT_1730_3236_201.png,benign,benign,0.9292321342156814
PAT_974_1841_693.png,malignant,malignant,0.9959711118317214
PAT_1942_3915_388.png,benign,malignant,0.8671965291339889
PAT_315_673_227.png,malignant,malignant,0.9783890592908766
PAT_814_1532_545.png,malignant,malignant,0.9894034136944994
PAT_544_3299_671.png,benign,benign,0.931586368836448
PAT_535_1011_567.png,malignant,malignant,0.9670480999341331
PAT_270_417_257.png,malignant,malignant,0.9322857598867846
PAT_1801_3461_351.png,benign,malignant,0.6443546170495085
PAT_50_76_296.png,malignant,malignant,0.9912634693527823
PAT_267_1062_418.png,malignant,malignant,0.9868214429315487
PAT_2162_4820_913.png,benign,benign,0.971142323719061
PAT_649_1233_229.png,benign,benign,0.5290823509803544
PAT_395_795_43.png,malignant,malignant,0.9855554006416903
PAT_275_424_966.png,malignant,malignant,0.9395186801242819
PAT_756_1496_599.png,benign,benign,0.883062716522135
PAT_115_175_283.png,malignant,malignant,0.9879459389135039
PAT_171_265_757.png,malignant,malignant,0.9961069030324019
PAT_711_1334_480.png,malignant,malignant,0.9164950802792776
PAT_514_968_269.png,malignant,malignant,0.9135050259705462
PAT_40_56_499.png,malignant,malignant,0.9853220863867189
PAT_720_1362_700.png,malignant,malignant,0.9702665687220382
PAT_191_293_314.png,malignant,malignant,0.9844079069736046
PAT_1944_3921_281.png,benign,malignant,0.5406291323162389
PAT_520_983_221.png,malignant,malignant,0.9963628650599309
PAT_467_904_776.png,malignant,malignant,0.8667000009419258
PAT_1494_1707_125.png,benign,benign,0.7443394914980004
PAT_320_681_410.png,malignant,benign,0.6487216855003082
PAT_687_1304_898.png,malignant,malignant,0.7986998795763652
PAT_155_240_211.png,malignant,malignant,0.9793856902603574
PAT_158_243_947.png,malignant,malignant,0.9942019282329598
PAT_860_1641_440.png,malignant,malignant,0.9641176285179047
PAT_683_1296_237.png,malignant,malignant,0.9087601056651615
PAT_441_861_415.png,malignant,malignant,0.7471801944983733
PAT_1418_1448_307.png,benign,malignant,0.8449272187398085
PAT_198_853_778.png,benign,malignant,0.9361145011835679
PAT_834_1574_397.png,malignant,malignant,0.9757211945992448
PAT_160_248_254.png,malignant,malignant,0.9711277439476622
PAT_1331_1173_380.png,benign,benign,0.972692221363689
PAT_281_1517_293.png,benign,benign,0.8618945708794485
PAT_465_901_627.png,benign,benign,0.7740238504504743
PAT_678_1287_652.png,malignant,malignant,0.9562973062354371
PAT_981_1848_486.png,malignant,malignant,0.9683308346208802
PAT_894_1679_640.png,malignant,malignant,0.8084483088618427
PAT_1569_2456_393.png,benign,malignant,0.9292537004810252
PAT_2088_4525_507.png,benign,benign,0.9714238647441132
PAT_950_1804_64.png,malignant,malignant,0.9897290687181883
PAT_632_1206_634.png,malignant,malignant,0.9477015430037717
PAT_770_1451_136.png,malignant,malignant,0.973716457970399
PAT_523_988_851.png,malignant,malignant,0.9813370513209543
PAT_624_1180_803.png,malignant,malignant,0.9938138990188985
PAT_645_1223_443.png,malignant,malignant,0.9866059794434293
PAT_115_1138_870.png,malignant,malignant,0.9569986256194614
PAT_605_1152_536.png,malignant,malignant,0.994749594305703
PAT_682_1292_986.png,malignant,malignant,0.5373526533518885
PAT_190_291_366.png,malignant,malignant,0.9999919591024136
PAT_139_207_342.png,malignant,malignant,0.9896825982277594
PAT_761_1435_561.png,malignant,malignant,0.9746367073433565
PAT_962_1823_857.png,malignant,malignant,0.9472152816375576
PAT_191_294_629.png,malignant,malignant,0.9999961716018948
PAT_191_294_419.png,malignant,malignant,0.9946104909860721
PAT_636_1204_666.png,malignant,malignant,0.8992831596001157
PAT_905_1721_327.png,malignant,malignant,0.9883234954854551
PAT_161_250_197.png,malignant,malignant,0.9830871124709769
PAT_337_706_254.png,malignant,malignant,0.983131193755791
PAT_426_842_458.png,malignant,malignant,0.9026121041781016
PAT_924_1757_704.png,malignant,malignant,0.9635905480781848
PAT_935_1781_920.png,malignant,malignant,0.9816950289469598
PAT_838_1585_282.png,malignant,malignant,0.893094309280574
PAT_980_1851_351.png,malignant,malignant,0.9801120621219147
PAT_423_839_717.png,malignant,malignant,0.9926049170463705
PAT_255_388_77.png,malignant,malignant,0.9734586984762408
PAT_486_929_274.png,malignant,malignant,0.9537356778450614
PAT_178_276_465.png,malignant,malignant,0.9960655537179351
PAT_645_1224_768.png,malignant,malignant,0.9864261292869796
PAT_920_1747_19.png,malignant,malignant,0.9932598734114199
PAT_271_418_92.png,malignant,malignant,0.924752778257587
PAT_954_1808_415.png,malignant,malignant,0.9763241560831348
PAT_406_1542_754.png,malignant,malignant,0.9301414011472692
PAT_887_1688_436.png,malignant,malignant,0.9292552196950461
PAT_62_97_868.png,malignant,malignant,0.9873763023358804
PAT_1305_4097_251.png,benign,benign,0.9479540414426475
PAT_611_1158_156.png,malignant,malignant,0.9775754242968061
PAT_185_285_862.png,malignant,malignant,0.9962868467158902
PAT_856_1626_523.png,malignant,malignant,0.9391977273724277
PAT_1273_952_89.png,benign,benign,0.9915482152257042
PAT_1731_3237_197.png,benign,malignant,0.5412861622373435
dc2fabd3-d0b3-4f97-9422-1689f0cc8ead.png,malignant,malignant,0.8962868672367241
a7f11865-a615-45c8-ba1d-af3210a9aeb8.png,benign,benign,0.9028791039851638
80cf5ca4-17a0-45f5-8d88-6068792975d9.png,benign,benign,0.630153487322775
b0a1a9ff-4676-409d-9da5-c767d4d249b0.png,benign,benign,0.689879878174224
e791bcdf-f49e-4a70-b78f-9593ed8426c3.png,benign,benign,0.8706467892726341
813cf123-3bde-4bd4-84e9-8c5c204effa3.png,malignant,malignant,0.910613025619909
c49d8702-68d5-4006-a7cc-998af2fc6557.png,benign,benign,0.8774925434531284
7f05cc46-0798-4e91-af66-fe87837b7f67.png,benign,benign,0.9447386223944669
d93cb6a1-862e-41d0-ab51-cc69e7969f58.png,malignant,malignant,0.9422024843709568
2361ca88-5c90-4e2c-a6ab-fdb3585a98b9.png,benign,malignant,0.6945114703193358
ed3dd40a-0743-4440-8375-817558dd429a.png,benign,benign,0.9400466835571532
9c7289a0-fd78-41d0-96e5-6998acee595f.png,benign,malignant,0.7956217048854932
e47d887e-aa21-40a8-b772-10792a3805a1.png,malignant,benign,0.8201892251262471
d199a863-4f8a-4a28-9638-e5655bb8cefa.png,malignant,malignant,0.8881621237105197
52a3bfda-8358-436d-86b7-66f9d326b09b.png,benign,benign,0.8084688035050522
7d270825-30de-4f78-9269-949c3270abd6.png,benign,malignant,0.7801995207721504
d8f39a2b-6d8b-4900-888a-5e4c3ed8e5fa.png,malignant,malignant,0.7576340110057906
0e8b3967-78a6-4ef1-90bc-2fd80c257e2e.png,malignant,malignant,0.9246567239023031
62cf61c7-4b2b-452a-8207-1d24ff3c92b0.png,malignant,malignant,0.9499874343886061
22a8064a-4411-422b-a0c0-1d629d9007ab.png,malignant,malignant,0.9570490839659356
21e5fbe1-823c-4d10-bf29-1488154352be.png,malignant,malignant,0.9892595522247828
6670e267-f5cc-42ab-abdb-6dd791ca5269.png,benign,benign,0.9882879360801917
f28264fd-20e8-4498-acf6-3b605fe088bc.png,malignant,malignant,0.9754738003723386
f015f556-e4cb-4a6f-9af3-388b878c0560.png,benign,malignant,0.8578884522564836
0e81889b-56f6-467e-a7eb-a9b1f6619ed7.png,malignant,malignant,0.7579233762470489
bd9d4044-1e8e-46ba-82bf-88c303418629.png,malignant,malignant,0.9955973241438572
f38393e7-1f2f-4938-aed4-0d105cd77b0d.png,malignant,malignant,0.5
dc6577bb-e46a-4054-8204-3b254d5aeede.png,benign,benign,0.9121445782156469
1f9f2c0f-a1b1-4bdb-b58c-cd6e3a07d0d7.png,benign,benign,0.9783259285367811
31c41cce-fca2-4ad7-be41-6d57d6333f72.png,benign,malignant,0.9537367385728904
64e3b54c-2625-4f35-8a05-7634eb2a013e.png,benign,benign,0.9862713594516868
e3045002-cdca-44e0-938c-7652d8dca133.png,malignant,benign,0.8140252759115664
adc4afac-84d0-4444-9e13-67211bb8c3aa.png,benign,malignant,0.9898272090525901
bd05c5cf-20cc-484c-b318-1fbc73f6d241.png,malignant,malignant,0.7816911211385071
520d14bd-54dd-453d-a712-632dc74923e3.png,benign,malignant,0.9935220199080478
fd936f26-eb98-45cf-8e45-68f52a81cc24.png,malignant,malignant,0.6714110977973703
296b2aa3-1167-46db-8e2f-a0abfea3ca7e.png,malignant,malignant,0.9032906217662524
12bb071b-3e9f-4079-97cc-38befde82ba9.png,malignant,malignant,0.754436465642404
6ddb3cad-d034-4700-9652-671141806388.png,benign,benign,0.9526403505834015
c350d1cb-dfa2-4b42-81d6-665354705a0c.png,malignant,malignant,0.7630095863654432
98450561-8fa1-471b-ba66-3ad407e5c235.png,malignant,malignant,0.7855923662093355
efe79beb-a72b-4455-8206-6a83bac6393c.png,benign,benign,0.9505366283205312
7d058cc7-e82f-4c5d-a3e1-cbc103e31e06.png,malignant,malignant,0.9622427005056832
6c64d815-ee7e-45e9-8223-65758ce55454.png,malignant,malignant,0.9668515988738534
6b97582b-1b95-4336-a513-dcfd13c5559e.png,malignant,malignant,0.9881970451843298
f3e3ed27-aa54-4ed5-97be-9e0fba8cdbed.png,malignant,malignant,0.8290466881884021
7fe050e5-499c-464d-ad87-c23254e16af0.png,benign,malignant,0.9929966291571604
0d099994-2407-4897-bcdd-5bb0c26be310.png,malignant,benign,0.5185002963192391
95cddf39-8896-4a6e-b2df-e4039f88481d.png,benign,benign,0.7433486986589465
2b97f68d-0bd2-41c4-bb09-bbc7a1b57e13.png,benign,malignant,0.8797071559562312
edf5c784-4cc1-46d5-938c-e287ce7cbabb.png,benign,malignant,0.8596926938575827
8ecc0158-59f6-4110-9afa-277a9ef8e67f.png,benign,benign,0.862479988098407
c74306b8-5900-4706-b6e0-01cb49a5f8ec.png,benign,benign,0.9227185768395763
09811c05-6cb0-49ff-ab4c-c3b230c4b720.png,benign,benign,0.8510357469513998
ab811374-c659-4815-909d-84be8a2d9db6.png,benign,benign,0.9562775823908922
c5cbc9e8-f0a4-46b6-b3f7-b0b480a5f434.png,benign,benign,0.9731566578160515
01fd860c-2501-42b3-98b1-4c885b432648.png,benign,benign,0.6967277348064791
dc791a9d-6ecb-41c3-83f3-14e2bb2d6800.png,malignant,malignant,0.9859714822701383
fc2e631d-ed13-4bee-ab5a-fe18ad068f74.png,malignant,malignant,0.9786538651881458
c443f8c3-c1ed-4936-84b5-e0b73368e550.png,benign,malignant,0.7473288047441039
4e781904-b73d-4f79-a980-05685368308f.png,benign,benign,0.9975110713189537
4e79c701-e24c-4f1f-a13d-62acf57b7f91.png,benign,benign,0.9226343834875643
28b73db5-0548-4d46-9250-e957848a1c4b.png,benign,benign,0.5452612721384212
3acd7d09-7b20-4998-aceb-fc61b3ffe3f3.png,malignant,malignant,0.9313928829016629
14153cdb-95c1-4936-ad88-b3cee231067e.png,benign,benign,0.7431130108497277
b10bfdc7-6a97-4982-855b-53ebe0affc28.png,malignant,malignant,0.7110589632463563
91a74dc3-70c5-47f5-835d-0439ca237a1d.png,malignant,malignant,0.9699418826482914
5e29986f-cc4c-4649-9988-c6aea8fca38b.png,malignant,malignant,0.9845220147291283
d55e2a86-d526-4af5-908c-bd3678961f4b.png,malignant,malignant,0.5901654702395968
b6f5449f-4cb5-4364-8e38-2947080e0e60.png,benign,malignant,0.7541228083206517
1600637c-bdbd-4e17-9099-d20d2317afe9.png,benign,benign,0.7056112613879088
2e4e43b9-da54-492d-a2c3-e10ca00ae5eb.png,benign,benign,0.8345579206449251
7241c3a8-f409-42e0-9bfc-4e8d8fbe3e93.png,malignant,malignant,0.996377011907699
e4314b79-e59d-4ad9-bb81-508dd8a10ebd.png,benign,malignant,0.8302089462687213
4d9cf37a-db98-4042-9b7a-29564e17dba1.png,benign,benign,0.9894828434975916
13dac258-d079-489f-b5b0-2121352623c8.png,benign,benign,0.8192656411819236
96b097d4-323d-4b8d-8f2a-32b7ae5e3ce2.png,malignant,malignant,0.9792895850319007
26541014-ef95-4ef2-afa4-9b5dd1d0ab63.png,benign,benign,0.8305627658516721
9d772da5-b81e-40c0-a5d7-d61e27b4b6ac.png,malignant,malignant,0.9250049029374025
c8ce8a8a-b3dc-4bf6-ad1b-7e3792f9e1d7.png,malignant,benign,0.6930375174402147
bfd367fa-5fe0-4785-b2f9-1d868189464d.png,benign,benign,0.9956666718852936
91378a29-96d9-4c75-b805-af513b9d13e4.png,malignant,malignant,0.8182633041805473
af43a98c-836c-4053-8161-c41e9b0645b4.png,benign,malignant,0.7531753311205391
14f477ce-b53e-4c81-8be8-36c9630d7aa0.png,malignant,malignant,0.9521433995705281
a8b7bfe5-59cc-403a-b71d-273a1b1942b3.png,malignant,malignant,0.6415960539674612
424b3f86-446f-418b-b626-958e4ba49333.png,malignant,benign,0.9055894133727261
b1b78c10-e7ae-4a57-b08d-0ffcba8b85d8.png,benign,benign,0.7336184839916524
15fd4e68-4082-4f2f-b620-7ea5fca047a1.png,malignant,malignant,0.7129064231388965
6eef71cd-d2a9-43c3-961c-3d52af560120.png,benign,malignant,0.6114531255149883
1a1df3a5-f1c0-43eb-a778-c43b258b3e11.png,benign,benign,0.9456564560523868
64472f0d-0d55-4574-b1a7-adcb9452ae76.png,malignant,malignant,0.8817376333415771
d7c47153-38c8-488b-a6e2-384ea26c8e78.png,malignant,malignant,0.96409455333811
022a52d2-9210-46d8-b97d-f9a78790ffc4.png,malignant,malignant,0.9647029115127134
01620c44-3cfb-4fcd-a8d9-b6ad991783b0.png,malignant,malignant,0.9081378621412038
7a82e8d5-15e6-42d6-8d43-b35e2158a592.png,malignant,malignant,0.8719589970254663
41fdd74b-a98e-4c59-ae44-a0ff61454422.png,benign,benign,0.9445076470900758
2ba7189e-9ffa-446e-9450-caaca8baffd2.png,malignant,malignant,0.710236831605584
d53eff88-45fc-42d2-9ef0-7913edb607b3.png,benign,benign,0.7790530330930977
3382f96a-daf0-4b40-83ea-ffb31b3bf187.png,benign,benign,0.7965176680130445
837331ad-9524-4790-b55b-1966d290a0d7.png,benign,malignant,0.7910362156452321
ef4b371a-650a-46bb-ae94-acf74e0a11b5.png,malignant,malignant,0.8540197593230648
50453632-1f97-4cc2-a648-959aa89cdbc1.png,benign,benign,0.9743985932754964
baa1dff7-a39e-4e7e-af94-3232bf0d2813.png,benign,malignant,0.8254217682826455
dddecdcd-4cb5-4ddc-bdc0-cf69506cc5e3.png,benign,benign,0.9802345764676896
ce7fb216-a8fa-4893-a027-293fcff360cb.png,benign,benign,0.9590218046887785
3d7be66f-0abb-424b-a32e-be3d02f365ea.png,malignant,malignant,0.9534171147885823
1f5b985a-3b76-4377-9a52-ff6f95fd5155.png,benign,malignant,0.5846586068777855
fc04fb60-3a68-40f1-b3e3-de9f0ac14cdf.png,benign,benign,0.6840015708572356
0ccea8b5-d45f-4545-ac64-0d589d51d706.png,benign,benign,0.9249824711809926
06c85032-9add-44b7-91f7-5b476bfc3029.png,malignant,malignant,0.9586137853934916
82bd73f2-24fb-4fae-9069-9e9e17a2c256.png,malignant,malignant,0.7755363986463604
714b2567-da40-4647-b42a-31b7032fb606.png,benign,benign,0.8467947672504887
a4075ece-4c7b-4ce4-af5a-0350b59db6e3.png,malignant,malignant,0.9695667442539428
72c233f2-d9fa-4615-832b-1f320b51625c.png,benign,benign,0.7959296057909481
e08128b6-b8a4-4842-9bf1-36a1c566b8a2.png,benign,benign,0.8936440720767997
96b2a9b2-6340-4735-95a7-2b86d120863e.png,malignant,malignant,0.5697748701116367
9d4ce1d4-3556-4032-8d19-a0d092ff485b.png,malignant,malignant,0.9829572789812828
0f4d06d5-05ce-4bf5-a15d-b1b7e1527eb1.png,benign,benign,0.5249264132316313
3bc1f6a1-3cd0-43ac-bf8e-3dc2eff7f500.png,benign,malignant,0.9212960300448524
10ed66e0-2b13-4d30-a39a-98751010dc1a.png,malignant,malignant,0.8469976094394325
9c884701-8145-46d5-a48a-9f763bc22e42.png,benign,malignant,0.7817258254529846
49e19636-2eb8-4256-92a4-3b0d991f5593.png,malignant,benign,0.6109064122716116
ef55c005-25ce-4f08-a3dd-a311a3f6ed7d.png,benign,benign,0.6823600733285295
fad1d18f-ee7d-429c-adb1-a4c5fca581db.png,benign,benign,0.5732562525405696
d9ce7199-8f67-4ff6-8131-3cedcaafb0a3.png,malignant,malignant,0.9413620727504861
081daca6-6b2a-49e6-b8ba-4b594c236bc0.png,benign,benign,0.9526448659638048
7d8673f9-73fe-47d3-bf02-c01014e53e38.png,benign,benign,0.9939367647570633
3a0e85ff-7a0b-4b9f-943c-27b2e39c8969.png,malignant,malignant,0.9500816003832443
115b4e4e-c8dc-48f4-8688-8ffe29b342ed.png,benign,benign,0.7087563946143071
0f3cf985-25e3-45a5-83a5-b5c8b4ef22d0.png,benign,benign,0.8870530636447783
61a07909-4196-4624-a9e3-b2f590960267.png,benign,malignant,0.604927407396486
9bf7768e-ac37-4ad2-aa90-05f4740a5742.png,malignant,malignant,0.8982528860719424
f15a2775-e21a-4100-91f4-80481cc68c00.png,benign,malignant,0.628529946120355
6890383e-c2fe-44ba-864a-16d121fdccc2.png,malignant,malignant,0.9568505176933951
63e3b4b9-1821-4785-9426-4113e5a20586.png,malignant,malignant,0.9334189518787894
b3268c0d-88a5-46be-8120-b15fbdb33775.png,malignant,malignant,0.8688766132244169
93a6baac-4986-4d6b-b4bd-b9206bfe07ba.png,benign,benign,0.7294563378165638
dd4ddecb-3268-4a4d-8865-a2b027f7a6d2.png,benign,benign,0.7108637768891709
a0b52142-89e0-452c-8eb2-442b5c1696b2.png,malignant,malignant,0.9444536948687936
fab3e653-8d75-4027-8608-5690faf34b90.png,malignant,malignant,0.9896514690991611
cdf478cc-c113-4c5c-94b3-0a94b95f719e.png,benign,malignant,0.5068045312771313
79b263f6-bc35-4cf0-8297-ec6e8b082bb4.png,malignant,malignant,0.9391302258778378
7f515d75-65b6-4f4d-bdcb-fdac3242c717.png,malignant,malignant,0.7935940669162738
707d57c9-b162-46b2-a19d-d00d1863a444.png,benign,malignant,0.5658004843581652
c347d979-5a84-41ee-a3f6-174e2620c9b8.png,benign,malignant,0.6523033986172313
f0713206-4e1e-45de-9c2e-244a7da9e9cb.png,benign,benign,0.9356357878240665
071d7532-ad69-4176-bdde-6fccd056957a.png,benign,benign,0.690494640262766
5253d8b3-ef61-4621-aca0-07ca8753f80b.png,benign,benign,0.9748210666943481
f80aa689-afea-4bc8-acc7-23156337dcf4.png,benign,benign,0.9667694882267773
76964f22-9c50-44b7-9a73-61b8c979bff7.png,benign,benign,0.9400819369913567
e31701df-93d4-46fd-b8e4-acb96547ac2c.png,malignant,malignant,0.9462547446163416
788e192b-bfcd-4107-af7b-7e8911bf3c1b.png,malignant,malignant,0.7732183558589963
6692a3b2-9993-45a0-96ef-297966e7fb6c.png,malignant,malignant,0.7119543971271551
6b25eb19-4af2-4de3-8518-d39f1cd8d39c.png,malignant,malignant,0.9217229563159859
48d67342-a025-4dc2-8db7-535bec8b0a97.png,benign,benign,0.8935785606121465
955354f9-a2e3-4587-90b0-9539f465878b.png,benign,benign,0.9140004062769767
3e079d63-6687-4f47-981d-305c5af3be3a.png,benign,benign,0.9411194957879521
98f82416-8b63-490f-b41f-2a644ed3ed65.png,malignant,malignant,0.9428670363605018
710cc059-5722-43c1-b803-4f2e96bc5aa0.png,malignant,malignant,0.7500628619066536
b0efb4b5-bd54-4a09-95bb-04743fb2b6a8.png,benign,malignant,0.5380148682560886
63aa969b-90d7-47df-a696-5f1a31187cfa.png,malignant,malignant,0.9697347998748743
d9987618-1fa7-4702-b086-f2e28470fabd.png,malignant,malignant,0.9589225464441573
fe146c47-8f74-4308-8a64-db2cdd4eaafe.png,malignant,malignant,0.9353683600675511
c7b8bbea-02c8-4b67-94a6-ff5c4a6e5044.png,benign,malignant,0.8262604092433078
6c58e7ef-7a58-4518-921f-8779c8bb7446.png,malignant,benign,0.5415570274987023
84a34293-fe3c-4b38-bb7e-654232b5d128.png,benign,benign,0.8459163079065275
e4c4e7e4-e028-4edf-9911-7c02b4a6dbbf.png,benign,malignant,0.797275994954756
b1ee3f71-fa64-4bd1-8165-484d9dd734e7.png,malignant,malignant,0.608156169833596
3ae9a7da-5437-4309-b09a-df58d777a586.png,malignant,malignant,0.9659643314033244
648b397b-7abf-4a57-84b3-a37285ff2c90.png,malignant,malignant,0.941888271741935
1f4d30f1-c6d4-42ec-bf23-54ebabde58bf.png,malignant,malignant,0.8561940789527012
97fc2b62-e464-478c-aad3-a3bac5f1203f.png,benign,benign,0.7531633375646232
055b7a27-50da-4009-992f-8902823bfb52.png,malignant,malignant,0.9931405356911953
f71b334d-aeb5-436b-af49-30ffcd63e14c.png,malignant,malignant,0.9149766692892932
af2c9b1d-7b00-43c5-85c5-274473e9bd75.png,malignant,malignant,0.9664683465106473
9352e110-35f1-4aa1-b964-9c5dae446997.png,benign,benign,0.822089878848316
099142c9-be31-49bd-b590-e53e1a9acb7f.png,malignant,malignant,0.7687246758179732
67a5d30d-e8d4-447e-ace3-4b0bb70d01a9.png,benign,benign,0.9503814326044413
e54db9be-6d0d-4ee6-bedc-74f8c6e307f6.png,benign,malignant,0.839385430700083
c7bcf29b-fc46-47d5-b21f-54a37701b632.png,benign,benign,0.7566958437708461
a9cbd4a4-9aa8-4a4a-b292-f4d771b274cb.png,benign,benign,0.9108461584555123
c2d4df77-42f6-4aa5-914c-11d122f22a4c.png,malignant,malignant,0.9360389532309166
0bce332b-1d74-4096-8817-cc2da0ef2e99.png,benign,benign,0.9084120353239087
da3c2921-6e89-477b-b1b0-e06fe7a239f5.png,benign,benign,0.6287743123044085
9a08a0cf-f45e-40ba-9ac2-4a8204b5429c.png,benign,benign,0.9702884885701741
e8fa499c-61b3-44c0-878b-f410aecaca9a.png,malignant,malignant,0.696055187333744
8966a717-c8f7-44f9-830d-d44867fef6f5.png,benign,benign,0.9164314027396491
75ea6a64-c46b-40c6-b5fa-a1a5459e0cdf.png,malignant,malignant,0.612137089715902
5eb8a38c-5c80-41ef-b1a9-54826edcac1e.png,benign,benign,0.6181322201871533
d36db547-f384-463c-9e47-d94b84b6e4d2.png,benign,benign,0.8701415697241275
4761d3b5-65ce-4b00-8920-97c98c88e7f3.png,benign,malignant,0.9451031940892962
46a522bd-95fc-4225-8e3f-ae29d24a502f.png,benign,benign,0.9235000026200819
72537069-51c8-4ab9-b1fd-cb6345f4fed1.png,benign,benign,0.9274911390822378
7da0f48e-2f39-499b-ac93-387ac69ca712.png,malignant,malignant,0.9030318393273709
ad065702-2c53-455a-bd40-dc29cf53cad3.png,benign,benign,0.986906557796736
3375688b-bba6-4ca4-aa6f-9341cae58c10.png,malignant,malignant,0.8157100749943652
7f1b5ee2-6a34-4f3f-bd37-9d1b936e2c6e.png,malignant,malignant,0.8663582982583785
f88fcb01-877f-4f84-8adb-5a7b4ed23f38.png,benign,benign,0.9240299286454484
d5af4eac-3c23-4fad-9d14-0069df822b86.png,benign,benign,0.605217919226301
952ef3ba-c052-45bc-8918-16b283a57223.png,benign,benign,0.9394452120806068
1a64870f-8bde-4f92-970c-ee69a96a373e.png,malignant,malignant,0.948175685175736
d8051a7b-5a5e-42fa-b2e6-54512c8a41d9.png,malignant,malignant,0.9468265669867265
715f5d63-e55d-46dd-90de-3ef949c58a47.png,benign,malignant,0.5966741778324238
9fe3f510-d0ec-47fe-97fb-db3a9e266126.png,malignant,malignant,0.9489748855475644
0a44b1c7-c8e9-4fdf-8559-177e51b7d9da.png,benign,malignant,0.8275788172999693
ea5857de-7b24-41a9-b69f-c6eb9e595bd2.png,benign,malignant,0.7734974533553941
b21d0db0-253b-46af-b1c9-e904c9cd2bd7.png,benign,malignant,0.9837318816075503
0aa5c55c-fcfa-41ee-8453-a157c21a5bd6.png,malignant,malignant,0.9246236392718784
64961a2f-4df5-4357-9df1-8292b952d71e.png,malignant,malignant,0.9074521974705717
73f3f4ec-5bda-4778-b6ee-3f583887e6bd.png,benign,benign,0.9704349193374661
422c12f3-ff23-41f4-b011-1f814d7b8f81.png,benign,benign,0.9664466654666838
e7ee5dde-e5f3-4ff8-823a-fd4f133919fb.png,malignant,malignant,0.6704789686549324
5de9155c-2cbe-4f35-a5d5-1949c377f3ab.png,malignant,malignant,0.5715850727548094
d7855bba-8691-4da2-9fae-2821f40b9977.png,benign,benign,0.6522792136593549
3be3d5ed-920c-45b8-aa98-4682bb0983bf.png,benign,benign,0.8876012113280864
2e7e6435-4ac6-4564-b7ff-23047edbeadc.png,benign,malignant,0.6734789097445707
1cfece0f-5ad7-498e-823f-3e77ba8c2f66.png,benign,benign,0.8546129649911572
4ad4d2e4-2a64-40bb-8bc4-4d9cb330ba0b.png,malignant,malignant,0.9755546203437103
3d8757c8-1c35-4a69-af20-87e0fff0e20c.png,benign,benign,0.7813145657233553
73ef11cb-a934-4e51-ab96-7dba002d88cf.png,benign,benign,0.5520682623943863
d2e3ce4d-3180-40eb-b592-511c4dd2a145.png,benign,benign,0.9864522608651193
cef51235-70cd-4d11-8335-cbb19bc88ce8.png,benign,benign,0.9682902574316767
ef1b87c8-ff7b-4698-80b2-2bfa10048e47.png,malignant,malignant,0.8649894437280572
3c1393d2-8d07-48c5-a69e-d8bdb681c0f1.png,malignant,malignant,0.9148575611240574
3f39d356-3e70-4153-b13b-d445ae3908a8.png,benign,benign,0.9000878812189581
3a515f96-8dd2-405e-b2dc-4040d5909ca9.png,benign,benign,0.8533805570123653
5b2b7ca8-f3d9-46f3-80e9-0f53abfcf46f.png,benign,benign,0.659270997343632
702dfcc8-71f4-4163-a378-dc26635626db.png,malignant,malignant,0.9056273902251647
d5ef62db-d4ef-4d18-bc6c-33dd553c86b9.png,benign,malignant,0.5550433026464274
9c8d746d-26d5-49dd-a4ed-4eadc3d0a6af.png,malignant,malignant,0.9810307141291095
c7fe82cb-e8d0-411b-916e-1909d132053d.png,malignant,malignant,0.9383654496247475
61acaa26-e07b-40d2-90d3-b87290bc191a.png,malignant,malignant,0.9063200220741248
a2ed37fe-2234-477f-8d12-4cda006e5f89.png,malignant,malignant,0.9547478491651732
b4da7475-e846-4fd4-96da-01a6debd7890.png,malignant,malignant,0.9528162020292227
1fc4db22-72a9-4f15-8365-0cb73066b09a.png,benign,malignant,0.8670235961747389
3380002d-c9be-48dc-a2b2-988533b1fd51.png,malignant,malignant,0.9922537094906589
142bd97c-e453-4354-a3e3-f9c3d67bc271.png,malignant,malignant,0.9945220625869329
4cf11f3e-8e87-4feb-8645-d115018a834c.png,malignant,malignant,0.9745340228144069
3fc00765-fa36-4aca-aac3-ab9be4056807.png,benign,benign,0.9561165679432709
9666cfc0-28ee-4859-8c1d-e51186be1f8e.png,benign,malignant,0.9328924505202312
66c680ec-6dfe-4921-8f5b-6a336f7b5326.png,benign,benign,0.5493061318818643
73f4ced0-7385-4dd0-a820-60421660feb4.png,benign,malignant,0.5730450155394402
747bb8c5-a5ec-4510-8776-ef22705bcc11.png,benign,malignant,0.8631013065053568
4fcf5cf3-588f-47ff-8ee9-1bc2e2b806a1.png,benign,benign,0.9777200269523597
cb9e58de-107c-4ffe-b26f-6f95c95f238d.png,benign,malignant,0.7146423606807063
cda8d9c9-a680-40d3-b157-7c38f52c299d.png,malignant,malignant,0.8211705241936582
02a9c8b3-cede-447d-8a17-31604aaff04b.png,malignant,malignant,0.9830940766414537
14e2f6e1-fd5a-4f9e-b604-cc512113747c.png,malignant,malignant,0.9912420202654834
5e0c46a3-b166-486f-98a6-4ebc2323d9dc.png,malignant,malignant,0.9726252978868963
7206826a-6dc8-42d9-bb33-f7f838528ad5.png,benign,benign,0.5759053139239116
cfff0b1a-94e1-46d7-a82d-87c867e3f161.png,benign,benign,0.608467027352959
059107b2-33aa-41a9-a3d5-9b5c3cb9d87f.png,benign,benign,0.9933194105453129
cf944ca1-5f49-4555-9aac-13e626d0ebed.png,benign,benign,0.8641064345269308
a1b726b9-dcb9-4fb1-8de0-6e4a934c5905.png,benign,malignant,0.8733106449356285
a0432fde-c63d-4070-b84a-3f98c60c5d45.png,malignant,malignant,0.9082131159100231
40b58d27-dd7c-406e-916f-08db8a56bc7b.png,benign,benign,0.512098131527785
9f072b42-51ce-4df4-94cd-572ab660fe89.png,malignant,malignant,0.9677951155518875
157c35e1-a69a-4786-a5a2-74368d275006.png,benign,benign,0.7550303397998369
4396b67f-1f38-47b9-bd51-e7b478b57ce7.png,benign,benign,0.924748237066948
f9b1f165-bec1-4812-a120-5d6eb9b16be5.png,benign,benign,0.7291700200654954
1e37cdf4-75f7-45a8-b44b-c80393e42810.png,benign,benign,0.9166459343969807
092c1a32-508e-4ff3-a44c-849a883ae2e3.png,benign,malignant,0.5
f6565aad-837a-40ea-a11d-632e751f3a96.png,benign,benign,0.9206853558968261
0fa17225-5836-4d9c-b217-efe35abe453e.png,benign,benign,0.6828949502075142
458efd6a-48c9-42bc-b469-3f661524568b.png,benign,benign,0.9721147508911447
a54322c9-e0ee-422c-bb68-555479931867.png,benign,benign,0.5576039364251336
75439596-2265-4612-b4bb-1fbf06c8537d.png,benign,benign,0.6000891104593018
7bfa515f-956c-491a-a893-f030d6c2ea3f.png,malignant,malignant,0.9641073538895354
ef7e44a9-6526-4d18-9ad2-fa98242d03c9.png,benign,benign,0.6838973192033466
3f6c5b5d-8a21-4d7d-bf52-6fdecd4de090.png,malignant,malignant,0.7409256413471864
382d7dd3-aec4-451e-b4e1-7f3cb8e68a83.png,malignant,malignant,0.9832084916909086
b13a775f-941c-4b1c-ad70-dc52531a60f8.png,benign,malignant,0.6712047115768601
9c11050d-5a6d-4290-a3a4-070a0f1faec3.png,malignant,malignant,0.9574645206696614
36c2a632-cded-445f-940f-41fcfd6c38c8.png,benign,benign,0.7834819889204404
d73509a2-37e1-44ab-a417-8197b939ca08.png,benign,malignant,0.8130541315013099
5fa7e971-42a7-4cda-b94a-3ac7b4e48aec.png,malignant,malignant,0.978042170319993
11c9c949-0de1-4839-afee-c88205476fb0.png,benign,benign,0.9874484303528817
047b302c-1f64-4569-b2e5-822d0bce6a51.png,benign,benign,0.7630858703984704
6698a4df-4282-416d-9181-1b96fd2f94c4.png,benign,benign,0.9581669893210194
e6546be1-1dba-4f42-a442-844e9807f1dd.png,benign,benign,0.9582004295338518
b6f2fbb8-e3ae-44af-99d9-4d7b684d50a9.png,malignant,malignant,0.9741962931181033
d438ed02-5367-43a9-b314-944fab3d09cc.png,malignant,malignant,0.9802671373312237
4b00d3fc-e004-4691-a377-376b39da865b.png,malignant,malignant,0.9133788099092214
11329c26-77e0-4125-a93c-d0edffe190d5.png,benign,malignant,0.8352880833827304
b1837324-112a-4a76-9c79-2edd654620d4.png,malignant,malignant,0.9917302193919587
33f6114e-d98e-45d6-b321-049a2aa10e98.png,malignant,malignant,0.9781480377217917
06642142-c54c-45ab-b64b-19bed26531a7.png,benign,malignant,0.8622693097072072
cbb1019b-08e0-4ddf-a04f-7e27608c2a65.png,benign,benign,0.9681225520396279
c2a65a44-b2ea-4e42-b68f-ab24ca63b100.png,malignant,benign,0.6932441218501697
5b2b0feb-74d6-4a6d-a4cc-190596a1f3ab.png,malignant,malignant,0.9816525951421682
e9ae2c22-03d7-43a2-8b3a-dd555e93ef0d.png,benign,malignant,0.9111614215215247
78ba1df4-6a31-4bbf-83c6-86f3554c551b.png,benign,malignant,0.5326848544270543
cb991d21-0c46-4328-b38c-30f4fe47249b.png,malignant,malignant,0.8606872581804346
eb95b2a8-adc1-4644-8671-c60173075559.png,malignant,malignant,0.9873969818098229
f61c001c-0360-4fea-9ba8-75fbec5be819.png,benign,benign,0.9196382850739259
b0e4143c-fd53-4f2d-956c-dabcfd2d3f42.png,malignant,malignant,0.9935700971873145
65c9e6db-3c78-49a2-bccf-c29dd8ff49ec.png,malignant,malignant,0.9761642361185735
b23eafff-0d33-4b50-b3b7-2e7540ebb1d5.png,benign,benign,0.8239176454925339
46b50329-c592-4d92-8755-dac527fea9d5.png,benign,malignant,0.6701506004215979
9a2510cf-56d4-4393-9737-a40b4d092873.png,malignant,malignant,0.9865164180075673
04f4504d-b94a-48e2-b21c-9421479c8c1e.png,benign,malignant,0.5961298392861769
3376f6c6-4ec5-4750-9693-445f2159bde8.png,benign,benign,0.7730881446436751
56823a47-051a-4d99-8e17-c004fe2b0854.png,benign,malignant,0.8570451854583159
b68dbbe5-7ac7-4e69-85a7-70a36bc5260e.png,benign,malignant,0.9441648490659675
03594454-6b33-4958-b808-8dfdd7968461.png,benign,malignant,0.7772309146525734
1e11a04a-27cd-4d01-b6ed-274b9c2c8237.png,malignant,malignant,0.9479376974619397
4ab3fa89-4c50-42c3-ab1d-e267202b4f8c.png,benign,benign,0.9208687759680718
758284ab-ffac-497c-acc9-c4fb34246403.png,benign,benign,0.5395401542501096
8aeb25cb-c873-4ba1-9503-1109c7fb12fa.png,benign,malignant,0.7656816774513763
95a25611-69f4-4e7e-83e4-3a7db7e773ed.png,malignant,malignant,0.9102425606011265
26fcedc5-17b0-402f-92a1-99928f9fb19d.png,malignant,malignant,0.6792608829701418
e0f349fe-f21d-418e-89b8-f6aa851d0d5f.png,malignant,malignant,0.9824713617978578
a18dccc8-7ea8-459f-ac4b-ae5a90dff3c8.png,benign,benign,0.7924066957956404
d452fd59-8288-4030-b77e-b2eefbaa1d3f.png,benign,benign,0.9592130122818925
7ebba921-b125-4ec8-b042-62bce47f8b98.png,malignant,malignant,0.822881233211777
29476683-7b4a-439f-8522-0af70e892b81.png,malignant,benign,0.7406899758748837
75543e37-18a7-41d6-b65d-b892755683b4.png,malignant,malignant,0.8634702450757858
e8b3d232-4ee6-4d2c-b297-3faff1c0d679.png,benign,benign,0.7534520634905338
f3955aef-d2e9-4a4c-9f24-b001c88c2bdd.png,malignant,malignant,0.7479771588413362
2605f622-fa19-4971-909f-8aaec7906429.png,malignant,malignant,0.8982563844215697
1dc0a9f0-d4a9-404b-9bb3-bdbd18ac8a62.png,malignant,malignant,0.9688864076715232
b338ffff-c631-4925-bdad-134c4a9d06e4.png,benign,benign,0.8488685015157578
8471ce91-56d4-4b19-9638-d2134d57e4d0.png,malignant,malignant,0.979575466118836
05ab2527-1147-4b97-8a9f-916b2c8bb928.png,benign,malignant,0.7642447367931642
23bfd4cd-20f5-4682-8bd7-32fccebdfbea.png,benign,benign,0.972385921144047
9c2b5ae0-06ce-4aef-b1dc-041ef5ed4c0a.png,malignant,malignant,0.8468787386726379
461458d5-5bf4-4c6b-bbe5-10d0403f7303.png,benign,malignant,0.6356449564637902
64d4c598-e072-409c-a388-70a8c0ccd4f9.png,benign,benign,0.8784009064455754
83459b4d-4216-46b3-b573-4021c6e1692f.png,benign,benign,0.7546132429067154
bb207dc3-de0e-4b36-a4eb-054c5ce50b5b.png,malignant,malignant,0.9724257619886558
24e63a61-2156-403d-ab2c-6b35ec89fecf.png,benign,malignant,0.7681294079796743
fa7e8f59-4585-4a6c-b9ec-59e929a7eb6e.png,malignant,malignant,0.7178549331209702
99b785cc-53d9-40e9-87e5-f39eb8c58043.png,malignant,malignant,0.9109896378455632
c9344ccc-bb98-41f5-a06e-15f61e83bf9b.png,benign,benign,0.8037711895400728
d9af0e73-637a-455d-b753-9735431e348c.png,benign,malignant,0.9533197545061962
5f7d32f0-c5e7-4940-a912-fcc6feaa3e5b.png,benign,benign,0.8723316214864272
3a7a5ced-2b39-4de3-8e98-cf7f73eda24e.png,benign,benign,0.9487063310988134
5614ed8e-6f0b-4d7e-b8ed-e7e8823987e2.png,malignant,malignant,0.9647406323814331
9f324201-0de7-429d-a2f8-6990129fd5e8.png,benign,malignant,0.6599267714655759
42ea76a1-7181-4321-8c25-9510c4305fba.png,malignant,malignant,0.9747732356115982
034545ad-7c30-4717-8f7e-f06df0ae3fca.png,benign,benign,0.9391781958708068
821c40b1-a280-4a99-9f8d-278a9e3bd166.png,malignant,malignant,0.9443443075644304
08e67e31-75dd-463b-8b10-fe16903a046b.png,benign,malignant,0.8008119059904301
fe9cd23a-8222-409b-8f37-bbec20d04044.png,benign,benign,0.8394068998121704
55098b1f-e19a-4197-9139-dd0401e03866.png,malignant,malignant,0.968170562132076
9ee23521-1941-43fd-8374-8dc389a53476.png,malignant,malignant,0.9866049039820175
5fab4292-5ffe-4c75-bf11-983fd70e90ec.png,malignant,malignant,0.9806706321240859
a21f0893-2e66-4aa6-9dd3-4d1ac8f1055b.png,benign,benign,0.9200252493255414
49fd53a3-a3dd-4db5-a700-3c24c5efaa16.png,benign,malignant,0.9013624813481818
758d6c48-1063-4a43-b4d7-04c3da38f111.png,benign,benign,0.6694969264682892
5f5d8e31-3e1b-4324-b7ae-5bdb72cb3808.png,malignant,malignant,0.9724774395514838
154102f4-b590-459f-9a2c-69143b9973ff.png,benign,malignant,0.8472524583542399
1368a68c-532b-4d59-90f1-dfc864f565ef.png,malignant,malignant,0.8472614419786542
41bd999b-d50f-4fc9-b8a1-b24d64e9067a.png,benign,benign,0.9967844923276254
b6c6643f-6f5f-43aa-936f-8412169cb083.png,benign,benign,0.884145935074581
5f336717-b887-4662-bbf9-5141f71c94b6.png,malignant,malignant,0.987465326764609
cb44e1cc-08e8-4bfe-b8bd-17eff4bba0f0.png,benign,benign,0.9647791985934571
906f6a80-a4f2-4131-9ed8-990c8af6e36b.png,benign,malignant,0.5
b73b0881-8c78-4bdb-9729-c6f706bb2b17.png,malignant,malignant,0.7174877386601203
9b1605fc-c4fc-4f99-b226-34c30d2d7702.png,benign,benign,0.7212050876973473
fb4c031e-c8c5-4db7-939c-f0a685283442.png,benign,benign,0.7889398961074141
52f0789d-9ae3-4db5-8bae-8cbcb3af1eed.png,malignant,malignant,0.948774442839285
94b3fe95-47ba-45ab-91c3-cfe144a53fda.png,benign,malignant,0.5
fa8d600c-f1e0-4cdb-918a-f6c4c706142b.png,malignant,malignant,0.8543525736298702
afa1f59f-7886-41d5-9f58-84d43a30f698.png,benign,benign,0.9017899214819168
c707a396-232a-4bbf-8367-5cbf2c202af7.png,benign,benign,0.5862224997717372
544a83ef-8f59-4abb-83d1-13c6634ea398.png,malignant,malignant,0.9664793863961157
34e5655a-ddd4-4ca9-9a75-ab021bd26fcd.png,benign,benign,0.5193134483796134
52924db9-ce4d-49b7-9cc1-7449dca0a35a.png,malignant,malignant,0.7752668568182722
24f52487-36e4-4af8-a94f-ec49c0a8017c.png,malignant,malignant,0.9606426280133755
1e37a626-0fd5-4dcf-b217-a6942d953c46.png,malignant,malignant,0.9588135124341327
1d2d5932-f8db-496c-9d79-575083fdf7ae.png,malignant,malignant,0.7561054461993691
7f5dd37f-8823-4663-9ba4-220ecbee35ad.png,malignant,malignant,0.9621378476171286
665c99db-3a1f-45ce-831d-5f62d654b089.png,malignant,malignant,0.957815270539185
000493.png,malignant,benign,0.899186346828273
000014.png,malignant,malignant,0.9486129626971043
000158.png,malignant,malignant,0.8898022958400589
000244.png,malignant,malignant,0.6914935656593446
000359.png,malignant,malignant,0.953884869266673
000072.png,malignant,malignant,0.7065750455289856
000406.png,malignant,malignant,0.8835929278949055
000478.png,malignant,malignant,0.6475654041287735
000109.png,benign,benign,0.9441275200449367
000282.png,benign,benign,0.8301906607804432
000284.png,benign,benign,0.6423296100991189
000311.png,benign,benign,0.7863833780761263
000324.png,benign,malignant,0.5969700007092593
000439.png,benign,malignant,0.6144051322173808
000495.png,benign,malignant,0.7856983965959993
000632.png,benign,benign,0.7717587757542159
000642.png,benign,benign,0.8157724918580527
000111.png,benign,benign,0.7031242107115977
000172.png,benign,benign,0.6116475629868028
000259.png,benign,benign,0.6031076035944124
000602.png,benign,benign,0.9891833824286984
000605.png,benign,benign,0.9837460354035799
000473.png,benign,benign,0.7964084485545863
000375.png,benign,malignant,0.6897499061674318
000549.png,benign,benign,0.8861060388197652
000513.png,benign,benign,0.6305329749738616
000603.png,benign,malignant,0.5289040319472167
019823VB.jpg,malignant,malignant,0.9737589917762609
040272HB.jpg,benign,benign,0.9618106551515596
10191-1.jpg,benign,benign,0.6436412008020558
015565HB.jpg,malignant,benign,0.5384645483786752
023442VB.jpg,benign,malignant,0.7488971478800602
040074VB.jpg,benign,malignant,0.7280800628198375
015977HB.jpg,malignant,malignant,0.8517329264602834
015677HB.jpg,malignant,malignant,0.9806498327270872
015540VB.jpg,malignant,benign,0.5652123412960199
037759VB.jpg,benign,benign,0.5375683896027997
019468HB.jpg,malignant,malignant,0.8626086687700878
020248HB.jpg,malignant,malignant,0.9478564159476764
015952HB.jpg,malignant,malignant,0.9624879074949239
029529HB.jpg,benign,malignant,0.5414739852186783
040770HB.jpg,benign,benign,0.9482113554322091
10522-DSC02271.jpg,benign,malignant,0.6554434285151735
043383VB.jpg,benign,malignant,0.8001731420304476
003086HB.jpg,malignant,malignant,0.9599959400432213
001018HB.jpg,malignant,malignant,0.9873757364824746
015839HB.jpg,malignant,malignant,0.9720206144645877
029767HB.jpg,benign,benign,0.912136022671873
019373HB.jpg,malignant,malignant,0.9271737839657189
044507VB.jpg,benign,benign,0.8468474386282128
020181HB.jpg,malignant,malignant,0.7851398700295826
019256HB.jpg,malignant,malignant,0.7206205388240108
015851HB.jpg,malignant,malignant,0.963123729586497
019443VB.jpg,malignant,malignant,0.9695285061656824
040503VB.jpg,benign,benign,0.6074088098046846
019328HB.jpg,malignant,malignant,0.9722298484613137
042637VB.jpg,benign,benign,0.5912678741807978
003441HB.jpg,malignant,malignant,0.9366508897627683
045653VB.jpg,benign,malignant,0.5189501453979884
10280-DSC02447.jpg,benign,benign,0.8596288472599437
019405VB.jpg,malignant,malignant,0.7428191381775857
038246HB.jpg,benign,benign,0.5134865794721437
019305HB.jpg,malignant,malignant,0.6412747801573286
046288VB.jpg,malignant,malignant,0.9691729930726006
044541HB.jpg,benign,malignant,0.7520725634736531
015769HB.jpg,malignant,malignant,0.9411392024993921
004827VB.jpg,benign,malignant,0.882408739683988
025704VB.jpg,benign,benign,0.7662579740986969
020186HB.jpg,malignant,malignant,0.9431310076609264
009877HB.jpg,benign,benign,0.574908728636619
039818HB.jpg,benign,benign,0.7952122786474657
019581HB.jpg,malignant,malignant,0.8559023613208566
009379HB.jpg,benign,malignant,0.5544955826237775
020237HB.jpg,malignant,malignant,0.9045255149945851
015840HB.jpg,malignant,malignant,0.917443021820425
011001HB.jpg,benign,benign,0.9048465386692274
015832HB.jpg,malignant,malignant,0.8695497693772053
001618HB.jpg,malignant,malignant,0.9438057130578882
015472VB.jpg,malignant,malignant,0.9828851195236671
019956HB.jpg,malignant,malignant,0.9707830294329316
015831HB.jpg,malignant,malignant,0.7545086321569215
026800VB.jpg,benign,benign,0.5265541848892092
043940VB.jpg,benign,malignant,0.8299759152865018
019221HB.jpg,malignant,benign,0.6539243945095942
002833HB.jpg,malignant,malignant,0.9677101886932068
029069HB.jpg,benign,malignant,0.5496685921139138
003510VB.jpg,malignant,malignant,0.8688578049768275
043395HB.jpg,benign,benign,0.6178171549238199
002829HB.jpg,malignant,malignant,0.918520070069305
031856HB.jpg,benign,benign,0.5898545329124597
024681HB.jpg,benign,malignant,0.666216375713014
010069HB.jpg,benign,malignant,0.834729950730102
000607HB.jpg,malignant,malignant,0.9516935738992992
040273HB.jpg,benign,malignant,0.6371937726202774
015670HB.jpg,malignant,malignant,0.9825992728062689
039117HB.jpg,benign,malignant,0.9439013683357985
033598HB.jpg,benign,benign,0.5795368640629505
038408HB.jpg,benign,malignant,0.5807728567385106
006045VB.jpg,malignant,malignant,0.9909229243466078
009989HB.jpg,benign,malignant,0.7305429122158733
041818HB.jpg,benign,benign,0.6252636529180577
012170HB.jpg,benign,benign,0.6124703571245407
024166HB.jpg,benign,benign,0.5675339003316094
020185HB.jpg,malignant,malignant,0.9621183905384177
029060VB.jpg,benign,benign,0.7209872068843937
020151HB.jpg,malignant,malignant,0.9524157899040628
037093HB.jpg,benign,benign,0.8448377180855987
028698VB.jpg,benign,malignant,0.9084496268866985
020009VB.jpg,malignant,malignant,0.6183738688174475
024991HB.jpg,benign,malignant,0.8905580852018739
