img_id,true_label,pred_label,prob
ISIC_0034524.jpg,benign,benign,0.988209690823525
ISIC_0034525.jpg,benign,benign,0.9863991436747298
ISIC_0034527.jpg,benign,benign,0.8562009294072856
ISIC_0034528.jpg,benign,benign,0.9427898558991169
ISIC_0034529.jpg,malignant,malignant,0.7261081090198169
ISIC_0034530.jpg,benign,benign,0.9964628638385351
ISIC_0034532.jpg,benign,benign,0.9655819791392785
ISIC_0034533.jpg,benign,benign,0.9925892782780853
ISIC_0034534.jpg,benign,benign,0.9994167436420941
ISIC_0034537.jpg,benign,benign,0.8516284507500653
ISIC_0034540.jpg,benign,benign,0.9940199648814159
ISIC_0034541.jpg,benign,benign,0.9565565695634102
ISIC_0034543.jpg,benign,benign,0.9902797078489781
ISIC_0034544.jpg,benign,benign,0.9826345705626108
ISIC_0034548.jpg,malignant,malignant,0.9035842260187213
ISIC_0034551.jpg,benign,benign,0.988901119367418
ISIC_0034552.jpg,benign,benign,0.8181411250497437
ISIC_0034553.jpg,benign,benign,0.9853737463055372
ISIC_0034556.jpg,benign,benign,0.9857219791558168
ISIC_0034557.jpg,benign,benign,0.9794580889851047
ISIC_0034558.jpg,benign,benign,0.9394774802527912
ISIC_0034559.jpg,benign,benign,0.9969844063767963
ISIC_0034560.jpg,benign,benign,0.9883016689285844
ISIC_0034562.jpg,benign,benign,0.9944375047332658
ISIC_0034563.jpg,benign,benign,0.9974473036153039
ISIC_0034564.jpg,benign,benign,0.9872580262801829
ISIC_0034566.jpg,benign,benign,0.9985799283177548
ISIC_0034567.jpg,benign,benign,0.9780056249040453
ISIC_0034568.jpg,benign,benign,0.9899432958882975
ISIC_0034569.jpg,benign,benign,0.9806647800138987
ISIC_0034572.jpg,malignant,malignant,0.8464352410412442
ISIC_0034573.jpg,malignant,malignant,0.8224494417818979
ISIC_0034576.jpg,benign,benign,0.992412295602309
ISIC_0034577.jpg,benign,benign,0.9643262095332719
ISIC_0034580.jpg,benign,benign,0.9811771730412179
ISIC_0034581.jpg,benign,benign,0.9769995845544126
ISIC_0034582.jpg,benign,benign,0.9910232220774545
ISIC_0034583.jpg,benign,benign,0.9565882990831409
ISIC_0034584.jpg,malignant,benign,0.96281783856395
ISIC_0034586.jpg,benign,benign,0.9623195487204459
ISIC_0034587.jpg,benign,benign,0.9948686429850582
ISIC_0034589.jpg,benign,benign,0.993841072859145
ISIC_0034590.jpg,benign,benign,0.9666233586946119
ISIC_0034592.jpg,benign,benign,0.985963768618045
ISIC_0034593.jpg,benign,benign,0.954798919250754
ISIC_0034594.jpg,benign,benign,0.9951162520920694
ISIC_0034595.jpg,malignant,malignant,0.810069023661163
ISIC_0034599.jpg,benign,benign,0.9464188004152647
ISIC_0034600.jpg,benign,benign,0.9894781244391828
ISIC_0034601.jpg,benign,benign,0.9956694214889971
ISIC_0034602.jpg,benign,benign,0.9974205869126523
ISIC_0034603.jpg,benign,benign,0.9888215905005909
ISIC_0034604.jpg,benign,benign,0.9917383404429038
ISIC_0034605.jpg,malignant,malignant,0.277378087953348
ISIC_0034607.jpg,benign,benign,0.9993061594925375
ISIC_0034609.jpg,benign,benign,0.9883059377188386
ISIC_0034610.jpg,benign,benign,0.9830167932213267
ISIC_0034611.jpg,benign,benign,0.9969958435604345
ISIC_0034613.jpg,benign,benign,0.9457576924401511
ISIC_0034616.jpg,benign,benign,0.9990988186311501
ISIC_0034617.jpg,benign,malignant,0.48260945235047187
ISIC_0034619.jpg,benign,benign,0.9969015345148226
ISIC_0034620.jpg,benign,benign,0.9953057280104127
ISIC_0034621.jpg,benign,benign,0.9899972666447605
ISIC_0034623.jpg,benign,benign,0.9918419977682678
ISIC_0034624.jpg,benign,benign,0.9961139973255253
ISIC_0034625.jpg,benign,benign,0.9931707051515549
ISIC_0034626.jpg,benign,benign,0.9928753296358145
ISIC_0034627.jpg,benign,benign,0.8679665119722424
ISIC_0034628.jpg,malignant,malignant,0.8791274937980871
ISIC_0034629.jpg,benign,benign,0.7495639071908294
ISIC_0034630.jpg,malignant,benign,0.8773416519409994
ISIC_0034632.jpg,benign,benign,0.7521703174517779
ISIC_0034633.jpg,malignant,benign,0.7676005358164699
ISIC_0034634.jpg,benign,benign,0.9808602756372284
ISIC_0034635.jpg,benign,malignant,0.33363165297692315
ISIC_0034636.jpg,benign,benign,0.9983842929512114
ISIC_0034637.jpg,benign,benign,0.9733685217732727
ISIC_0034638.jpg,malignant,malignant,0.7312124871853934
ISIC_0034639.jpg,benign,benign,0.9900648909149676
ISIC_0034640.jpg,benign,benign,0.9931813584818896
ISIC_0034641.jpg,benign,benign,0.9984855482657866
ISIC_0034643.jpg,benign,benign,0.9954513142506926
ISIC_0034644.jpg,malignant,benign,0.9753755881627716
ISIC_0034645.jpg,benign,benign,0.9078492354617691
ISIC_0034648.jpg,benign,benign,0.9952136529433838
ISIC_0034649.jpg,benign,benign,0.9942591523262502
ISIC_0034650.jpg,malignant,malignant,0.9738057495860432
ISIC_0034653.jpg,benign,benign,0.9864487972654912
ISIC_0034654.jpg,benign,benign,0.9665654915928289
ISIC_0034655.jpg,malignant,malignant,0.6811467493509904
ISIC_0034657.jpg,malignant,malignant,0.3023280672845254
ISIC_0034658.jpg,benign,benign,0.9854531574196901
ISIC_0034659.jpg,benign,benign,0.9979215914531963
ISIC_0034660.jpg,benign,benign,0.974085733586791
ISIC_0034661.jpg,benign,benign,0.9606842279100097
ISIC_0034662.jpg,benign,benign,0.9833172053554905
ISIC_0034664.jpg,benign,benign,0.993210559868956
ISIC_0034665.jpg,benign,benign,0.9943316388896207
ISIC_0034667.jpg,benign,benign,0.9967278470098866
ISIC_0034668.jpg,benign,benign,0.9996924506851648
ISIC_0034670.jpg,benign,malignant,0.5270976476449519
ISIC_0034671.jpg,benign,benign,0.9982314179087145
ISIC_0034672.jpg,benign,benign,0.9900815181613227
ISIC_0034674.jpg,benign,benign,0.8553326082408256
ISIC_0034676.jpg,benign,benign,0.9928098982560307
ISIC_0034677.jpg,benign,benign,0.948688624858235
ISIC_0034678.jpg,benign,benign,0.9954225341334554
ISIC_0034680.jpg,benign,benign,0.8915995886660328
ISIC_0034681.jpg,benign,benign,0.9964137407065508
ISIC_0034683.jpg,benign,benign,0.9990704046304146
ISIC_0034687.jpg,malignant,malignant,0.49119865653531475
ISIC_0034688.jpg,benign,benign,0.9777374689086871
ISIC_0034689.jpg,benign,benign,0.9878416682808175
ISIC_0034690.jpg,benign,benign,0.9667287710804319
ISIC_0034696.jpg,benign,benign,0.9877536919173351
ISIC_0034697.jpg,benign,benign,0.98282332919028
ISIC_0034698.jpg,benign,benign,0.9980394987380453
ISIC_0034700.jpg,benign,benign,0.9981408588449846
ISIC_0034701.jpg,benign,benign,0.992731603202967
ISIC_0034702.jpg,benign,benign,0.9986558590574668
ISIC_0034703.jpg,benign,benign,0.9892343109910051
ISIC_0034704.jpg,benign,benign,0.9947706857602914
ISIC_0034705.jpg,benign,benign,0.934772956559129
ISIC_0034707.jpg,benign,benign,0.9811302014633321
ISIC_0034708.jpg,benign,benign,0.9898312110885623
ISIC_0034709.jpg,benign,benign,0.9960383836783056
ISIC_0034713.jpg,malignant,malignant,0.7915106954952585
ISIC_0034714.jpg,malignant,benign,0.878973344038603
ISIC_0034715.jpg,benign,benign,0.9953815455431455
ISIC_0034716.jpg,benign,benign,0.9986232183838292
ISIC_0034717.jpg,benign,benign,0.9626136174464888
ISIC_0034718.jpg,benign,benign,0.9844512821058437
ISIC_0034721.jpg,benign,benign,0.9954840753019693
ISIC_0034722.jpg,benign,benign,0.9925492472316041
ISIC_0034725.jpg,benign,benign,0.878458046359283
ISIC_0034726.jpg,benign,benign,0.9869747433045766
ISIC_0034727.jpg,benign,benign,0.9866515353684606
ISIC_0034728.jpg,benign,benign,0.9974290061291603
ISIC_0034729.jpg,benign,benign,0.9970085637566256
ISIC_0034730.jpg,benign,benign,0.9186673209317697
ISIC_0034731.jpg,benign,malignant,0.6262166175818259
ISIC_0034732.jpg,benign,benign,0.9639387946958247
ISIC_0034735.jpg,benign,benign,0.9988153084201705
ISIC_0034736.jpg,benign,benign,0.9852126207275046
ISIC_0034737.jpg,malignant,malignant,0.9793894534081666
ISIC_0034738.jpg,benign,benign,0.9954575497889043
ISIC_0034740.jpg,benign,benign,0.9946471596738177
ISIC_0034741.jpg,benign,benign,0.9772701177407518
ISIC_0034742.jpg,benign,benign,0.9921898782159139
ISIC_0034743.jpg,benign,benign,0.9680514166391994
ISIC_0034744.jpg,benign,benign,0.991404492456839
ISIC_0034745.jpg,benign,benign,0.966406468214354
ISIC_0034747.jpg,benign,benign,0.9820597892511486
ISIC_0034749.jpg,benign,benign,0.9661154758899664
ISIC_0034752.jpg,benign,benign,0.9868913938970907
ISIC_0034754.jpg,benign,benign,0.9870926038112173
ISIC_0034756.jpg,benign,benign,0.9932926059845764
ISIC_0034757.jpg,benign,benign,0.9624592856969912
ISIC_0034761.jpg,benign,benign,0.9915787523060939
ISIC_0034762.jpg,benign,benign,0.994273646877586
ISIC_0034763.jpg,benign,benign,0.995131474860681
ISIC_0034764.jpg,malignant,malignant,0.6143668398958518
ISIC_0034765.jpg,benign,malignant,0.3932638157050376
ISIC_0034767.jpg,benign,benign,0.9741440414174406
ISIC_0034768.jpg,benign,benign,0.9953315309521024
ISIC_0034769.jpg,benign,benign,0.9675271847083782
ISIC_0034771.jpg,malignant,malignant,0.8599619025843902
ISIC_0034772.jpg,benign,benign,0.9923977584211666
ISIC_0034773.jpg,benign,benign,0.9542453011163486
ISIC_0034774.jpg,benign,benign,0.9934893572081377
ISIC_0034776.jpg,benign,benign,0.9912975759939878
ISIC_0034777.jpg,benign,benign,0.9961642535709603
ISIC_0034778.jpg,benign,benign,0.7576572204256767
ISIC_0034779.jpg,benign,benign,0.9760252776622108
ISIC_0034780.jpg,benign,benign,0.9956730752419567
ISIC_0034781.jpg,benign,benign,0.9739878515567171
ISIC_0034783.jpg,benign,benign,0.9928578896570694
ISIC_0034784.jpg,malignant,benign,0.7490825368110098
ISIC_0034786.jpg,benign,benign,0.9832575080913846
ISIC_0034787.jpg,benign,benign,0.9980367114015309
ISIC_0034788.jpg,benign,benign,0.9905304235631938
ISIC_0034789.jpg,benign,benign,0.7952479317673814
ISIC_0034790.jpg,benign,benign,0.9928362729396146
ISIC_0034791.jpg,benign,benign,0.7451449796819289
ISIC_0034792.jpg,benign,benign,0.9704749220684384
ISIC_0034793.jpg,benign,benign,0.8305133600874303
ISIC_0034795.jpg,benign,benign,0.9790737309631459
ISIC_0034797.jpg,benign,malignant,0.42530201249249283
ISIC_0034798.jpg,benign,benign,0.9982260528569511
ISIC_0034800.jpg,benign,benign,0.9776246350856833
ISIC_0034801.jpg,benign,benign,0.990791404631069
ISIC_0034803.jpg,benign,benign,0.9643441851248872
ISIC_0034804.jpg,malignant,malignant,0.8940023585156731
ISIC_0034806.jpg,benign,benign,0.9562572217269695
ISIC_0034807.jpg,benign,benign,0.994023860239273
ISIC_0034808.jpg,benign,benign,0.9928286247611688
ISIC_0034809.jpg,benign,benign,0.9926720803511164
ISIC_0034810.jpg,benign,benign,0.9942522047676257
ISIC_0034811.jpg,benign,benign,0.9929734558374578
ISIC_0034813.jpg,benign,benign,0.7238397651567406
ISIC_0034815.jpg,benign,benign,0.8977284795179751
ISIC_0034816.jpg,benign,benign,0.9434312922059721
ISIC_0034817.jpg,malignant,benign,0.9715863828537257
ISIC_0034818.jpg,benign,benign,0.9590908087184898
ISIC_0034819.jpg,malignant,malignant,0.9350069034629793
ISIC_0034821.jpg,benign,benign,0.9890447920422833
ISIC_0034823.jpg,benign,benign,0.9925713298323047
ISIC_0034824.jpg,benign,benign,0.9967171831901492
ISIC_0034827.jpg,benign,benign,0.9989444030939306
ISIC_0034828.jpg,benign,benign,0.9939970384425173
ISIC_0034829.jpg,benign,benign,0.9975843492309573
ISIC_0034830.jpg,benign,benign,0.9972028526823716
ISIC_0034831.jpg,benign,benign,0.9938282377670012
ISIC_0034832.jpg,benign,benign,0.8516523673559501
ISIC_0034834.jpg,benign,benign,0.9803520009251472
ISIC_0034835.jpg,benign,benign,0.9979685845992997
ISIC_0034836.jpg,benign,malignant,0.6971344139792489
ISIC_0034837.jpg,benign,benign,0.9948167045421723
ISIC_0034838.jpg,benign,benign,0.8430182206487853
ISIC_0034839.jpg,benign,benign,0.9806272877288617
ISIC_0034841.jpg,benign,benign,0.8995406799906758
ISIC_0034843.jpg,benign,benign,0.9592070028091252
ISIC_0034844.jpg,benign,benign,0.997271386369404
ISIC_0034845.jpg,benign,benign,0.9898370579761205
ISIC_0034846.jpg,benign,benign,0.9350423806014603
ISIC_0034847.jpg,benign,benign,0.9938948422965621
ISIC_0034848.jpg,benign,benign,0.9988632978154549
ISIC_0034851.jpg,benign,benign,0.9884737129678194
ISIC_0034852.jpg,benign,benign,0.9733010661299072
ISIC_0034853.jpg,benign,benign,0.9942413111771622
ISIC_0034854.jpg,benign,benign,0.997646390189862
ISIC_0034855.jpg,benign,benign,0.985425249742727
ISIC_0034856.jpg,benign,malignant,0.35261282312779485
ISIC_0034857.jpg,benign,benign,0.9805865151847256
ISIC_0034859.jpg,malignant,malignant,0.6610759475461527
ISIC_0034860.jpg,benign,benign,0.93895073668245
ISIC_0034861.jpg,benign,benign,0.9832322825321846
ISIC_0034862.jpg,benign,benign,0.9313195761901247
ISIC_0034863.jpg,malignant,malignant,0.39943174669893283
ISIC_0034864.jpg,benign,benign,0.9578137240413334
ISIC_0034865.jpg,benign,benign,0.9975776728710376
ISIC_0034866.jpg,benign,benign,0.9931681897681188
ISIC_0034867.jpg,benign,benign,0.9914752234874988
ISIC_0034868.jpg,benign,benign,0.9958985897688019
ISIC_0034869.jpg,benign,benign,0.9985492006142336
ISIC_0034871.jpg,malignant,malignant,0.2833625627513537
ISIC_0034872.jpg,benign,benign,0.9510086237270133
ISIC_0034873.jpg,malignant,benign,0.9446927763124984
ISIC_0034874.jpg,malignant,malignant,0.8850832110338198
ISIC_0034875.jpg,malignant,malignant,0.8640684724224319
ISIC_0034877.jpg,benign,benign,0.9890755819505682
ISIC_0034878.jpg,benign,benign,0.9992509963557188
ISIC_0034880.jpg,benign,benign,0.9959722834790135
ISIC_0034881.jpg,benign,benign,0.9898626697773705
ISIC_0034882.jpg,malignant,benign,0.7312632406098166
ISIC_0034883.jpg,benign,benign,0.943245401266816
ISIC_0034884.jpg,benign,benign,0.8677318754718569
ISIC_0034885.jpg,benign,benign,0.9076166946699677
ISIC_0034886.jpg,benign,benign,0.9967007221618861
ISIC_0034889.jpg,benign,benign,0.9782266836355025
ISIC_0034890.jpg,benign,benign,0.9846378294318665
ISIC_0034892.jpg,benign,benign,0.9780317806904391
ISIC_0034893.jpg,benign,benign,0.9711497521423323
ISIC_0034894.jpg,benign,benign,0.9074472298144203
ISIC_0034895.jpg,malignant,malignant,0.7016937510076053
ISIC_0034897.jpg,benign,benign,0.9913617110466031
ISIC_0034900.jpg,benign,benign,0.9592656858506146
ISIC_0034901.jpg,benign,benign,0.9676205746922141
ISIC_0034902.jpg,benign,benign,0.9983362794198235
ISIC_0034903.jpg,benign,benign,0.98797379092413
ISIC_0034904.jpg,malignant,benign,0.7550104003423027
ISIC_0034907.jpg,benign,benign,0.931383112624801
ISIC_0034908.jpg,benign,benign,0.9963377626322125
ISIC_0034909.jpg,benign,benign,0.9312788852891202
ISIC_0034912.jpg,benign,benign,0.9610652391525207
ISIC_0034913.jpg,benign,benign,0.9980443531870994
ISIC_0034916.jpg,benign,benign,0.982007245955247
ISIC_0034917.jpg,benign,benign,0.9820713305269185
ISIC_0034918.jpg,malignant,benign,0.8890782889678462
ISIC_0034919.jpg,benign,benign,0.9932181600024195
ISIC_0034920.jpg,benign,benign,0.9578211254655253
ISIC_0034921.jpg,benign,benign,0.7929346950522528
ISIC_0034922.jpg,benign,benign,0.9952169102891951
ISIC_0034923.jpg,benign,benign,0.9697680143939152
ISIC_0034924.jpg,benign,benign,0.9877042500467683
ISIC_0034925.jpg,benign,benign,0.9754887873988248
ISIC_0034926.jpg,malignant,malignant,0.9629325234621563
ISIC_0034927.jpg,benign,malignant,0.3892634005110815
ISIC_0034928.jpg,benign,benign,0.9949471231305204
ISIC_0034932.jpg,benign,benign,0.9848311568987279
ISIC_0034933.jpg,benign,benign,0.9751658795097413
ISIC_0034934.jpg,malignant,malignant,0.5888661555252795
ISIC_0034935.jpg,benign,benign,0.9681385599655041
ISIC_0034938.jpg,benign,benign,0.9899580555612244
ISIC_0034940.jpg,benign,benign,0.9944619433682521
ISIC_0034941.jpg,benign,benign,0.9466543998904423
ISIC_0034942.jpg,benign,benign,0.9947070512226704
ISIC_0034943.jpg,benign,benign,0.9959969828137938
ISIC_0034944.jpg,benign,benign,0.7598147622480258
ISIC_0034945.jpg,benign,benign,0.9899930861097449
ISIC_0034947.jpg,benign,benign,0.9986418521939997
ISIC_0034949.jpg,malignant,malignant,0.9897565994357622
ISIC_0034950.jpg,benign,benign,0.9931132483261241
ISIC_0034955.jpg,benign,benign,0.9133950593723819
ISIC_0034956.jpg,benign,benign,0.9008635173675886
ISIC_0034957.jpg,malignant,malignant,0.8887208640816054
ISIC_0034958.jpg,malignant,malignant,0.9279591234064601
ISIC_0034959.jpg,malignant,malignant,0.899774972764444
ISIC_0034962.jpg,benign,benign,0.9979096030971486
ISIC_0034964.jpg,benign,benign,0.9723593428823791
ISIC_0034965.jpg,benign,benign,0.9977128499267743
ISIC_0034967.jpg,benign,malignant,0.5313921811902218
ISIC_0034968.jpg,benign,benign,0.9793052536713598
ISIC_0034971.jpg,malignant,malignant,0.8604308255048743
ISIC_0034973.jpg,benign,benign,0.9931948070853547
ISIC_0034974.jpg,benign,benign,0.9872710372166797
ISIC_0034975.jpg,benign,benign,0.9455682974798709
ISIC_0034976.jpg,benign,benign,0.97429516953201
ISIC_0034977.jpg,benign,benign,0.9740408416846643
ISIC_0034978.jpg,benign,benign,0.991956656533514
ISIC_0034979.jpg,benign,benign,0.9917071113124464
ISIC_0034983.jpg,benign,benign,0.9956662249157395
ISIC_0034984.jpg,benign,benign,0.9622422095363891
ISIC_0034985.jpg,benign,benign,0.9962181197159308
ISIC_0034986.jpg,benign,benign,0.9986637727325658
ISIC_0034988.jpg,malignant,malignant,0.620174695224968
ISIC_0034989.jpg,benign,benign,0.9847556220145068
ISIC_0034990.jpg,benign,benign,0.99389250112198
ISIC_0034991.jpg,benign,benign,0.9974396843191565
ISIC_0034992.jpg,benign,benign,0.977270149982762
ISIC_0034996.jpg,benign,benign,0.9833783910172536
ISIC_0034998.jpg,malignant,malignant,0.4442953303166057
ISIC_0035000.jpg,malignant,malignant,0.3804113560410153
ISIC_0035002.jpg,benign,benign,0.9897929486382592
ISIC_0035003.jpg,benign,benign,0.995087163619877
ISIC_0035005.jpg,benign,benign,0.9503883509864338
ISIC_0035006.jpg,benign,benign,0.9755080039328294
ISIC_0035007.jpg,benign,benign,0.9160916954315108
ISIC_0035009.jpg,benign,benign,0.948682439388819
ISIC_0035011.jpg,benign,benign,0.8967501862096362
ISIC_0035013.jpg,benign,benign,0.9980676083549908
ISIC_0035014.jpg,benign,benign,0.9937943239172553
ISIC_0035015.jpg,benign,benign,0.998120813028766
ISIC_0035016.jpg,benign,benign,0.9763287613894536
ISIC_0035017.jpg,benign,benign,0.9966112658516805
ISIC_0035019.jpg,benign,malignant,0.31583317763724555
ISIC_0035020.jpg,benign,benign,0.9902019478648522
ISIC_0035021.jpg,malignant,malignant,0.3017078936133672
ISIC_0035022.jpg,benign,benign,0.9943842384629519
ISIC_0035023.jpg,benign,malignant,0.7689755914930198
ISIC_0035024.jpg,benign,benign,0.9816233522820457
ISIC_0035025.jpg,benign,benign,0.981079484946811
ISIC_0035027.jpg,benign,benign,0.9957269672918637
ISIC_0035030.jpg,benign,benign,0.9979218722980299
ISIC_0035031.jpg,benign,benign,0.9954538825737875
ISIC_0035034.jpg,benign,benign,0.9765244356177768
ISIC_0035036.jpg,benign,benign,0.992194508138612
ISIC_0035038.jpg,benign,benign,0.752015230136842
ISIC_0035044.jpg,benign,benign,0.8686695705038504
ISIC_0035045.jpg,benign,benign,0.9938476576080897
ISIC_0035046.jpg,benign,benign,0.8469342496901351
ISIC_0035047.jpg,malignant,malignant,0.9599997387311122
ISIC_0035048.jpg,malignant,benign,0.8074366727442644
ISIC_0035049.jpg,benign,benign,0.9936312129242765
ISIC_0035050.jpg,benign,benign,0.8558259444831232
ISIC_0035051.jpg,benign,benign,0.93366160596613
ISIC_0035052.jpg,benign,benign,0.9805975664639861
ISIC_0035053.jpg,benign,benign,0.9997430788771401
ISIC_0035055.jpg,benign,benign,0.9972090479946578
ISIC_0035056.jpg,benign,benign,0.9988248867423798
ISIC_0035058.jpg,benign,benign,0.99847703802422
ISIC_0035059.jpg,benign,benign,0.9070568134951199
ISIC_0035060.jpg,benign,benign,0.9895853706495751
ISIC_0035061.jpg,benign,benign,0.8315742757200283
ISIC_0035062.jpg,benign,benign,0.9971493048188566
ISIC_0035063.jpg,benign,benign,0.9633024963217324
ISIC_0035065.jpg,benign,benign,0.9991752355051328
ISIC_0035066.jpg,benign,benign,0.99160421322698
ISIC_0035067.jpg,benign,malignant,0.3575095921238586
ISIC_0035068.jpg,benign,benign,0.8290611792158334
ISIC_0035070.jpg,malignant,benign,0.9520890185933127
ISIC_0035071.jpg,benign,benign,0.9912667461839316
ISIC_0035073.jpg,benign,benign,0.9961126089296084
ISIC_0035074.jpg,benign,benign,0.9965073195097435
ISIC_0035077.jpg,benign,benign,0.9919361364155596
ISIC_0035079.jpg,benign,benign,0.9657921240711808
ISIC_0035080.jpg,benign,benign,0.9905590864966433
ISIC_0035081.jpg,malignant,malignant,0.9220955154745388
ISIC_0035082.jpg,benign,benign,0.972139717567224
ISIC_0035083.jpg,benign,benign,0.9971694602113681
ISIC_0035084.jpg,benign,benign,0.9962784991229163
ISIC_0035085.jpg,benign,benign,0.976958889744767
ISIC_0035086.jpg,benign,benign,0.9969059830521833
ISIC_0035087.jpg,benign,benign,0.9995403218829619
ISIC_0035088.jpg,benign,benign,0.9915143322393426
ISIC_0035089.jpg,malignant,malignant,0.5825482045794443
ISIC_0035090.jpg,malignant,benign,0.815441851257727
ISIC_0035091.jpg,benign,benign,0.9168301283166903
ISIC_0035092.jpg,benign,benign,0.9686795423985461
ISIC_0035093.jpg,benign,benign,0.9742399090500148
ISIC_0035094.jpg,benign,benign,0.8608096254833856
ISIC_0035096.jpg,benign,benign,0.9924543457128856
ISIC_0035097.jpg,benign,benign,0.9610691462019467
ISIC_0035098.jpg,benign,benign,0.97969718073871
ISIC_0035099.jpg,malignant,malignant,0.9520028170779861
ISIC_0035100.jpg,benign,benign,0.9668663177865218
ISIC_0035101.jpg,benign,malignant,0.31073233090017827
ISIC_0035102.jpg,benign,benign,0.9933060150143163
ISIC_0035103.jpg,benign,benign,0.983202260997686
ISIC_0035105.jpg,benign,benign,0.9379312609603421
ISIC_0035107.jpg,benign,benign,0.9937343221941243
ISIC_0035108.jpg,benign,benign,0.9869321587183241
ISIC_0035111.jpg,benign,benign,0.9968974927831883
ISIC_0035113.jpg,benign,benign,0.9965142717008904
ISIC_0035114.jpg,benign,benign,0.9980081478282664
ISIC_0035116.jpg,benign,benign,0.9682424197937983
ISIC_0035118.jpg,benign,benign,0.9914839619951495
ISIC_0035121.jpg,benign,benign,0.9851183402802982
ISIC_0035122.jpg,benign,benign,0.9465679633812794
ISIC_0035123.jpg,benign,benign,0.9634511135320554
ISIC_0035124.jpg,malignant,benign,0.8800678106018964
ISIC_0035126.jpg,benign,benign,0.9037298219759184
ISIC_0035129.jpg,benign,benign,0.9144696770415737
ISIC_0035130.jpg,malignant,malignant,0.30097860056595066
ISIC_0035132.jpg,benign,benign,0.938188588025703
ISIC_0035133.jpg,benign,benign,0.9956783378950721
ISIC_0035134.jpg,benign,benign,0.9937886450896384
ISIC_0035135.jpg,benign,benign,0.9949171609409236
ISIC_0035137.jpg,benign,benign,0.9596268972604517
ISIC_0035138.jpg,benign,benign,0.9874697254251943
ISIC_0035139.jpg,malignant,benign,0.9054393131370577
ISIC_0035140.jpg,benign,benign,0.9803834872306486
ISIC_0035143.jpg,benign,benign,0.9956844368608618
ISIC_0035144.jpg,benign,benign,0.9784151102858212
ISIC_0035145.jpg,benign,benign,0.9984746742039969
ISIC_0035146.jpg,benign,benign,0.9787541666123816
ISIC_0035148.jpg,benign,benign,0.9740225549993403
ISIC_0035150.jpg,benign,malignant,0.39480708171914275
ISIC_0035152.jpg,benign,benign,0.8693911273383764
ISIC_0035153.jpg,benign,benign,0.9899987412819493
ISIC_0035156.jpg,benign,benign,0.9852868914508093
ISIC_0035157.jpg,benign,benign,0.9932736361241146
ISIC_0035158.jpg,benign,benign,0.9902128186534109
ISIC_0035160.jpg,benign,benign,0.9992895861797686
ISIC_0035161.jpg,benign,benign,0.9844978149803408
ISIC_0035162.jpg,benign,benign,0.9384972400977373
ISIC_0035164.jpg,benign,benign,0.9448445737500724
ISIC_0035165.jpg,benign,benign,0.9939209219388507
ISIC_0035166.jpg,benign,benign,0.9936902231350231
ISIC_0035167.jpg,benign,benign,0.9977229937318397
ISIC_0035169.jpg,benign,benign,0.9959037032580413
ISIC_0035170.jpg,benign,benign,0.9744325203171929
ISIC_0035172.jpg,benign,benign,0.9854889945718767
ISIC_0035173.jpg,benign,benign,0.999679198750315
ISIC_0035175.jpg,benign,benign,0.9986730576582575
ISIC_0035176.jpg,benign,benign,0.9869937113861067
ISIC_0035177.jpg,malignant,malignant,0.6524029846286721
ISIC_0035178.jpg,benign,benign,0.8427312903020976
ISIC_0035181.jpg,benign,benign,0.9898918194173236
ISIC_0035182.jpg,benign,benign,0.9930484853540554
ISIC_0035184.jpg,benign,benign,0.9839258443686417
ISIC_0035186.jpg,benign,benign,0.9581889075115282
ISIC_0035187.jpg,benign,benign,0.9819651825790789
ISIC_0035188.jpg,benign,benign,0.9980110066552152
ISIC_0035189.jpg,benign,benign,0.9416695119017432
ISIC_0035191.jpg,benign,benign,0.9979130422294615
ISIC_0035192.jpg,benign,benign,0.9986777606681998
ISIC_0035193.jpg,benign,benign,0.9923269457192095
ISIC_0035195.jpg,benign,benign,0.995626287849617
ISIC_0035196.jpg,malignant,malignant,0.8229995765300905
ISIC_0035197.jpg,benign,benign,0.9401556785235836
ISIC_0035198.jpg,benign,benign,0.9977978925750624
ISIC_0035199.jpg,benign,malignant,0.33067502814217603
ISIC_0035200.jpg,benign,malignant,0.5757841620224711
ISIC_0035201.jpg,benign,benign,0.9987325405295076
ISIC_0035204.jpg,benign,benign,0.9757176203720521
ISIC_0035205.jpg,benign,benign,0.9937123505380389
ISIC_0035207.jpg,malignant,malignant,0.6818153198833515
ISIC_0035208.jpg,benign,benign,0.966960913774599
ISIC_0035209.jpg,benign,benign,0.998727634273065
ISIC_0035211.jpg,benign,benign,0.9977633624146671
ISIC_0035213.jpg,benign,benign,0.979020392474458
ISIC_0035214.jpg,benign,benign,0.9920844168103282
ISIC_0035215.jpg,benign,benign,0.9995847553650808
ISIC_0035216.jpg,malignant,malignant,0.8992276597133151
ISIC_0035217.jpg,benign,benign,0.9518248617596693
ISIC_0035219.jpg,benign,benign,0.9761645529910737
ISIC_0035220.jpg,benign,benign,0.9842947133792617
ISIC_0035221.jpg,benign,benign,0.9934068414806886
ISIC_0035222.jpg,benign,benign,0.8947923259743571
ISIC_0035223.jpg,benign,benign,0.966772744693513
ISIC_0035224.jpg,malignant,malignant,0.3452976916426493
ISIC_0035225.jpg,benign,benign,0.9795828229365795
ISIC_0035227.jpg,benign,benign,0.9760750845700544
ISIC_0035228.jpg,benign,benign,0.9917432282147968
ISIC_0035229.jpg,malignant,malignant,0.5658762619680663
ISIC_0035230.jpg,benign,benign,0.9888848975801378
ISIC_0035231.jpg,benign,benign,0.9986460063809679
ISIC_0035232.jpg,malignant,malignant,0.8864797941109119
ISIC_0035233.jpg,benign,benign,0.9845694714418062
ISIC_0035234.jpg,benign,benign,0.9967852359392437
ISIC_0035235.jpg,benign,benign,0.9965731161192894
ISIC_0035236.jpg,benign,benign,0.9760514617873095
ISIC_0035237.jpg,benign,benign,0.9830850670648174
ISIC_0035238.jpg,benign,benign,0.9972330949582597
ISIC_0035240.jpg,malignant,malignant,0.8862527888344645
ISIC_0035241.jpg,benign,benign,0.9051931386204153
ISIC_0035242.jpg,benign,benign,0.9912292877115653
ISIC_0035244.jpg,benign,benign,0.9842844545705199
ISIC_0035245.jpg,benign,malignant,0.34583054251143114
ISIC_0035246.jpg,benign,benign,0.7625603236613375
ISIC_0035248.jpg,malignant,malignant,0.48577416589221994
ISIC_0035250.jpg,benign,benign,0.9947327394320394
ISIC_0035253.jpg,benign,benign,0.9789111392522147
ISIC_0035255.jpg,benign,benign,0.9882521521832595
ISIC_0035256.jpg,benign,benign,0.9978706644503322
ISIC_0035257.jpg,benign,benign,0.984011443065887
ISIC_0035260.jpg,benign,benign,0.9765269016781254
ISIC_0035263.jpg,malignant,malignant,0.3567676966434362
ISIC_0035265.jpg,benign,benign,0.8480311882544506
ISIC_0035266.jpg,benign,benign,0.9892592039373855
ISIC_0035267.jpg,benign,benign,0.9106666430892139
ISIC_0035268.jpg,benign,benign,0.9948536448693454
ISIC_0035271.jpg,malignant,malignant,0.5137259583861982
ISIC_0035272.jpg,benign,benign,0.9862359960946081
ISIC_0035273.jpg,benign,benign,0.9988002575245326
ISIC_0035274.jpg,benign,benign,0.9938599363514954
ISIC_0035275.jpg,benign,benign,0.9726832004091736
ISIC_0035278.jpg,benign,benign,0.9955914733520105
ISIC_0035280.jpg,malignant,benign,0.735365114437564
ISIC_0035281.jpg,benign,benign,0.9923609101595295
ISIC_0035282.jpg,benign,benign,0.9939404264025684
ISIC_0035283.jpg,benign,benign,0.9856181009381516
ISIC_0035285.jpg,benign,benign,0.9841014217650271
ISIC_0035286.jpg,benign,benign,0.986486924019981
ISIC_0035288.jpg,benign,benign,0.9947657445157257
ISIC_0035289.jpg,benign,benign,0.984353124196677
ISIC_0035290.jpg,benign,malignant,0.6217216123801569
ISIC_0035292.jpg,benign,benign,0.982932600203121
ISIC_0035294.jpg,benign,benign,0.9903789967035473
ISIC_0035295.jpg,benign,benign,0.9518085051791237
ISIC_0035296.jpg,benign,benign,0.9450290178038692
ISIC_0035297.jpg,benign,benign,0.9877000931392959
ISIC_0035298.jpg,benign,benign,0.9982064858003143
ISIC_0035299.jpg,benign,benign,0.9716706626937804
ISIC_0035300.jpg,benign,benign,0.9920963304061664
ISIC_0035301.jpg,benign,benign,0.9053170109443797
ISIC_0035302.jpg,benign,benign,0.9772933677005812
ISIC_0035303.jpg,benign,benign,0.9648154979503042
ISIC_0035304.jpg,benign,benign,0.9905311682581004
ISIC_0035306.jpg,malignant,malignant,0.46297907089329177
ISIC_0035307.jpg,benign,benign,0.9717283945022805
ISIC_0035309.jpg,benign,benign,0.994273809936239
ISIC_0035311.jpg,benign,benign,0.9939823238765507
ISIC_0035312.jpg,benign,benign,0.9956523129766879
ISIC_0035313.jpg,malignant,malignant,0.9441289488057221
ISIC_0035314.jpg,benign,benign,0.992080186797593
ISIC_0035315.jpg,benign,benign,0.9804226524434648
ISIC_0035319.jpg,benign,benign,0.9285891556603342
ISIC_0035320.jpg,benign,benign,0.9805406742037724
ISIC_0035323.jpg,benign,benign,0.9929855281282866
ISIC_0035324.jpg,benign,malignant,0.295935793291095
ISIC_0035325.jpg,benign,benign,0.9700248500170849
ISIC_0035326.jpg,malignant,malignant,0.5953487574040927
ISIC_0035327.jpg,benign,malignant,0.2924848755253628
ISIC_0035328.jpg,benign,benign,0.9954232305635818
ISIC_0035329.jpg,benign,benign,0.9902011484916635
ISIC_0035333.jpg,benign,benign,0.996981848255219
ISIC_0035335.jpg,benign,benign,0.9921395714649731
ISIC_0035336.jpg,benign,benign,0.9033367493532092
ISIC_0035337.jpg,benign,benign,0.9887036368835612
ISIC_0035339.jpg,benign,benign,0.9953267017029754
ISIC_0035341.jpg,benign,benign,0.9958304526252294
ISIC_0035342.jpg,benign,benign,0.9975179857787574
ISIC_0035343.jpg,benign,benign,0.9334556144459406
ISIC_0035344.jpg,benign,benign,0.9885716632205999
ISIC_0035345.jpg,malignant,malignant,0.7393876390202484
ISIC_0035346.jpg,benign,malignant,0.8291104944119813
ISIC_0035347.jpg,benign,benign,0.9899092487001058
ISIC_0035349.jpg,benign,benign,0.9768732478238144
ISIC_0035350.jpg,benign,benign,0.9810625498220155
ISIC_0035351.jpg,malignant,malignant,0.8434620386667911
ISIC_0035352.jpg,benign,benign,0.992565479702802
ISIC_0035353.jpg,benign,benign,0.9905421645524614
ISIC_0035354.jpg,benign,benign,0.9943476118634595
ISIC_0035356.jpg,benign,benign,0.943481615469778
ISIC_0035358.jpg,benign,benign,0.9959129035254152
ISIC_0035359.jpg,benign,benign,0.9918381902358255
ISIC_0035361.jpg,benign,benign,0.9972742128979811
ISIC_0035362.jpg,malignant,malignant,0.8156214318993059
ISIC_0035363.jpg,benign,benign,0.9966755858808156
ISIC_0035365.jpg,benign,benign,0.9969600531077375
ISIC_0035366.jpg,malignant,malignant,0.5307452242092958
ISIC_0035367.jpg,benign,benign,0.9933778330656335
ISIC_0035369.jpg,benign,benign,0.9874343428500358
ISIC_0035370.jpg,benign,benign,0.8333285746203103
ISIC_0035373.jpg,benign,benign,0.9767769690121677
ISIC_0035375.jpg,benign,benign,0.9840810802761497
ISIC_0035377.jpg,benign,benign,0.9904800034174834
ISIC_0035378.jpg,benign,benign,0.969632753074626
ISIC_0035379.jpg,benign,benign,0.9828015477373171
ISIC_0035380.jpg,benign,benign,0.9589248457231249
ISIC_0035381.jpg,benign,benign,0.9455484374545392
ISIC_0035382.jpg,benign,benign,0.9884078887295689
ISIC_0035383.jpg,benign,benign,0.987238886903467
ISIC_0035384.jpg,benign,benign,0.994702003370814
ISIC_0035385.jpg,benign,benign,0.9714152543276494
ISIC_0035386.jpg,benign,benign,0.9930047686198329
ISIC_0035387.jpg,benign,benign,0.9972770058345757
ISIC_0035390.jpg,benign,benign,0.99487960612767
ISIC_0035392.jpg,benign,malignant,0.3191554421489529
ISIC_0035393.jpg,malignant,malignant,0.7617451525569708
ISIC_0035394.jpg,benign,malignant,0.6178329927534856
ISIC_0035395.jpg,benign,benign,0.9612231796235884
ISIC_0035396.jpg,benign,benign,0.9888162882191001
ISIC_0035397.jpg,malignant,malignant,0.5434724159116927
ISIC_0035398.jpg,benign,malignant,0.5
ISIC_0035399.jpg,benign,benign,0.9692731530816954
ISIC_0035400.jpg,benign,benign,0.9959345496704113
ISIC_0035401.jpg,benign,benign,0.9989308967431612
ISIC_0035402.jpg,benign,benign,0.9883100500508251
ISIC_0035404.jpg,benign,benign,0.999175075803146
ISIC_0035405.jpg,benign,benign,0.9813521441537124
ISIC_0035406.jpg,malignant,benign,0.9161007317665479
ISIC_0035407.jpg,benign,benign,0.9868507632787158
ISIC_0035408.jpg,benign,benign,0.939170370711528
ISIC_0035409.jpg,benign,benign,0.932718801108959
ISIC_0035410.jpg,benign,benign,0.9659333169185707
ISIC_0035411.jpg,benign,benign,0.992231882629343
ISIC_0035412.jpg,benign,benign,0.9756909874328679
ISIC_0035413.jpg,benign,benign,0.9728875973421184
ISIC_0035414.jpg,malignant,malignant,0.7536982928027676
ISIC_0035417.jpg,benign,benign,0.9721465382116476
ISIC_0035418.jpg,benign,benign,0.9638868447601044
ISIC_0035419.jpg,benign,benign,0.9708144821132122
ISIC_0035420.jpg,malignant,malignant,0.36607743640276497
ISIC_0035422.jpg,benign,benign,0.9953664665728555
ISIC_0035423.jpg,benign,malignant,0.6094394377143817
ISIC_0035425.jpg,benign,malignant,0.5295965343596687
ISIC_0035427.jpg,benign,benign,0.9834135661070581
ISIC_0035428.jpg,benign,benign,0.9984328646147593
ISIC_0035429.jpg,benign,benign,0.9731212874811831
ISIC_0035430.jpg,malignant,malignant,0.9668973766221475
ISIC_0035431.jpg,benign,benign,0.9553450598683416
ISIC_0035433.jpg,benign,malignant,0.6257195148038215
ISIC_0035434.jpg,malignant,malignant,0.3047706904594473
ISIC_0035435.jpg,benign,benign,0.9987935194453923
ISIC_0035437.jpg,benign,benign,0.9942799308093704
ISIC_0035438.jpg,benign,benign,0.9944085116337519
ISIC_0035441.jpg,benign,benign,0.9857291070682369
ISIC_0035442.jpg,benign,benign,0.9524642095096851
ISIC_0035444.jpg,benign,benign,0.9937235434140153
ISIC_0035445.jpg,benign,benign,0.9320380623668987
ISIC_0035447.jpg,benign,benign,0.994229892737304
ISIC_0035448.jpg,benign,benign,0.9623845410421112
ISIC_0035449.jpg,benign,benign,0.9654502933443706
ISIC_0035452.jpg,benign,benign,0.9905715060624384
ISIC_0035453.jpg,benign,benign,0.9995143443563923
ISIC_0035455.jpg,benign,benign,0.992086806031436
ISIC_0035456.jpg,benign,benign,0.9667877703648708
ISIC_0035457.jpg,benign,benign,0.874102278456207
ISIC_0035458.jpg,benign,malignant,0.3982617921105696
ISIC_0035459.jpg,malignant,malignant,0.3167129139719404
ISIC_0035460.jpg,malignant,malignant,0.5359772767927143
ISIC_0035461.jpg,benign,benign,0.9266647930082065
ISIC_0035462.jpg,malignant,malignant,0.37607456239369447
ISIC_0035465.jpg,benign,malignant,0.67686127404468
ISIC_0035467.jpg,benign,benign,0.9917003341131062
ISIC_0035469.jpg,benign,benign,0.9380562534373448
ISIC_0035470.jpg,benign,benign,0.9746577948267979
ISIC_0035473.jpg,benign,benign,0.9935320295629517
ISIC_0035474.jpg,benign,benign,0.8779639240550672
ISIC_0035476.jpg,benign,benign,0.9957161817335616
ISIC_0035477.jpg,benign,benign,0.9913366051713726
ISIC_0035478.jpg,malignant,malignant,0.823810959062895
ISIC_0035479.jpg,benign,benign,0.982872100056805
ISIC_0035480.jpg,benign,benign,0.9958301837130403
ISIC_0035481.jpg,benign,benign,0.9754462051368485
ISIC_0035482.jpg,benign,benign,0.9926813501633047
ISIC_0035483.jpg,benign,benign,0.9296334999852995
ISIC_0035484.jpg,benign,benign,0.958136149411059
ISIC_0035485.jpg,benign,benign,0.9878317705930358
ISIC_0035486.jpg,malignant,malignant,0.9715983517348159
ISIC_0035488.jpg,benign,benign,0.9723735987181623
ISIC_0035489.jpg,benign,benign,0.9652873352604237
ISIC_0035491.jpg,benign,benign,0.9168409484599215
ISIC_0035492.jpg,benign,benign,0.9777908477563095
ISIC_0035493.jpg,benign,benign,0.9361115027646918
ISIC_0035494.jpg,benign,malignant,0.4586887012454085
ISIC_0035495.jpg,benign,benign,0.9523490663952743
ISIC_0035496.jpg,benign,benign,0.994313547238931
ISIC_0035497.jpg,benign,benign,0.9972277349445414
ISIC_0035498.jpg,benign,benign,0.98257237267183
ISIC_0035499.jpg,benign,benign,0.9892283479673618
ISIC_0035500.jpg,benign,benign,0.9912416207936453
ISIC_0035501.jpg,benign,benign,0.99693436429596
ISIC_0035503.jpg,benign,benign,0.9743096348222122
ISIC_0035505.jpg,malignant,malignant,0.9831567072324103
ISIC_0035506.jpg,benign,benign,0.9900810641197191
ISIC_0035507.jpg,benign,benign,0.9980402741690394
ISIC_0035508.jpg,benign,benign,0.9975781266238865
ISIC_0035509.jpg,benign,benign,0.9311963104563032
ISIC_0035510.jpg,malignant,malignant,0.42697905190580093
ISIC_0035512.jpg,benign,benign,0.9985525884825798
ISIC_0035513.jpg,benign,benign,0.9989105926671376
ISIC_0035515.jpg,benign,benign,0.9429725606406445
ISIC_0035516.jpg,benign,benign,0.93963396226236
ISIC_0035518.jpg,benign,benign,0.9886159675527729
ISIC_0035519.jpg,benign,benign,0.98330267512791
ISIC_0035520.jpg,benign,benign,0.9324358720469315
ISIC_0035521.jpg,benign,benign,0.982946927529679
ISIC_0035522.jpg,malignant,malignant,0.8857790369243519
ISIC_0035523.jpg,benign,benign,0.9899810068324755
ISIC_0035524.jpg,benign,benign,0.9980401762731876
ISIC_0035525.jpg,malignant,benign,0.9120828680063764
ISIC_0035526.jpg,benign,benign,0.9693631673523537
ISIC_0035527.jpg,benign,benign,0.9363610913885846
ISIC_0035528.jpg,benign,benign,0.8715259852906663
ISIC_0035529.jpg,benign,benign,0.9961942838270438
ISIC_0035530.jpg,benign,benign,0.9974978542303846
ISIC_0035531.jpg,benign,benign,0.9903011189258736
ISIC_0035532.jpg,benign,benign,0.9693104583763467
ISIC_0035534.jpg,benign,benign,0.9977033127914322
ISIC_0035535.jpg,benign,benign,0.9765546352770687
ISIC_0035536.jpg,benign,benign,0.9815016555876918
ISIC_0035537.jpg,benign,benign,0.9994609067254964
ISIC_0035539.jpg,benign,benign,0.9713252784363897
ISIC_0035540.jpg,benign,benign,0.998076473716635
ISIC_0035541.jpg,benign,benign,0.9916506307586265
ISIC_0035542.jpg,benign,benign,0.981550632367741
ISIC_0035543.jpg,benign,benign,0.9522885388342662
ISIC_0035544.jpg,benign,benign,0.9919141447390507
ISIC_0035545.jpg,benign,benign,0.9290004264956875
ISIC_0035546.jpg,benign,benign,0.9916104959776901
ISIC_0035548.jpg,benign,benign,0.9866871680502495
ISIC_0035550.jpg,malignant,malignant,0.6452439076276889
ISIC_0035551.jpg,benign,benign,0.9913159924406132
ISIC_0035554.jpg,benign,benign,0.9803320731784704
ISIC_0035555.jpg,benign,benign,0.9822334370446618
ISIC_0035557.jpg,benign,benign,0.9977636677211169
ISIC_0035558.jpg,malignant,malignant,0.34930036245377283
ISIC_0035559.jpg,benign,benign,0.9902482680602429
ISIC_0035560.jpg,benign,benign,0.9955904305134856
ISIC_0035561.jpg,malignant,malignant,0.64237067987036
ISIC_0035562.jpg,malignant,malignant,0.8295055549650077
ISIC_0035563.jpg,benign,benign,0.9959499296843298
ISIC_0035565.jpg,benign,benign,0.9790472258248978
ISIC_0035566.jpg,benign,benign,0.9894602321352384
ISIC_0035567.jpg,benign,benign,0.9990400546478486
ISIC_0035568.jpg,benign,benign,0.9979279487296792
ISIC_0035569.jpg,benign,benign,0.9917186865544166
ISIC_0035571.jpg,benign,benign,0.9318228597664832
ISIC_0035572.jpg,benign,benign,0.9988925549255219
ISIC_0035573.jpg,benign,benign,0.9740447048972863
ISIC_0035574.jpg,benign,benign,0.9736548229853098
ISIC_0035575.jpg,benign,benign,0.9922107310577635
ISIC_0035576.jpg,benign,benign,0.9914299424333094
ISIC_0035577.jpg,benign,benign,0.9898385497783856
ISIC_0035578.jpg,benign,benign,0.991379306656133
ISIC_0035579.jpg,benign,benign,0.8524066371961846
ISIC_0035580.jpg,benign,benign,0.9983870308450443
ISIC_0035581.jpg,benign,benign,0.9850713670552774
ISIC_0035582.jpg,benign,benign,0.7457776327645916
ISIC_0035583.jpg,benign,benign,0.9327207571146695
ISIC_0035587.jpg,benign,benign,0.9966341393156715
ISIC_0035591.jpg,benign,benign,0.9980939198078635
ISIC_0035592.jpg,benign,benign,0.9635334975737745
ISIC_0035596.jpg,benign,benign,0.9973337375035495
ISIC_0035597.jpg,benign,benign,0.9018216962215676
ISIC_0035598.jpg,benign,benign,0.9987591584472694
ISIC_0035600.jpg,benign,benign,0.9876135989256889
ISIC_0035601.jpg,benign,benign,0.9707992951561668
ISIC_0035602.jpg,malignant,benign,0.7776538918398097
ISIC_0035604.jpg,benign,benign,0.9980016376477885
ISIC_0035605.jpg,malignant,benign,0.9366020762517471
ISIC_0035606.jpg,malignant,benign,0.7338939917473165
ISIC_0035609.jpg,benign,benign,0.9756345368681192
ISIC_0035610.jpg,malignant,malignant,0.3909570153670799
ISIC_0035611.jpg,benign,benign,0.9969468736873268
ISIC_0035614.jpg,benign,benign,0.9873077339175216
ISIC_0035615.jpg,benign,benign,0.9651994222013438
ISIC_0035616.jpg,benign,benign,0.9900501611822724
ISIC_0035617.jpg,benign,benign,0.9904368987205193
ISIC_0035618.jpg,benign,benign,0.9992498710433192
ISIC_0035621.jpg,benign,benign,0.9886072711572134
ISIC_0035623.jpg,benign,benign,0.997163212937983
ISIC_0035628.jpg,benign,benign,0.9970837496027461
ISIC_0035629.jpg,malignant,benign,0.8532713143538998
ISIC_0035632.jpg,benign,malignant,0.7934776521326787
ISIC_0035636.jpg,malignant,benign,0.9028342874661791
ISIC_0035637.jpg,malignant,malignant,0.7265803588478348
ISIC_0035638.jpg,benign,benign,0.9959938090085867
ISIC_0035639.jpg,benign,benign,0.8200287644737435
ISIC_0035640.jpg,malignant,malignant,0.7227906245768948
ISIC_0035641.jpg,benign,benign,0.9917495513058495
ISIC_0035644.jpg,benign,benign,0.994464079842005
ISIC_0035646.jpg,benign,benign,0.9494292609659496
ISIC_0035647.jpg,benign,benign,0.9979264320113559
ISIC_0035648.jpg,benign,benign,0.8952441124103496
ISIC_0035649.jpg,benign,benign,0.9903731290633697
ISIC_0035651.jpg,malignant,malignant,0.8764704876653193
ISIC_0035652.jpg,benign,benign,0.7679901237346842
ISIC_0035653.jpg,malignant,malignant,0.8571575297504431
ISIC_0035654.jpg,benign,benign,0.99359822379667
ISIC_0035656.jpg,benign,benign,0.8950726717501258
ISIC_0035657.jpg,benign,malignant,0.4029860989245858
ISIC_0035659.jpg,benign,benign,0.9086949759844534
ISIC_0035662.jpg,benign,benign,0.9556748999061295
ISIC_0035663.jpg,malignant,benign,0.9319348363786354
ISIC_0035665.jpg,benign,benign,0.9921760090753686
ISIC_0035666.jpg,benign,benign,0.7478567523419403
ISIC_0035668.jpg,benign,benign,0.7702190306322301
ISIC_0035670.jpg,malignant,benign,0.9783388498300892
ISIC_0035671.jpg,benign,benign,0.93674590840595
ISIC_0035672.jpg,benign,benign,0.9853206560459342
ISIC_0035673.jpg,benign,benign,0.754428683544287
ISIC_0035674.jpg,benign,benign,0.994418779626147
ISIC_0035678.jpg,benign,benign,0.948205036579327
ISIC_0035680.jpg,malignant,benign,0.8578423613197426
ISIC_0035681.jpg,benign,benign,0.9640657636414036
ISIC_0035682.jpg,malignant,benign,0.7954149469642835
ISIC_0035684.jpg,benign,benign,0.9460273453551793
ISIC_0035686.jpg,benign,benign,0.792221637452765
ISIC_0035687.jpg,benign,benign,0.9686777302265607
ISIC_0035688.jpg,benign,benign,0.8785487940764529
ISIC_0035689.jpg,benign,benign,0.9289192932001019
ISIC_0035690.jpg,malignant,malignant,0.646291118071821
ISIC_0035693.jpg,benign,benign,0.945977929852801
ISIC_0035696.jpg,malignant,malignant,0.9334880536287176
ISIC_0035697.jpg,benign,benign,0.9666440894168475
ISIC_0035698.jpg,malignant,malignant,0.8998966436504393
ISIC_0035699.jpg,benign,benign,0.9649100836527623
ISIC_0035700.jpg,malignant,benign,0.9465501884281525
ISIC_0035702.jpg,benign,benign,0.9688323300598047
ISIC_0035703.jpg,benign,benign,0.9683691628267606
ISIC_0035704.jpg,benign,benign,0.8047950365788262
ISIC_0035705.jpg,malignant,malignant,0.5
ISIC_0035706.jpg,benign,benign,0.9928534893443204
ISIC_0035707.jpg,benign,benign,0.9897951812976653
ISIC_0035708.jpg,malignant,malignant,0.5937746521210953
ISIC_0035709.jpg,benign,benign,0.9863640894467797
ISIC_0035710.jpg,benign,benign,0.7403743490032503
ISIC_0035711.jpg,malignant,malignant,0.7637059688256886
ISIC_0035712.jpg,benign,benign,0.9770774632763138
ISIC_0035713.jpg,benign,benign,0.9686979981135219
ISIC_0035714.jpg,malignant,benign,0.9547752298690786
ISIC_0035716.jpg,benign,benign,0.9398122204345523
ISIC_0035717.jpg,benign,benign,0.9160582458009087
ISIC_0035719.jpg,malignant,malignant,0.674201632223251
ISIC_0035720.jpg,malignant,malignant,0.9566414035710444
ISIC_0035721.jpg,malignant,malignant,0.5826975404940445
ISIC_0035722.jpg,benign,benign,0.9631857278989228
ISIC_0035725.jpg,benign,benign,0.9101788613614258
ISIC_0035726.jpg,benign,benign,0.8816496710930816
ISIC_0035727.jpg,benign,benign,0.9373896111196501
ISIC_0035728.jpg,benign,benign,0.9590607821972673
ISIC_0035731.jpg,benign,benign,0.9861868407485028
ISIC_0035732.jpg,malignant,benign,0.8393047676915055
ISIC_0035734.jpg,benign,benign,0.961690649273776
ISIC_0035736.jpg,malignant,malignant,0.9774622570756366
ISIC_0035738.jpg,benign,benign,0.9801714952322499
ISIC_0035740.jpg,benign,benign,0.9625939685601138
ISIC_0035742.jpg,benign,malignant,0.32795021089669424
ISIC_0035743.jpg,benign,benign,0.9665345857407963
ISIC_0035745.jpg,benign,benign,0.9104287305092592
ISIC_0035746.jpg,benign,malignant,0.28307391481855365
ISIC_0035747.jpg,malignant,malignant,0.5586073302572916
ISIC_0035748.jpg,malignant,malignant,0.9747070081151907
ISIC_0035749.jpg,benign,benign,0.9749550205413947
ISIC_0035756.jpg,malignant,malignant,0.3115663134679592
ISIC_0035757.jpg,benign,benign,0.9350840338308569
ISIC_0035758.jpg,benign,benign,0.9414593316638028
ISIC_0035760.jpg,benign,benign,0.9764990529203262
ISIC_0035762.jpg,benign,benign,0.9419205414600472
ISIC_0035764.jpg,malignant,malignant,0.5671572709385299
ISIC_0035766.jpg,malignant,benign,0.8198975762649033
ISIC_0035767.jpg,malignant,benign,0.9320076919482311
ISIC_0035769.jpg,benign,benign,0.9893134553938678
ISIC_0035770.jpg,benign,benign,0.9694932927338779
ISIC_0035771.jpg,benign,benign,0.9712672232981768
ISIC_0035773.jpg,benign,malignant,0.33291444980170615
ISIC_0035774.jpg,benign,benign,0.9944516707968651
ISIC_0035775.jpg,benign,benign,0.9763776615259803
ISIC_0035777.jpg,benign,benign,0.9934908239564058
ISIC_0035779.jpg,benign,benign,0.9142302608119177
ISIC_0035780.jpg,benign,benign,0.9853453360989344
ISIC_0035781.jpg,benign,benign,0.8102010000603738
ISIC_0035782.jpg,benign,benign,0.9763763858263874
ISIC_0035783.jpg,benign,malignant,0.3487203183397012
ISIC_0035784.jpg,benign,benign,0.9573405039693694
ISIC_0035785.jpg,benign,benign,0.9857437494037843
ISIC_0035786.jpg,benign,benign,0.9918217262905478
ISIC_0035788.jpg,benign,benign,0.9573277905348822
ISIC_0035789.jpg,malignant,malignant,0.8616287434221231
ISIC_0035791.jpg,benign,benign,0.862442703431379
ISIC_0035792.jpg,benign,benign,0.8517879996319648
ISIC_0035793.jpg,benign,benign,0.9850711431696184
ISIC_0035794.jpg,malignant,malignant,0.564634786030075
ISIC_0035795.jpg,benign,benign,0.9604992234181904
ISIC_0035796.jpg,benign,benign,0.7804868751748903
ISIC_0035797.jpg,benign,benign,0.9721758766838214
ISIC_0035798.jpg,benign,benign,0.9063893227724981
ISIC_0035800.jpg,benign,malignant,0.28050603882035335
ISIC_0035801.jpg,benign,benign,0.9666518817438362
ISIC_0035803.jpg,benign,malignant,0.36231594303734566
ISIC_0035804.jpg,benign,benign,0.948882066885597
ISIC_0035806.jpg,benign,malignant,0.864379363306508
ISIC_0035808.jpg,benign,benign,0.9731078660048135
ISIC_0035809.jpg,benign,benign,0.8027155922311208
ISIC_0035811.jpg,benign,benign,0.9167312458286264
ISIC_0035812.jpg,benign,benign,0.9504617656890276
ISIC_0035813.jpg,benign,benign,0.7425160548417697
ISIC_0035815.jpg,benign,benign,0.7790092275965996
ISIC_0035816.jpg,malignant,malignant,0.3753235845381835
ISIC_0035817.jpg,benign,benign,0.9702495122964535
ISIC_0035819.jpg,malignant,malignant,0.586986447066238
ISIC_0035820.jpg,benign,benign,0.8830539636267981
ISIC_0035822.jpg,benign,benign,0.9306090995422178
ISIC_0035823.jpg,malignant,benign,0.7867605501292284
ISIC_0035825.jpg,malignant,malignant,0.48411543198095863
ISIC_0035826.jpg,malignant,malignant,0.9800796046706596
ISIC_0035827.jpg,malignant,malignant,0.4705795120886495
ISIC_0035828.jpg,benign,benign,0.9694343692364437
ISIC_0035830.jpg,benign,benign,0.9806845917468021
ISIC_0035832.jpg,benign,benign,0.9083074159761644
ISIC_0035835.jpg,benign,benign,0.9784833314090499
ISIC_0035836.jpg,benign,benign,0.9049635626322093
ISIC_0035837.jpg,benign,benign,0.9232085775166503
ISIC_0035838.jpg,benign,benign,0.9034369607106422
ISIC_0035839.jpg,benign,benign,0.9677057491151888
ISIC_0035840.jpg,benign,benign,0.9586117087277035
ISIC_0035841.jpg,benign,benign,0.9859319532043
ISIC_0035843.jpg,benign,benign,0.9681481255602844
ISIC_0035845.jpg,malignant,malignant,0.6503941092914436
ISIC_0035846.jpg,malignant,malignant,0.8814757979601097
ISIC_0035849.jpg,benign,benign,0.9917035088264482
ISIC_0035850.jpg,benign,benign,0.9759893533321798
ISIC_0035851.jpg,benign,benign,0.770288466266194
ISIC_0035853.jpg,malignant,benign,0.9021951330637968
ISIC_0035854.jpg,malignant,malignant,0.5
ISIC_0035856.jpg,benign,benign,0.8757180894493903
ISIC_0035857.jpg,benign,benign,0.9912273745462742
ISIC_0035858.jpg,benign,benign,0.9322390292811336
ISIC_0035859.jpg,benign,benign,0.9687435961885481
ISIC_0035860.jpg,benign,benign,0.9955291339252973
ISIC_0035861.jpg,benign,benign,0.7410907205714835
ISIC_0035862.jpg,benign,benign,0.9642931271595202
ISIC_0035864.jpg,benign,benign,0.950011969725662
ISIC_0035867.jpg,benign,benign,0.9890925368702342
ISIC_0035868.jpg,malignant,malignant,0.556833103690513
ISIC_0035869.jpg,benign,benign,0.8792865806052701
ISIC_0035870.jpg,benign,benign,0.9956070724083445
ISIC_0035872.jpg,benign,benign,0.787408433812783
ISIC_0035874.jpg,benign,malignant,0.4852299257768864
ISIC_0035875.jpg,benign,benign,0.9108651786165601
ISIC_0035877.jpg,malignant,benign,0.8886252552049889
ISIC_0035879.jpg,benign,benign,0.7570372017151128
ISIC_0035880.jpg,benign,benign,0.9382519882843681
ISIC_0035883.jpg,benign,benign,0.8351649882311142
ISIC_0035884.jpg,benign,benign,0.9048667954025952
ISIC_0035885.jpg,benign,malignant,0.42950719328969145
ISIC_0035886.jpg,benign,benign,0.9914138326711458
ISIC_0035887.jpg,malignant,malignant,0.756844176588018
ISIC_0035888.jpg,malignant,malignant,0.39370151080139665
ISIC_0035889.jpg,malignant,malignant,0.7412832008253049
ISIC_0035891.jpg,benign,benign,0.9696159926098484
ISIC_0035892.jpg,benign,malignant,0.4580878425728762
ISIC_0035893.jpg,benign,benign,0.9938760563451614
ISIC_0035894.jpg,malignant,malignant,0.947392575767261
ISIC_0035895.jpg,benign,benign,0.8643314180582948
ISIC_0035896.jpg,benign,benign,0.9420979283711945
ISIC_0035897.jpg,benign,benign,0.7883390778156355
ISIC_0035898.jpg,benign,benign,0.9940758126183556
ISIC_0035900.jpg,malignant,malignant,0.7676476295595844
ISIC_0035902.jpg,malignant,malignant,0.8241352683688212
ISIC_0035903.jpg,benign,benign,0.91260905449377
ISIC_0035906.jpg,benign,benign,0.9809403927492532
ISIC_0035907.jpg,benign,benign,0.9413029787584665
ISIC_0035909.jpg,benign,benign,0.9521764693438566
ISIC_0035911.jpg,malignant,malignant,0.8788825826177152
ISIC_0035912.jpg,benign,benign,0.9707865445019487
ISIC_0035913.jpg,malignant,malignant,0.6853140596018567
ISIC_0035914.jpg,malignant,malignant,0.9751785975529084
ISIC_0035916.jpg,benign,benign,0.9227728252462564
ISIC_0035920.jpg,malignant,benign,0.8038600268459348
ISIC_0035921.jpg,benign,benign,0.9222252295174475
ISIC_0035922.jpg,malignant,malignant,0.9804095944682137
ISIC_0035923.jpg,malignant,malignant,0.7584445554535599
ISIC_0035924.jpg,benign,benign,0.964378732838919
ISIC_0035927.jpg,benign,benign,0.919561313492099
ISIC_0035928.jpg,benign,benign,0.9845925136968406
ISIC_0035929.jpg,malignant,benign,0.9103657931069552
ISIC_0035930.jpg,benign,malignant,0.28129885836483853
ISIC_0035934.jpg,malignant,benign,0.8749991950298418
ISIC_0035935.jpg,benign,malignant,0.29747334498625827
ISIC_0035936.jpg,benign,benign,0.9387884492592431
ISIC_0035938.jpg,malignant,benign,0.7675261855445408
ISIC_0035939.jpg,benign,benign,0.8676053214434243
ISIC_0035941.jpg,benign,benign,0.972634943123445
ISIC_0035943.jpg,benign,benign,0.9515406911135112
ISIC_0035945.jpg,benign,benign,0.9814162089960886
ISIC_0035947.jpg,benign,benign,0.985135056184302
ISIC_0035948.jpg,benign,benign,0.9599972056830172
ISIC_0035951.jpg,benign,benign,0.825905324377213
ISIC_0035954.jpg,benign,benign,0.9864820302234446
ISIC_0035956.jpg,malignant,malignant,0.9689650120903797
ISIC_0035958.jpg,benign,malignant,0.7647738128007269
ISIC_0035961.jpg,benign,benign,0.9936361276239061
ISIC_0035962.jpg,benign,benign,0.8537297115584195
ISIC_0035963.jpg,benign,benign,0.9553972152664778
ISIC_0035964.jpg,malignant,benign,0.8194853065415406
ISIC_0035965.jpg,benign,benign,0.9704484220060083
ISIC_0035966.jpg,benign,benign,0.7720725626949267
ISIC_0035967.jpg,benign,benign,0.9432866442338339
ISIC_0035968.jpg,malignant,malignant,0.8475232064409216
ISIC_0035969.jpg,benign,benign,0.8782243738873962
ISIC_0035970.jpg,benign,benign,0.9659545903771595
ISIC_0035971.jpg,benign,benign,0.9417036951888987
ISIC_0035972.jpg,benign,benign,0.749620926280903
ISIC_0035973.jpg,benign,benign,0.9347125369983442
ISIC_0035974.jpg,benign,benign,0.9675587073142862
ISIC_0035975.jpg,benign,benign,0.9488887616837155
ISIC_0035978.jpg,benign,benign,0.9535638414655563
ISIC_0035979.jpg,benign,benign,0.9959137166021985
ISIC_0035980.jpg,benign,malignant,0.3680801139594321
ISIC_0035981.jpg,benign,benign,0.940282000718191
ISIC_0035983.jpg,benign,benign,0.9867737750417859
ISIC_0035984.jpg,benign,malignant,0.2902962678621022
ISIC_0035985.jpg,benign,benign,0.9923941160532738
ISIC_0035986.jpg,malignant,malignant,0.768883631270658
ISIC_0035987.jpg,benign,benign,0.9509249406524788
ISIC_0035988.jpg,benign,benign,0.9423658386253347
ISIC_0035989.jpg,benign,benign,0.7319194193511451
ISIC_0035990.jpg,benign,benign,0.993067781193406
ISIC_0035991.jpg,benign,benign,0.9833774343987692
ISIC_0035992.jpg,malignant,benign,0.7329081450621573
ISIC_0035994.jpg,benign,benign,0.9399445854612335
ISIC_0035995.jpg,benign,benign,0.8539606665329181
ISIC_0035997.jpg,malignant,malignant,0.38093208475014545
ISIC_0035998.jpg,benign,benign,0.9793277969955132
ISIC_0035999.jpg,benign,benign,0.9919762565215064
ISIC_0036001.jpg,benign,benign,0.9144505206005697
ISIC_0036005.jpg,malignant,benign,0.9229863226186228
ISIC_0036010.jpg,benign,benign,0.9328699611335304
ISIC_0036012.jpg,malignant,malignant,0.6826117435685755
ISIC_0036013.jpg,benign,benign,0.8677204702987842
ISIC_0036014.jpg,benign,benign,0.9962844692784223
ISIC_0036017.jpg,benign,benign,0.9670583860767344
ISIC_0036020.jpg,benign,benign,0.9546185261355897
ISIC_0036024.jpg,benign,benign,0.9293914635216501
ISIC_0036026.jpg,malignant,malignant,0.9849518270652636
ISIC_0036027.jpg,benign,benign,0.9948897300578652
ISIC_0036028.jpg,benign,benign,0.9810447123713937
ISIC_0036029.jpg,malignant,malignant,0.3452174278169512
ISIC_0036030.jpg,benign,benign,0.9240507797028708
ISIC_0036033.jpg,benign,benign,0.9716105180160328
ISIC_0036034.jpg,malignant,malignant,0.2987473076360868
ISIC_0036036.jpg,benign,benign,0.9403041313934271
ISIC_0036037.jpg,benign,benign,0.9512711054276328
ISIC_0036038.jpg,benign,benign,0.8310332248870891
ISIC_0036039.jpg,benign,benign,0.9477218354673869
ISIC_0036040.jpg,benign,benign,0.9632590219614494
ISIC_0036041.jpg,benign,benign,0.9922341542228822
ISIC_0036042.jpg,benign,benign,0.9877745305799941
ISIC_0036044.jpg,benign,benign,0.9092645370146609
ISIC_0036045.jpg,benign,benign,0.9436526877449216
ISIC_0036046.jpg,benign,benign,0.995191876369017
ISIC_0036047.jpg,benign,benign,0.950439999886096
ISIC_0036048.jpg,benign,benign,0.8391946802370276
ISIC_0036049.jpg,benign,benign,0.8689328271746647
ISIC_0036051.jpg,malignant,malignant,0.44616218878338887
ISIC_0036052.jpg,benign,benign,0.8009256249638411
ISIC_0036054.jpg,benign,benign,0.9688856725936102
ISIC_0036055.jpg,benign,benign,0.981487686793813
ISIC_0036056.jpg,malignant,malignant,0.333368740702852
ISIC_0036057.jpg,malignant,benign,0.798006460778888
ISIC_0036058.jpg,benign,benign,0.8728504159963206
ISIC_0036059.jpg,benign,benign,0.9499619645214386
ISIC_0036061.jpg,benign,benign,0.9759701569484139
ISIC_2061976.jpg,benign,malignant,0.5259135068623096
ISIC_1645097.jpg,malignant,malignant,0.8035123068843467
ISIC_6367358.jpg,malignant,malignant,0.626486807363773
ISIC_6784337.jpg,malignant,malignant,0.8268359436428472
ISIC_1105887.jpg,malignant,benign,0.7671308001575124
ISIC_5990594.jpg,malignant,malignant,0.6452854720734501
ISIC_6399573.jpg,malignant,malignant,0.9643898979480592
ISIC_3832733.jpg,malignant,benign,0.8123890430636435
ISIC_8638329.jpg,benign,benign,0.963369293645009
ISIC_4843324.jpg,malignant,benign,0.8548299220535693
ISIC_4791649.jpg,benign,benign,0.9050004082867293
ISIC_9941636.jpg,malignant,benign,0.9056007723461342
ISIC_5820839.jpg,benign,benign,0.8198925859676975
ISIC_1246526.jpg,malignant,malignant,0.6604483887698525
ISIC_9127831.jpg,malignant,malignant,0.7729084680946973
ISIC_6168000.jpg,benign,benign,0.9871396070568117
ISIC_7765155.jpg,benign,benign,0.9138112867866084
ISIC_0905720.jpg,benign,malignant,0.7377301127536885
ISIC_4511541.jpg,benign,malignant,0.7019801852022423
ISIC_6923107.jpg,benign,benign,0.919862476681912
ISIC_4840630.jpg,benign,malignant,0.4084777661526781
ISIC_1467892.jpg,benign,benign,0.938342150341743
ISIC_9972649.jpg,malignant,malignant,0.6390910523359312
ISIC_3744161.jpg,malignant,malignant,0.9407120847442404
ISIC_4335526.jpg,benign,benign,0.8923526342869212
ISIC_9000489.jpg,benign,benign,0.877481122965954
ISIC_4586629.jpg,malignant,malignant,0.55482742220293
ISIC_7530668.jpg,benign,benign,0.7647160687066348
ISIC_0822843.jpg,benign,benign,0.949406125940999
ISIC_8866387.jpg,benign,malignant,0.5496839320681477
ISIC_4543581.jpg,benign,benign,0.9696494643685322
ISIC_4023678.jpg,malignant,benign,0.9647510120322766
ISIC_6303907.jpg,benign,benign,0.8984641922794396
ISIC_4620217.jpg,malignant,malignant,0.8389244676554592
ISIC_0321944.jpg,malignant,malignant,0.36844248896566906
ISIC_2411589.jpg,benign,benign,0.8309778219898644
ISIC_7878308.jpg,benign,malignant,0.9464645686940127
ISIC_4425681.jpg,malignant,malignant,0.7410070774734694
ISIC_0157465.jpg,benign,malignant,0.4606555852719867
ISIC_4867539.jpg,malignant,benign,0.9215533430017383
ISIC_5206103.jpg,malignant,malignant,0.5458236627809634
ISIC_4064127.jpg,benign,benign,0.8073721441798447
ISIC_8546843.jpg,malignant,malignant,0.5330508035947141
ISIC_6149388.jpg,malignant,malignant,0.8006844120881076
ISIC_7496552.jpg,benign,benign,0.9022518196888796
ISIC_2358370.jpg,benign,malignant,0.44990245814777263
ISIC_9859545.jpg,benign,benign,0.97806051432421
ISIC_0467830.jpg,malignant,malignant,0.731669384373724
ISIC_0415769.jpg,benign,benign,0.9844763314382227
ISIC_2977188.jpg,benign,benign,0.7667507785252523
ISIC_7611157.jpg,benign,benign,0.8742530961706124
ISIC_7254126.jpg,benign,malignant,0.7284912924254247
ISIC_3581982.jpg,malignant,malignant,0.3333095766907587
ISIC_1563382.jpg,benign,benign,0.9701358815802781
ISIC_6763419.jpg,benign,benign,0.9239162780700573
ISIC_5672303.jpg,benign,malignant,0.5755977663809146
ISIC_6269100.jpg,malignant,malignant,0.35206698119901625
ISIC_7660464.jpg,benign,benign,0.9473732458806072
ISIC_3777678.jpg,benign,malignant,0.8545090508454752
ISIC_0698589.jpg,benign,benign,0.9916028304433986
ISIC_4272793.jpg,benign,benign,0.9063256609503509
ISIC_6389793.jpg,benign,benign,0.9914309828028489
ISIC_8966407.jpg,malignant,malignant,0.8770064216097924
ISIC_9912548.jpg,benign,benign,0.9235416186927925
ISIC_1969370.jpg,benign,malignant,0.8672894020392082
ISIC_7140852.jpg,benign,benign,0.9749734106498755
ISIC_0793445.jpg,malignant,malignant,0.8751844272118339
ISIC_5668296.jpg,benign,benign,0.9337206879871351
ISIC_6095295.jpg,malignant,benign,0.8974758837271327
ISIC_3159183.jpg,benign,benign,0.9282597586380158
ISIC_9019695.jpg,benign,benign,0.8217683729361082
ISIC_1662809.jpg,malignant,benign,0.9436587964574114
ISIC_9504403.jpg,benign,malignant,0.840998493236707
ISIC_2346081.jpg,malignant,malignant,0.7648810637843714
ISIC_8929221.jpg,benign,benign,0.8169323637625653
ISIC_2329180.jpg,benign,benign,0.7828132804227872
ISIC_8662001.jpg,malignant,malignant,0.718527599982345
ISIC_3955939.jpg,benign,benign,0.862304320646633
ISIC_3721080.jpg,malignant,malignant,0.6572307228912693
ISIC_1365846.jpg,benign,benign,0.8251423579868017
ISIC_0328731.jpg,benign,benign,0.8750355793092572
ISIC_5939568.jpg,benign,malignant,0.36435963827961687
ISIC_4384129.jpg,malignant,malignant,0.74578974256624
ISIC_0994345.jpg,benign,malignant,0.3385614503978364
ISIC_4112120.jpg,benign,benign,0.9664674180703858
ISIC_1376941.jpg,benign,benign,0.7858096401517858
ISIC_1418706.jpg,benign,benign,0.9568863796212008
ISIC_2235682.jpg,malignant,benign,0.8597239505951836
ISIC_0104229.jpg,malignant,malignant,0.9263852102725938
ISIC_1396065.jpg,benign,malignant,0.47029380504601337
ISIC_4856683.jpg,benign,malignant,0.3562455699024767
ISIC_9153490.jpg,benign,benign,0.7994037503715297
ISIC_8039893.jpg,benign,benign,0.9751332962505275
ISIC_1790470.jpg,benign,benign,0.8474228668118748
ISIC_9452490.jpg,malignant,benign,0.7515565052310252
ISIC_7235721.jpg,malignant,malignant,0.2972922130595325
ISIC_7474544.jpg,benign,malignant,0.40052231608690136
ISIC_6798316.jpg,malignant,malignant,0.7111788940589625
ISIC_2581432.jpg,malignant,malignant,0.48553889957603374
ISIC_3615873.jpg,benign,benign,0.9750110923289175
ISIC_7417402.jpg,malignant,malignant,0.6938326426175737
ISIC_5035285.jpg,benign,malignant,0.43170765582681425
ISIC_6242031.jpg,malignant,malignant,0.9119881555669657
ISIC_1216673.jpg,benign,benign,0.9345031258726445
ISIC_8568371.jpg,benign,malignant,0.41431683478162945
ISIC_8080250.jpg,malignant,malignant,0.28200033448209955
ISIC_0967587.jpg,benign,benign,0.893299655051146
ISIC_9830559.jpg,benign,malignant,0.7337366513353467
ISIC_1211710.jpg,malignant,benign,0.7441893924035788
ISIC_2857123.jpg,malignant,malignant,0.33218941584436734
ISIC_4853631.jpg,benign,benign,0.763135640547701
ISIC_2887867.jpg,benign,benign,0.9363679841406699
ISIC_4806646.jpg,benign,benign,0.8917132960417717
ISIC_3190920.jpg,malignant,malignant,0.6499571833663003
ISIC_3631780.jpg,malignant,malignant,0.8087848254635527
ISIC_7144229.jpg,benign,benign,0.8559618266361503
ISIC_6998510.jpg,benign,benign,0.8020596459943977
ISIC_4527534.jpg,benign,malignant,0.35685475069006867
ISIC_6553846.jpg,malignant,malignant,0.4733641012464017
ISIC_8321085.jpg,benign,benign,0.9065138487655547
ISIC_0406160.jpg,benign,benign,0.9404427072999418
ISIC_1512054.jpg,benign,benign,0.7718821038269855
ISIC_8336318.jpg,malignant,malignant,0.5630017121109955
ISIC_7538059.jpg,malignant,benign,0.8400331543321745
ISIC_7687199.jpg,benign,benign,0.8301368017745353
ISIC_6334282.jpg,malignant,malignant,0.6959407414264326
ISIC_7733134.jpg,benign,malignant,0.5463647383195075
ISIC_5532418.jpg,benign,malignant,0.6416470707127575
ISIC_2266220.jpg,benign,benign,0.9209752936607242
ISIC_9168295.jpg,benign,benign,0.8173761211881878
ISIC_2043443.jpg,malignant,malignant,0.7390943202079371
ISIC_5011827.jpg,benign,malignant,0.3582182340825311
ISIC_5956582.jpg,malignant,malignant,0.4547268475673635
ISIC_0995119.jpg,benign,benign,0.9718755145387008
ISIC_6424909.jpg,malignant,malignant,0.8192682468300255
ISIC_5366444.jpg,malignant,malignant,0.771980026811329
ISIC_9413613.jpg,benign,benign,0.9508083007204388
ISIC_7959932.jpg,benign,benign,0.9875641135442687
ISIC_2577098.jpg,malignant,malignant,0.4712715728528798
ISIC_1274177.jpg,benign,malignant,0.6062746079954787
ISIC_7105211.jpg,malignant,malignant,0.3590717999496989
ISIC_1735538.jpg,benign,benign,0.9744713625049812
ISIC_7646845.jpg,benign,benign,0.7948184911232473
ISIC_2364514.jpg,malignant,malignant,0.6268955604670098
ISIC_6294286.jpg,malignant,malignant,0.802131998399748
ISIC_9096346.jpg,benign,malignant,0.3459552845164661
ISIC_9767196.jpg,benign,benign,0.9398225635756966
ISIC_3229915.jpg,benign,benign,0.8565643629990765
ISIC_9702543.jpg,benign,malignant,0.4660829251024376
ISIC_2620684.jpg,malignant,benign,0.9303982320942984
PAT_74_112_729.png,malignant,malignant,0.8575592728866136
PAT_1978_4004_82.png,benign,benign,0.8905071004019913
PAT_397_797_638.png,malignant,malignant,0.9464744773609215
PAT_572_1086_130.png,malignant,malignant,0.9809622474783676
PAT_701_1321_156.png,benign,benign,0.7381460717172429
PAT_2142_4733_13.png,benign,malignant,0.46487459763087424
PAT_1708_3157_518.png,benign,malignant,0.7303262639765513
PAT_630_1196_710.png,malignant,malignant,0.9445312961716307
PAT_382_776_986.png,malignant,malignant,0.7913312182191393
PAT_1089_375_60.png,benign,benign,0.9405194351524518
PAT_1326_1156_783.png,benign,benign,0.9767647731796757
PAT_936_1772_886.png,malignant,malignant,0.8570476377129947
PAT_478_916_806.png,malignant,malignant,0.899800396143155
PAT_183_283_495.png,malignant,malignant,0.9353876265263426
PAT_885_1687_204.png,malignant,malignant,0.644977840332682
PAT_1252_866_852.png,benign,benign,0.8204629874467863
PAT_1349_1229_828.png,benign,benign,0.739425085680376
PAT_1881_3717_785.png,benign,benign,0.7645076581878464
PAT_361_1568_456.png,malignant,malignant,0.9698718642783951
PAT_837_1583_124.png,malignant,malignant,0.9848661479312275
PAT_801_1518_78.png,malignant,malignant,0.32285704886016814
PAT_1694_3110_213.png,benign,benign,0.983275481238133
PAT_715_1339_508.png,benign,malignant,0.8975332092274791
PAT_876_1665_569.png,malignant,malignant,0.9638036418131322
PAT_467_904_235.png,malignant,malignant,0.9163423468902392
PAT_1451_1562_545.png,benign,benign,0.9519617169960818
PAT_1770_3344_274.png,benign,malignant,0.49082775255596306
PAT_456_888_961.png,malignant,malignant,0.5825286715567272
PAT_430_847_315.png,malignant,malignant,0.994568878242413
PAT_1245_844_471.png,benign,malignant,0.28029083263173427
PAT_810_1526_67.png,malignant,malignant,0.9304514523186143
PAT_858_1632_977.png,malignant,malignant,0.9476115774277923
PAT_1971_3984_534.png,benign,benign,0.8320677562771498
PAT_149_221_679.png,malignant,malignant,0.9039149580636009
PAT_756_1495_858.png,benign,benign,0.7843805761883051
PAT_8_15_820.png,malignant,malignant,0.9439507736668697
PAT_340_714_68.png,malignant,malignant,0.42637690171122516
PAT_679_1286_933.png,malignant,malignant,0.7321965171213743
PAT_89_135_11.png,malignant,malignant,0.8050288915052193
PAT_699_1320_901.png,malignant,malignant,0.7493048627428196
PAT_338_709_306.png,malignant,malignant,0.7245629008313789
PAT_547_1033_911.png,malignant,malignant,0.9048542862246868
PAT_945_1796_583.png,malignant,malignant,0.82335784173868
PAT_962_1823_942.png,malignant,malignant,0.9094242417401068
PAT_891_1701_36.png,malignant,malignant,0.7491242826995048
PAT_206_312_595.png,malignant,malignant,0.8744081111458927
PAT_243_372_640.png,malignant,malignant,0.6174973764963347
PAT_164_255_130.png,malignant,malignant,0.9531767839982537
PAT_759_1538_566.png,malignant,malignant,0.8128808716507544
PAT_456_887_499.png,malignant,malignant,0.5052784902546209
PAT_806_1520_708.png,malignant,malignant,0.8077565936366982
PAT_904_1736_851.png,malignant,malignant,0.8147732324785423
PAT_193_297_295.png,malignant,malignant,0.8621695432557787
PAT_204_310_975.png,malignant,malignant,0.9385065811318668
PAT_147_219_206.png,malignant,malignant,0.7629702965102105
PAT_1350_1230_925.png,benign,malignant,0.6567312858695669
PAT_510_959_174.png,malignant,malignant,0.9476591428196658
PAT_494_939_518.png,malignant,malignant,0.8473314173627369
PAT_736_1392_562.png,malignant,malignant,0.8467743707007074
PAT_142_210_904.png,malignant,malignant,0.9744322151266906
PAT_272_420_10.png,malignant,malignant,0.9711558437793263
PAT_705_1326_82.png,malignant,malignant,0.858454383235593
PAT_918_1742_456.png,malignant,malignant,0.9513495234948856
PAT_545_1029_650.png,malignant,malignant,0.893698622007215
PAT_267_412_275.png,malignant,malignant,0.8016608865267804
PAT_146_217_187.png,malignant,malignant,0.936940312699958
PAT_435_854_68.png,malignant,malignant,0.7852860595041737
PAT_36_49_935.png,malignant,malignant,0.8633438143802318
PAT_972_1843_756.png,malignant,malignant,0.9008173354180037
PAT_486_929_317.png,malignant,malignant,0.9085855606972816
PAT_357_737_77.png,malignant,malignant,0.9764901277402885
PAT_419_2768_910.png,benign,malignant,0.47903823504267934
PAT_1350_1230_878.png,benign,benign,0.7722100725874593
PAT_319_680_166.png,malignant,malignant,0.8606736709250858
PAT_165_256_460.png,malignant,malignant,0.7941013569107429
PAT_1946_3924_627.png,benign,benign,0.9772683289690598
PAT_677_1349_851.png,malignant,malignant,0.9853246545507431
PAT_325_689_528.png,malignant,malignant,0.9199630549143908
PAT_419_833_148.png,malignant,malignant,0.9264749040201361
PAT_1008_59_297.png,benign,malignant,0.7522637642424047
PAT_288_441_312.png,malignant,malignant,0.9316865168771501
PAT_131_197_260.png,malignant,malignant,0.9904805273216705
PAT_216_331_678.png,malignant,malignant,0.9189962386730256
PAT_844_1605_308.png,malignant,malignant,0.7612721253277408
PAT_551_1047_567.png,malignant,malignant,0.9226919495737295
PAT_837_1584_745.png,malignant,malignant,0.9711239798870713
PAT_314_672_909.png,malignant,malignant,0.8855915295216538
PAT_99_153_636.png,malignant,malignant,0.9756293551999999
PAT_689_1306_772.png,malignant,malignant,0.7982072722114049
PAT_730_1383_535.png,malignant,malignant,0.9794355479681599
PAT_1721_3219_737.png,benign,benign,0.7350650759446088
PAT_482_924_134.png,malignant,malignant,0.46600427455151694
PAT_1636_2869_595.png,benign,malignant,0.7299430583483035
PAT_527_1360_225.png,malignant,malignant,0.954908726859972
PAT_1364_1246_143.png,benign,benign,0.9668761740913441
PAT_1109_436_141.png,benign,benign,0.9973771816680038
PAT_1186_680_578.png,benign,benign,0.8282750100952798
PAT_406_808_975.png,malignant,malignant,0.8936040210220544
PAT_841_1603_667.png,malignant,malignant,0.8065457163080207
PAT_311_667_416.png,malignant,malignant,0.829777882564946
PAT_87_133_159.png,benign,benign,0.8862508652709239
PAT_993_1865_559.png,malignant,malignant,0.8993985366546534
PAT_601_1147_943.png,malignant,malignant,0.9301116823990185
PAT_377_768_643.png,malignant,malignant,0.9483634173095036
PAT_242_369_930.png,malignant,malignant,0.8737461068732573
PAT_251_382_576.png,malignant,malignant,0.9359155985181813
PAT_1731_3237_919.png,benign,benign,0.8651402657891912
PAT_613_1164_827.png,malignant,malignant,0.9144232021548349
PAT_789_1483_793.png,malignant,malignant,0.570060423612442
PAT_978_1844_715.png,malignant,malignant,0.7200633824455316
PAT_2161_4818_501.png,benign,benign,0.9721641111960065
PAT_324_1465_43.png,malignant,malignant,0.8182037241704342
PAT_1658_2933_322.png,benign,benign,0.7843364121363804
PAT_1904_3794_215.png,benign,benign,0.7869517672179768
PAT_1730_3236_201.png,benign,benign,0.9577262576182056
PAT_974_1841_693.png,malignant,malignant,0.9628805286936277
PAT_1942_3915_388.png,benign,malignant,0.8733034705445415
PAT_315_673_227.png,malignant,malignant,0.8935433389722326
PAT_814_1532_545.png,malignant,malignant,0.9846459340464881
PAT_544_3299_671.png,benign,benign,0.9382736479620862
PAT_535_1011_567.png,malignant,malignant,0.8589855445233718
PAT_270_417_257.png,malignant,malignant,0.9019738338195563
PAT_1801_3461_351.png,benign,malignant,0.45776328676621586
PAT_50_76_296.png,malignant,malignant,0.9675310787403173
PAT_267_1062_418.png,malignant,malignant,0.9747100436195338
PAT_2162_4820_913.png,benign,benign,0.9943844455423132
PAT_649_1233_229.png,benign,benign,0.8110429755995818
PAT_395_795_43.png,malignant,malignant,0.9456229232923375
PAT_275_424_966.png,malignant,malignant,0.3515062537733712
PAT_756_1496_599.png,benign,benign,0.9727222295862605
PAT_115_175_283.png,malignant,malignant,0.954783980548519
PAT_171_265_757.png,malignant,malignant,0.9840041978436852
PAT_711_1334_480.png,malignant,malignant,0.6934661800080223
PAT_514_968_269.png,malignant,malignant,0.8874577312655646
PAT_40_56_499.png,malignant,malignant,0.940237542599657
PAT_720_1362_700.png,malignant,malignant,0.8717836866401816
PAT_191_293_314.png,malignant,malignant,0.8261435719203435
PAT_1944_3921_281.png,benign,malignant,0.5862270074363192
PAT_520_983_221.png,malignant,malignant,0.9320380659889729
PAT_467_904_776.png,malignant,malignant,0.7874916889106979
PAT_1494_1707_125.png,benign,malignant,0.3450662295311807
PAT_320_681_410.png,malignant,malignant,0.528689449803642
PAT_687_1304_898.png,malignant,malignant,0.8409062572430406
PAT_155_240_211.png,malignant,malignant,0.7935865970021886
PAT_158_243_947.png,malignant,malignant,0.9303686805484019
PAT_860_1641_440.png,malignant,malignant,0.7423097162838833
PAT_683_1296_237.png,malignant,malignant,0.5445849629455563
PAT_441_861_415.png,malignant,malignant,0.463231554661363
PAT_1418_1448_307.png,benign,malignant,0.8456030492797455
PAT_198_853_778.png,benign,malignant,0.8222497792428866
PAT_834_1574_397.png,malignant,malignant,0.9195429905800356
PAT_160_248_254.png,malignant,malignant,0.931742467030215
PAT_1331_1173_380.png,benign,benign,0.9495717480539383
PAT_281_1517_293.png,benign,malignant,0.5185301758535122
PAT_465_901_627.png,benign,benign,0.9671519481027936
PAT_678_1287_652.png,malignant,malignant,0.901341047722776
PAT_981_1848_486.png,malignant,malignant,0.7540626419710658
PAT_894_1679_640.png,malignant,malignant,0.5
PAT_1569_2456_393.png,benign,malignant,0.7992495669462718
PAT_2088_4525_507.png,benign,benign,0.9875869954008996
PAT_950_1804_64.png,malignant,malignant,0.9414391847853276
PAT_632_1206_634.png,malignant,malignant,0.8654472122244935
PAT_770_1451_136.png,malignant,malignant,0.9053374625092387
PAT_523_988_851.png,malignant,malignant,0.9206246843986613
PAT_624_1180_803.png,malignant,malignant,0.940182422505498
PAT_645_1223_443.png,malignant,malignant,0.8279925818160511
PAT_115_1138_870.png,malignant,malignant,0.6851042152613233
PAT_605_1152_536.png,malignant,malignant,0.9368914267144617
PAT_682_1292_986.png,malignant,malignant,0.5700025016823765
PAT_190_291_366.png,malignant,malignant,0.9821683651606679
PAT_139_207_342.png,malignant,malignant,0.9627847961704598
PAT_761_1435_561.png,malignant,malignant,0.965435105585916
PAT_962_1823_857.png,malignant,malignant,0.9451562102618091
PAT_191_294_629.png,malignant,malignant,0.9556982207017006
PAT_191_294_419.png,malignant,malignant,0.9758276733735449
PAT_636_1204_666.png,malignant,malignant,0.9151575880676676
PAT_905_1721_327.png,malignant,malignant,0.9294972606856287
PAT_161_250_197.png,malignant,malignant,0.91696573019786
PAT_337_706_254.png,malignant,malignant,0.9716793359688894
PAT_426_842_458.png,malignant,malignant,0.6635940334746816
PAT_924_1757_704.png,malignant,malignant,0.5140226020745545
PAT_935_1781_920.png,malignant,malignant,0.9208632838494126
PAT_838_1585_282.png,malignant,malignant,0.7678835524454096
PAT_980_1851_351.png,malignant,malignant,0.9071408773995749
PAT_423_839_717.png,malignant,malignant,0.865852201154503
PAT_255_388_77.png,malignant,malignant,0.9226270901448005
PAT_486_929_274.png,malignant,malignant,0.6322205990623139
PAT_178_276_465.png,malignant,malignant,0.9802876458632646
PAT_645_1224_768.png,malignant,malignant,0.8975430527095457
PAT_920_1747_19.png,malignant,malignant,0.9475571548759499
PAT_271_418_92.png,malignant,malignant,0.8728876437929198
PAT_954_1808_415.png,malignant,malignant,0.8801573664392227
PAT_406_1542_754.png,malignant,malignant,0.5838799935532565
PAT_887_1688_436.png,malignant,malignant,0.766539054743352
PAT_62_97_868.png,malignant,malignant,0.9650867336161381
PAT_1305_4097_251.png,benign,benign,0.8858164850402711
PAT_611_1158_156.png,malignant,malignant,0.9075506225921842
PAT_185_285_862.png,malignant,malignant,0.9726828563599672
PAT_856_1626_523.png,malignant,malignant,0.8070826572652795
PAT_1273_952_89.png,benign,benign,0.9960600703791797
PAT_1731_3237_197.png,benign,benign,0.7975675033917856
dc2fabd3-d0b3-4f97-9422-1689f0cc8ead.png,malignant,malignant,0.6016612677561969
a7f11865-a615-45c8-ba1d-af3210a9aeb8.png,benign,benign,0.88696559130636
80cf5ca4-17a0-45f5-8d88-6068792975d9.png,benign,malignant,0.31314788715519687
b0a1a9ff-4676-409d-9da5-c767d4d249b0.png,benign,benign,0.9308789685071374
e791bcdf-f49e-4a70-b78f-9593ed8426c3.png,benign,benign,0.900151464721687
813cf123-3bde-4bd4-84e9-8c5c204effa3.png,malignant,malignant,0.7554505263455786
c49d8702-68d5-4006-a7cc-998af2fc6557.png,benign,benign,0.9633930618336478
7f05cc46-0798-4e91-af66-fe87837b7f67.png,benign,benign,0.9672829843255198
d93cb6a1-862e-41d0-ab51-cc69e7969f58.png,malignant,malignant,0.7579076993190793
2361ca88-5c90-4e2c-a6ab-fdb3585a98b9.png,benign,malignant,0.3674609194984264
ed3dd40a-0743-4440-8375-817558dd429a.png,benign,benign,0.8282701057273595
9c7289a0-fd78-41d0-96e5-6998acee595f.png,benign,benign,0.8573241707800981
e47d887e-aa21-40a8-b772-10792a3805a1.png,malignant,benign,0.9132914832967486
d199a863-4f8a-4a28-9638-e5655bb8cefa.png,malignant,malignant,0.5645069362315944
52a3bfda-8358-436d-86b7-66f9d326b09b.png,benign,malignant,0.7107068122937819
7d270825-30de-4f78-9269-949c3270abd6.png,benign,malignant,0.6690482371178212
d8f39a2b-6d8b-4900-888a-5e4c3ed8e5fa.png,malignant,malignant,0.38053227210280366
0e8b3967-78a6-4ef1-90bc-2fd80c257e2e.png,malignant,malignant,0.9006696394789538
62cf61c7-4b2b-452a-8207-1d24ff3c92b0.png,malignant,malignant,0.8798961215341299
22a8064a-4411-422b-a0c0-1d629d9007ab.png,malignant,malignant,0.9153016028172253
21e5fbe1-823c-4d10-bf29-1488154352be.png,malignant,malignant,0.9713519938720693
6670e267-f5cc-42ab-abdb-6dd791ca5269.png,benign,benign,0.9943151718723237
f28264fd-20e8-4498-acf6-3b605fe088bc.png,malignant,malignant,0.9495425179929022
f015f556-e4cb-4a6f-9af3-388b878c0560.png,benign,malignant,0.8219856048506453
0e81889b-56f6-467e-a7eb-a9b1f6619ed7.png,malignant,malignant,0.7101564305222162
bd9d4044-1e8e-46ba-82bf-88c303418629.png,malignant,malignant,0.9170807047410544
f38393e7-1f2f-4938-aed4-0d105cd77b0d.png,malignant,malignant,0.37592873936904464
dc6577bb-e46a-4054-8204-3b254d5aeede.png,benign,benign,0.9377852294966719
1f9f2c0f-a1b1-4bdb-b58c-cd6e3a07d0d7.png,benign,benign,0.9925853186609919
31c41cce-fca2-4ad7-be41-6d57d6333f72.png,benign,malignant,0.9156185169902973
64e3b54c-2625-4f35-8a05-7634eb2a013e.png,benign,benign,0.9277804055486747
e3045002-cdca-44e0-938c-7652d8dca133.png,malignant,benign,0.8282044355374686
adc4afac-84d0-4444-9e13-67211bb8c3aa.png,benign,malignant,0.948760895343029
bd05c5cf-20cc-484c-b318-1fbc73f6d241.png,malignant,malignant,0.48196719689636197
520d14bd-54dd-453d-a712-632dc74923e3.png,benign,malignant,0.9598340153263177
fd936f26-eb98-45cf-8e45-68f52a81cc24.png,malignant,malignant,0.3348711442458648
296b2aa3-1167-46db-8e2f-a0abfea3ca7e.png,malignant,malignant,0.8568028973983133
12bb071b-3e9f-4079-97cc-38befde82ba9.png,malignant,malignant,0.6006800587537889
6ddb3cad-d034-4700-9652-671141806388.png,benign,benign,0.8344908206593346
c350d1cb-dfa2-4b42-81d6-665354705a0c.png,malignant,malignant,0.4262393886550367
98450561-8fa1-471b-ba66-3ad407e5c235.png,malignant,malignant,0.8702530817698783
efe79beb-a72b-4455-8206-6a83bac6393c.png,benign,benign,0.9758489531177847
7d058cc7-e82f-4c5d-a3e1-cbc103e31e06.png,malignant,malignant,0.9206309273978629
6c64d815-ee7e-45e9-8223-65758ce55454.png,malignant,malignant,0.9040013141051543
6b97582b-1b95-4336-a513-dcfd13c5559e.png,malignant,malignant,0.9346510972705075
f3e3ed27-aa54-4ed5-97be-9e0fba8cdbed.png,malignant,malignant,0.7276366684482056
7fe050e5-499c-464d-ad87-c23254e16af0.png,benign,malignant,0.9242950259823656
0d099994-2407-4897-bcdd-5bb0c26be310.png,malignant,benign,0.7953258610321529
95cddf39-8896-4a6e-b2df-e4039f88481d.png,benign,benign,0.9817025772856908
2b97f68d-0bd2-41c4-bb09-bbc7a1b57e13.png,benign,malignant,0.7250409241338277
edf5c784-4cc1-46d5-938c-e287ce7cbabb.png,benign,malignant,0.8610408066121135
8ecc0158-59f6-4110-9afa-277a9ef8e67f.png,benign,benign,0.8647831558917919
c74306b8-5900-4706-b6e0-01cb49a5f8ec.png,benign,benign,0.9568204804911336
09811c05-6cb0-49ff-ab4c-c3b230c4b720.png,benign,benign,0.908741277962558
ab811374-c659-4815-909d-84be8a2d9db6.png,benign,benign,0.9853246672792748
c5cbc9e8-f0a4-46b6-b3f7-b0b480a5f434.png,benign,benign,0.9843987660509661
01fd860c-2501-42b3-98b1-4c885b432648.png,benign,benign,0.7436386997767773
dc791a9d-6ecb-41c3-83f3-14e2bb2d6800.png,malignant,malignant,0.9398383342406011
fc2e631d-ed13-4bee-ab5a-fe18ad068f74.png,malignant,malignant,0.729407376323558
c443f8c3-c1ed-4936-84b5-e0b73368e550.png,benign,malignant,0.453045208959612
4e781904-b73d-4f79-a980-05685368308f.png,benign,benign,0.9966411335073291
4e79c701-e24c-4f1f-a13d-62acf57b7f91.png,benign,benign,0.9555754700651268
28b73db5-0548-4d46-9250-e957848a1c4b.png,benign,benign,0.8290969725267675
3acd7d09-7b20-4998-aceb-fc61b3ffe3f3.png,malignant,malignant,0.7053260587756078
14153cdb-95c1-4936-ad88-b3cee231067e.png,benign,benign,0.9339633178733976
b10bfdc7-6a97-4982-855b-53ebe0affc28.png,malignant,malignant,0.34286535350543823
91a74dc3-70c5-47f5-835d-0439ca237a1d.png,malignant,malignant,0.9344838081950432
5e29986f-cc4c-4649-9988-c6aea8fca38b.png,malignant,malignant,0.9705678950632932
d55e2a86-d526-4af5-908c-bd3678961f4b.png,malignant,malignant,0.6555702393272168
b6f5449f-4cb5-4364-8e38-2947080e0e60.png,benign,malignant,0.40246964365288007
1600637c-bdbd-4e17-9099-d20d2317afe9.png,benign,benign,0.9384946276571705
2e4e43b9-da54-492d-a2c3-e10ca00ae5eb.png,benign,benign,0.7318376393933411
7241c3a8-f409-42e0-9bfc-4e8d8fbe3e93.png,malignant,malignant,0.949847589846648
e4314b79-e59d-4ad9-bb81-508dd8a10ebd.png,benign,malignant,0.6718289423520828
4d9cf37a-db98-4042-9b7a-29564e17dba1.png,benign,benign,0.9933675307529163
13dac258-d079-489f-b5b0-2121352623c8.png,benign,benign,0.9400393896923834
96b097d4-323d-4b8d-8f2a-32b7ae5e3ce2.png,malignant,malignant,0.759524621021492
26541014-ef95-4ef2-afa4-9b5dd1d0ab63.png,benign,benign,0.9714994926716222
9d772da5-b81e-40c0-a5d7-d61e27b4b6ac.png,malignant,malignant,0.8976061666443934
c8ce8a8a-b3dc-4bf6-ad1b-7e3792f9e1d7.png,malignant,benign,0.8701983192135493
bfd367fa-5fe0-4785-b2f9-1d868189464d.png,benign,benign,0.9965765049929618
91378a29-96d9-4c75-b805-af513b9d13e4.png,malignant,malignant,0.8146112420237367
af43a98c-836c-4053-8161-c41e9b0645b4.png,benign,malignant,0.5174100126101022
14f477ce-b53e-4c81-8be8-36c9630d7aa0.png,malignant,malignant,0.882751115918028
a8b7bfe5-59cc-403a-b71d-273a1b1942b3.png,malignant,malignant,0.36543105808959064
424b3f86-446f-418b-b626-958e4ba49333.png,malignant,benign,0.8448673963778223
b1b78c10-e7ae-4a57-b08d-0ffcba8b85d8.png,benign,benign,0.7887521610721369
15fd4e68-4082-4f2f-b620-7ea5fca047a1.png,malignant,malignant,0.4922393488696049
6eef71cd-d2a9-43c3-961c-3d52af560120.png,benign,malignant,0.5188186628043338
1a1df3a5-f1c0-43eb-a778-c43b258b3e11.png,benign,benign,0.9651055992483188
64472f0d-0d55-4574-b1a7-adcb9452ae76.png,malignant,malignant,0.27838553130372284
d7c47153-38c8-488b-a6e2-384ea26c8e78.png,malignant,malignant,0.8946254840111465
022a52d2-9210-46d8-b97d-f9a78790ffc4.png,malignant,malignant,0.8760350813392495
01620c44-3cfb-4fcd-a8d9-b6ad991783b0.png,malignant,malignant,0.8562669232744416
7a82e8d5-15e6-42d6-8d43-b35e2158a592.png,malignant,malignant,0.5
41fdd74b-a98e-4c59-ae44-a0ff61454422.png,benign,benign,0.9777297400407463
2ba7189e-9ffa-446e-9450-caaca8baffd2.png,malignant,malignant,0.3099498542304964
d53eff88-45fc-42d2-9ef0-7913edb607b3.png,benign,benign,0.9725932073868776
3382f96a-daf0-4b40-83ea-ffb31b3bf187.png,benign,benign,0.8096911992280166
837331ad-9524-4790-b55b-1966d290a0d7.png,benign,malignant,0.5136240451592632
ef4b371a-650a-46bb-ae94-acf74e0a11b5.png,malignant,malignant,0.8230753037631363
50453632-1f97-4cc2-a648-959aa89cdbc1.png,benign,benign,0.9972116738612423
baa1dff7-a39e-4e7e-af94-3232bf0d2813.png,benign,malignant,0.7222139767835835
dddecdcd-4cb5-4ddc-bdc0-cf69506cc5e3.png,benign,benign,0.9908825398220557
ce7fb216-a8fa-4893-a027-293fcff360cb.png,benign,benign,0.931868380414996
3d7be66f-0abb-424b-a32e-be3d02f365ea.png,malignant,malignant,0.7448917698219504
1f5b985a-3b76-4377-9a52-ff6f95fd5155.png,benign,malignant,0.5
fc04fb60-3a68-40f1-b3e3-de9f0ac14cdf.png,benign,malignant,0.6066927836507064
0ccea8b5-d45f-4545-ac64-0d589d51d706.png,benign,benign,0.9224162549474542
06c85032-9add-44b7-91f7-5b476bfc3029.png,malignant,malignant,0.9362600345834866
82bd73f2-24fb-4fae-9069-9e9e17a2c256.png,malignant,malignant,0.4287865704551688
714b2567-da40-4647-b42a-31b7032fb606.png,benign,benign,0.9771308824100438
a4075ece-4c7b-4ce4-af5a-0350b59db6e3.png,malignant,malignant,0.6679206393016743
72c233f2-d9fa-4615-832b-1f320b51625c.png,benign,benign,0.8938039275242281
e08128b6-b8a4-4842-9bf1-36a1c566b8a2.png,benign,benign,0.9761013189813125
96b2a9b2-6340-4735-95a7-2b86d120863e.png,malignant,benign,0.8936811550379609
9d4ce1d4-3556-4032-8d19-a0d092ff485b.png,malignant,malignant,0.9170369519881304
0f4d06d5-05ce-4bf5-a15d-b1b7e1527eb1.png,benign,benign,0.763228410137327
3bc1f6a1-3cd0-43ac-bf8e-3dc2eff7f500.png,benign,malignant,0.6464722291672232
10ed66e0-2b13-4d30-a39a-98751010dc1a.png,malignant,malignant,0.8676946367699824
9c884701-8145-46d5-a48a-9f763bc22e42.png,benign,malignant,0.5500767433157029
49e19636-2eb8-4256-92a4-3b0d991f5593.png,malignant,malignant,0.31539927862888967
ef55c005-25ce-4f08-a3dd-a311a3f6ed7d.png,benign,malignant,0.39083489960667017
fad1d18f-ee7d-429c-adb1-a4c5fca581db.png,benign,malignant,0.4128688786473203
d9ce7199-8f67-4ff6-8131-3cedcaafb0a3.png,malignant,malignant,0.90604589904734
081daca6-6b2a-49e6-b8ba-4b594c236bc0.png,benign,benign,0.9425793300840805
7d8673f9-73fe-47d3-bf02-c01014e53e38.png,benign,benign,0.9870119690431498
3a0e85ff-7a0b-4b9f-943c-27b2e39c8969.png,malignant,malignant,0.5669091424041152
115b4e4e-c8dc-48f4-8688-8ffe29b342ed.png,benign,malignant,0.34088987015374944
0f3cf985-25e3-45a5-83a5-b5c8b4ef22d0.png,benign,benign,0.9612113200075677
61a07909-4196-4624-a9e3-b2f590960267.png,benign,malignant,0.6298798821266514
9bf7768e-ac37-4ad2-aa90-05f4740a5742.png,malignant,malignant,0.722092460245423
f15a2775-e21a-4100-91f4-80481cc68c00.png,benign,benign,0.7735732088163879
6890383e-c2fe-44ba-864a-16d121fdccc2.png,malignant,malignant,0.7732179264781075
63e3b4b9-1821-4785-9426-4113e5a20586.png,malignant,malignant,0.9099327923538642
b3268c0d-88a5-46be-8120-b15fbdb33775.png,malignant,malignant,0.43449757829539487
93a6baac-4986-4d6b-b4bd-b9206bfe07ba.png,benign,benign,0.8218255498263591
dd4ddecb-3268-4a4d-8865-a2b027f7a6d2.png,benign,benign,0.7969158529770127
a0b52142-89e0-452c-8eb2-442b5c1696b2.png,malignant,malignant,0.7550350171321867
fab3e653-8d75-4027-8608-5690faf34b90.png,malignant,malignant,0.9505621866214576
cdf478cc-c113-4c5c-94b3-0a94b95f719e.png,benign,malignant,0.7055102504662791
79b263f6-bc35-4cf0-8297-ec6e8b082bb4.png,malignant,malignant,0.8484875257992996
7f515d75-65b6-4f4d-bdcb-fdac3242c717.png,malignant,malignant,0.48744774899857374
707d57c9-b162-46b2-a19d-d00d1863a444.png,benign,malignant,0.46295697115164464
c347d979-5a84-41ee-a3f6-174e2620c9b8.png,benign,malignant,0.6078113498427006
f0713206-4e1e-45de-9c2e-244a7da9e9cb.png,benign,benign,0.8375933219392208
071d7532-ad69-4176-bdde-6fccd056957a.png,benign,benign,0.8979346290728867
5253d8b3-ef61-4621-aca0-07ca8753f80b.png,benign,benign,0.9953788841549676
f80aa689-afea-4bc8-acc7-23156337dcf4.png,benign,benign,0.9849658337356053
76964f22-9c50-44b7-9a73-61b8c979bff7.png,benign,benign,0.9809742328524044
e31701df-93d4-46fd-b8e4-acb96547ac2c.png,malignant,malignant,0.6595962751459543
788e192b-bfcd-4107-af7b-7e8911bf3c1b.png,malignant,malignant,0.8064344325247357
6692a3b2-9993-45a0-96ef-297966e7fb6c.png,malignant,benign,0.745446474350087
6b25eb19-4af2-4de3-8518-d39f1cd8d39c.png,malignant,malignant,0.9126046318257026
48d67342-a025-4dc2-8db7-535bec8b0a97.png,benign,benign,0.9519526794969299
955354f9-a2e3-4587-90b0-9539f465878b.png,benign,benign,0.9389469319893099
3e079d63-6687-4f47-981d-305c5af3be3a.png,benign,benign,0.9423633195340264
98f82416-8b63-490f-b41f-2a644ed3ed65.png,malignant,malignant,0.8283790007249754
710cc059-5722-43c1-b803-4f2e96bc5aa0.png,malignant,benign,0.7347972907293762
b0efb4b5-bd54-4a09-95bb-04743fb2b6a8.png,benign,benign,0.792222765323615
63aa969b-90d7-47df-a696-5f1a31187cfa.png,malignant,malignant,0.8467601246636474
d9987618-1fa7-4702-b086-f2e28470fabd.png,malignant,malignant,0.9668959016680253
fe146c47-8f74-4308-8a64-db2cdd4eaafe.png,malignant,malignant,0.8583431205640926
c7b8bbea-02c8-4b67-94a6-ff5c4a6e5044.png,benign,malignant,0.7631190599953779
6c58e7ef-7a58-4518-921f-8779c8bb7446.png,malignant,benign,0.7831761589729129
84a34293-fe3c-4b38-bb7e-654232b5d128.png,benign,benign,0.829985820012146
e4c4e7e4-e028-4edf-9911-7c02b4a6dbbf.png,benign,malignant,0.6604440072316723
b1ee3f71-fa64-4bd1-8165-484d9dd734e7.png,malignant,malignant,0.6274607070747362
3ae9a7da-5437-4309-b09a-df58d777a586.png,malignant,malignant,0.6245075307132726
648b397b-7abf-4a57-84b3-a37285ff2c90.png,malignant,malignant,0.797798208342916
1f4d30f1-c6d4-42ec-bf23-54ebabde58bf.png,malignant,malignant,0.6949754941284007
97fc2b62-e464-478c-aad3-a3bac5f1203f.png,benign,benign,0.9981667662498411
055b7a27-50da-4009-992f-8902823bfb52.png,malignant,malignant,0.9161909109958908
f71b334d-aeb5-436b-af49-30ffcd63e14c.png,malignant,malignant,0.7300467834240181
af2c9b1d-7b00-43c5-85c5-274473e9bd75.png,malignant,malignant,0.6520341502976921
9352e110-35f1-4aa1-b964-9c5dae446997.png,benign,benign,0.875422740083045
099142c9-be31-49bd-b590-e53e1a9acb7f.png,malignant,malignant,0.5
67a5d30d-e8d4-447e-ace3-4b0bb70d01a9.png,benign,benign,0.9373256420184121
e54db9be-6d0d-4ee6-bedc-74f8c6e307f6.png,benign,malignant,0.5746344810243006
c7bcf29b-fc46-47d5-b21f-54a37701b632.png,benign,benign,0.9084403791940802
a9cbd4a4-9aa8-4a4a-b292-f4d771b274cb.png,benign,benign,0.9864904710743433
c2d4df77-42f6-4aa5-914c-11d122f22a4c.png,malignant,malignant,0.5201178201095462
0bce332b-1d74-4096-8817-cc2da0ef2e99.png,benign,benign,0.995784189918717
da3c2921-6e89-477b-b1b0-e06fe7a239f5.png,benign,malignant,0.289379277094388
9a08a0cf-f45e-40ba-9ac2-4a8204b5429c.png,benign,benign,0.9970864516904249
e8fa499c-61b3-44c0-878b-f410aecaca9a.png,malignant,benign,0.7800079323295211
8966a717-c8f7-44f9-830d-d44867fef6f5.png,benign,benign,0.8630139100661364
75ea6a64-c46b-40c6-b5fa-a1a5459e0cdf.png,malignant,malignant,0.703716511082059
5eb8a38c-5c80-41ef-b1a9-54826edcac1e.png,benign,benign,0.7292546110930547
d36db547-f384-463c-9e47-d94b84b6e4d2.png,benign,benign,0.9024095655412843
4761d3b5-65ce-4b00-8920-97c98c88e7f3.png,benign,malignant,0.7826486285693973
46a522bd-95fc-4225-8e3f-ae29d24a502f.png,benign,benign,0.8936478164892105
72537069-51c8-4ab9-b1fd-cb6345f4fed1.png,benign,benign,0.9863365342350342
7da0f48e-2f39-499b-ac93-387ac69ca712.png,malignant,malignant,0.8641866372605224
ad065702-2c53-455a-bd40-dc29cf53cad3.png,benign,benign,0.9920756850444561
3375688b-bba6-4ca4-aa6f-9341cae58c10.png,malignant,malignant,0.3678047676398496
7f1b5ee2-6a34-4f3f-bd37-9d1b936e2c6e.png,malignant,malignant,0.712058394173187
f88fcb01-877f-4f84-8adb-5a7b4ed23f38.png,benign,benign,0.8193072061553431
d5af4eac-3c23-4fad-9d14-0069df822b86.png,benign,benign,0.9102834618524364
952ef3ba-c052-45bc-8918-16b283a57223.png,benign,benign,0.7949672657390203
1a64870f-8bde-4f92-970c-ee69a96a373e.png,malignant,malignant,0.8764545710283873
d8051a7b-5a5e-42fa-b2e6-54512c8a41d9.png,malignant,malignant,0.8392751689528438
715f5d63-e55d-46dd-90de-3ef949c58a47.png,benign,benign,0.8681943035382506
9fe3f510-d0ec-47fe-97fb-db3a9e266126.png,malignant,malignant,0.798539957642437
0a44b1c7-c8e9-4fdf-8559-177e51b7d9da.png,benign,malignant,0.7906009866602368
ea5857de-7b24-41a9-b69f-c6eb9e595bd2.png,benign,malignant,0.4374976780645856
b21d0db0-253b-46af-b1c9-e904c9cd2bd7.png,benign,malignant,0.8027554254639191
0aa5c55c-fcfa-41ee-8453-a157c21a5bd6.png,malignant,malignant,0.8338662578231975
64961a2f-4df5-4357-9df1-8292b952d71e.png,malignant,malignant,0.6357658232999004
73f3f4ec-5bda-4778-b6ee-3f583887e6bd.png,benign,benign,0.9759075957844829
422c12f3-ff23-41f4-b011-1f814d7b8f81.png,benign,benign,0.9825311533393092
e7ee5dde-e5f3-4ff8-823a-fd4f133919fb.png,malignant,benign,0.8728756984567652
5de9155c-2cbe-4f35-a5d5-1949c377f3ab.png,malignant,benign,0.7890335032927707
d7855bba-8691-4da2-9fae-2821f40b9977.png,benign,benign,0.761451253930032
3be3d5ed-920c-45b8-aa98-4682bb0983bf.png,benign,benign,0.9604707587870996
2e7e6435-4ac6-4564-b7ff-23047edbeadc.png,benign,malignant,0.5096543448875823
1cfece0f-5ad7-498e-823f-3e77ba8c2f66.png,benign,benign,0.9389060714060755
4ad4d2e4-2a64-40bb-8bc4-4d9cb330ba0b.png,malignant,malignant,0.7896317921440469
3d8757c8-1c35-4a69-af20-87e0fff0e20c.png,benign,malignant,0.32919287190018715
73ef11cb-a934-4e51-ab96-7dba002d88cf.png,benign,benign,0.9150533307072913
d2e3ce4d-3180-40eb-b592-511c4dd2a145.png,benign,benign,0.9856654795715203
cef51235-70cd-4d11-8335-cbb19bc88ce8.png,benign,benign,0.9719007271719985
ef1b87c8-ff7b-4698-80b2-2bfa10048e47.png,malignant,malignant,0.3047309743557325
3c1393d2-8d07-48c5-a69e-d8bdb681c0f1.png,malignant,malignant,0.2895572631790063
3f39d356-3e70-4153-b13b-d445ae3908a8.png,benign,benign,0.9793167373254276
3a515f96-8dd2-405e-b2dc-4040d5909ca9.png,benign,benign,0.9198855307125409
5b2b7ca8-f3d9-46f3-80e9-0f53abfcf46f.png,benign,benign,0.9145516611781354
702dfcc8-71f4-4163-a378-dc26635626db.png,malignant,malignant,0.9052850356885871
d5ef62db-d4ef-4d18-bc6c-33dd553c86b9.png,benign,benign,0.8275182494844784
9c8d746d-26d5-49dd-a4ed-4eadc3d0a6af.png,malignant,malignant,0.8510193971797964
c7fe82cb-e8d0-411b-916e-1909d132053d.png,malignant,malignant,0.8284411084782721
61acaa26-e07b-40d2-90d3-b87290bc191a.png,malignant,malignant,0.6662074363157628
a2ed37fe-2234-477f-8d12-4cda006e5f89.png,malignant,malignant,0.9067400894285538
b4da7475-e846-4fd4-96da-01a6debd7890.png,malignant,malignant,0.8787318118939408
1fc4db22-72a9-4f15-8365-0cb73066b09a.png,benign,malignant,0.7504449078881862
3380002d-c9be-48dc-a2b2-988533b1fd51.png,malignant,malignant,0.9728870663597878
142bd97c-e453-4354-a3e3-f9c3d67bc271.png,malignant,malignant,0.8997885565281414
4cf11f3e-8e87-4feb-8645-d115018a834c.png,malignant,malignant,0.9238008651168568
3fc00765-fa36-4aca-aac3-ab9be4056807.png,benign,benign,0.9816563792912821
9666cfc0-28ee-4859-8c1d-e51186be1f8e.png,benign,malignant,0.8365888953078533
66c680ec-6dfe-4921-8f5b-6a336f7b5326.png,benign,malignant,0.7717676221290819
73f4ced0-7385-4dd0-a820-60421660feb4.png,benign,malignant,0.6441331266011344
747bb8c5-a5ec-4510-8776-ef22705bcc11.png,benign,malignant,0.726199411784495
4fcf5cf3-588f-47ff-8ee9-1bc2e2b806a1.png,benign,benign,0.9628020135806282
cb9e58de-107c-4ffe-b26f-6f95c95f238d.png,benign,malignant,0.3046544605460047
cda8d9c9-a680-40d3-b157-7c38f52c299d.png,malignant,malignant,0.6743076651541672
02a9c8b3-cede-447d-8a17-31604aaff04b.png,malignant,malignant,0.9003650589294865
14e2f6e1-fd5a-4f9e-b604-cc512113747c.png,malignant,malignant,0.8414635751183466
5e0c46a3-b166-486f-98a6-4ebc2323d9dc.png,malignant,malignant,0.9507949831926631
7206826a-6dc8-42d9-bb33-f7f838528ad5.png,benign,benign,0.889905636006386
cfff0b1a-94e1-46d7-a82d-87c867e3f161.png,benign,malignant,0.34397626174017637
059107b2-33aa-41a9-a3d5-9b5c3cb9d87f.png,benign,benign,0.9914346615441976
cf944ca1-5f49-4555-9aac-13e626d0ebed.png,benign,benign,0.9614157326626005
a1b726b9-dcb9-4fb1-8de0-6e4a934c5905.png,benign,malignant,0.72444469810753
a0432fde-c63d-4070-b84a-3f98c60c5d45.png,malignant,malignant,0.8066681959908835
40b58d27-dd7c-406e-916f-08db8a56bc7b.png,benign,malignant,0.36074439987588564
9f072b42-51ce-4df4-94cd-572ab660fe89.png,malignant,malignant,0.751904717263033
157c35e1-a69a-4786-a5a2-74368d275006.png,benign,benign,0.835075157756865
4396b67f-1f38-47b9-bd51-e7b478b57ce7.png,benign,benign,0.8992695317213912
f9b1f165-bec1-4812-a120-5d6eb9b16be5.png,benign,malignant,0.4531980649262416
1e37cdf4-75f7-45a8-b44b-c80393e42810.png,benign,benign,0.9522853638180364
092c1a32-508e-4ff3-a44c-849a883ae2e3.png,benign,benign,0.7538105321669144
f6565aad-837a-40ea-a11d-632e751f3a96.png,benign,benign,0.9391704492828232
0fa17225-5836-4d9c-b217-efe35abe453e.png,benign,malignant,0.369374307857066
458efd6a-48c9-42bc-b469-3f661524568b.png,benign,benign,0.9826803145857607
a54322c9-e0ee-422c-bb68-555479931867.png,benign,benign,0.7656141554197196
75439596-2265-4612-b4bb-1fbf06c8537d.png,benign,benign,0.7530974124087229
7bfa515f-956c-491a-a893-f030d6c2ea3f.png,malignant,malignant,0.9430397056351878
ef7e44a9-6526-4d18-9ad2-fa98242d03c9.png,benign,benign,0.9696512833360427
3f6c5b5d-8a21-4d7d-bf52-6fdecd4de090.png,malignant,malignant,0.3494582350171233
382d7dd3-aec4-451e-b4e1-7f3cb8e68a83.png,malignant,malignant,0.8814412655782424
b13a775f-941c-4b1c-ad70-dc52531a60f8.png,benign,benign,0.8114694690060356
9c11050d-5a6d-4290-a3a4-070a0f1faec3.png,malignant,malignant,0.9262694799361755
36c2a632-cded-445f-940f-41fcfd6c38c8.png,benign,benign,0.9418821025704467
d73509a2-37e1-44ab-a417-8197b939ca08.png,benign,malignant,0.5
5fa7e971-42a7-4cda-b94a-3ac7b4e48aec.png,malignant,malignant,0.9556033487720665
11c9c949-0de1-4839-afee-c88205476fb0.png,benign,benign,0.9983072843702526
047b302c-1f64-4569-b2e5-822d0bce6a51.png,benign,malignant,0.5
6698a4df-4282-416d-9181-1b96fd2f94c4.png,benign,benign,0.8771066424122722
e6546be1-1dba-4f42-a442-844e9807f1dd.png,benign,benign,0.9180604984589296
b6f2fbb8-e3ae-44af-99d9-4d7b684d50a9.png,malignant,malignant,0.7300564630973854
d438ed02-5367-43a9-b314-944fab3d09cc.png,malignant,malignant,0.9235066706681301
4b00d3fc-e004-4691-a377-376b39da865b.png,malignant,malignant,0.8257427937453938
11329c26-77e0-4125-a93c-d0edffe190d5.png,benign,malignant,0.7104330957418785
b1837324-112a-4a76-9c79-2edd654620d4.png,malignant,malignant,0.9782191202428073
33f6114e-d98e-45d6-b321-049a2aa10e98.png,malignant,malignant,0.9053541257293392
06642142-c54c-45ab-b64b-19bed26531a7.png,benign,benign,0.8055523745565093
cbb1019b-08e0-4ddf-a04f-7e27608c2a65.png,benign,benign,0.995459266571102
c2a65a44-b2ea-4e42-b68f-ab24ca63b100.png,malignant,malignant,0.5120027455962918
5b2b0feb-74d6-4a6d-a4cc-190596a1f3ab.png,malignant,malignant,0.8146747833905753
e9ae2c22-03d7-43a2-8b3a-dd555e93ef0d.png,benign,malignant,0.8165919956473353
78ba1df4-6a31-4bbf-83c6-86f3554c551b.png,benign,benign,0.876496014427938
cb991d21-0c46-4328-b38c-30f4fe47249b.png,malignant,malignant,0.4274303588538303
eb95b2a8-adc1-4644-8671-c60173075559.png,malignant,malignant,0.9817838184609962
f61c001c-0360-4fea-9ba8-75fbec5be819.png,benign,benign,0.9449514716260677
b0e4143c-fd53-4f2d-956c-dabcfd2d3f42.png,malignant,malignant,0.955552362643498
65c9e6db-3c78-49a2-bccf-c29dd8ff49ec.png,malignant,malignant,0.9704504852470008
b23eafff-0d33-4b50-b3b7-2e7540ebb1d5.png,benign,benign,0.845723608986218
46b50329-c592-4d92-8755-dac527fea9d5.png,benign,malignant,0.3441796574842991
9a2510cf-56d4-4393-9737-a40b4d092873.png,malignant,malignant,0.8403535565458631
04f4504d-b94a-48e2-b21c-9421479c8c1e.png,benign,malignant,0.5848574822516576
3376f6c6-4ec5-4750-9693-445f2159bde8.png,benign,benign,0.7329984663673706
56823a47-051a-4d99-8e17-c004fe2b0854.png,benign,malignant,0.48387558834448574
b68dbbe5-7ac7-4e69-85a7-70a36bc5260e.png,benign,malignant,0.7782105257974408
03594454-6b33-4958-b808-8dfdd7968461.png,benign,malignant,0.35540561870195314
1e11a04a-27cd-4d01-b6ed-274b9c2c8237.png,malignant,malignant,0.6259328218504873
4ab3fa89-4c50-42c3-ab1d-e267202b4f8c.png,benign,benign,0.9649949257529794
758284ab-ffac-497c-acc9-c4fb34246403.png,benign,benign,0.8482867348416643
8aeb25cb-c873-4ba1-9503-1109c7fb12fa.png,benign,malignant,0.8770987325474857
95a25611-69f4-4e7e-83e4-3a7db7e773ed.png,malignant,malignant,0.8591342833300494
26fcedc5-17b0-402f-92a1-99928f9fb19d.png,malignant,malignant,0.5057611459713974
e0f349fe-f21d-418e-89b8-f6aa851d0d5f.png,malignant,malignant,0.9584862444717602
a18dccc8-7ea8-459f-ac4b-ae5a90dff3c8.png,benign,benign,0.976907447794285
d452fd59-8288-4030-b77e-b2eefbaa1d3f.png,benign,benign,0.9575951664617715
7ebba921-b125-4ec8-b042-62bce47f8b98.png,malignant,malignant,0.3642356926571446
29476683-7b4a-439f-8522-0af70e892b81.png,malignant,benign,0.7622249196639387
75543e37-18a7-41d6-b65d-b892755683b4.png,malignant,malignant,0.6519386768916663
e8b3d232-4ee6-4d2c-b297-3faff1c0d679.png,benign,malignant,0.354423583142134
f3955aef-d2e9-4a4c-9f24-b001c88c2bdd.png,malignant,benign,0.7351349079666835
2605f622-fa19-4971-909f-8aaec7906429.png,malignant,malignant,0.8961320853651563
1dc0a9f0-d4a9-404b-9bb3-bdbd18ac8a62.png,malignant,malignant,0.6931420944223001
b338ffff-c631-4925-bdad-134c4a9d06e4.png,benign,benign,0.9532018163489985
8471ce91-56d4-4b19-9638-d2134d57e4d0.png,malignant,malignant,0.7593093957056046
05ab2527-1147-4b97-8a9f-916b2c8bb928.png,benign,malignant,0.7253132101660454
23bfd4cd-20f5-4682-8bd7-32fccebdfbea.png,benign,benign,0.9061072004581627
9c2b5ae0-06ce-4aef-b1dc-041ef5ed4c0a.png,malignant,malignant,0.6681403481812181
461458d5-5bf4-4c6b-bbe5-10d0403f7303.png,benign,benign,0.8948285423912496
64d4c598-e072-409c-a388-70a8c0ccd4f9.png,benign,benign,0.9654231957530139
83459b4d-4216-46b3-b573-4021c6e1692f.png,benign,malignant,0.3079721739745439
bb207dc3-de0e-4b36-a4eb-054c5ce50b5b.png,malignant,malignant,0.6435159446693579
24e63a61-2156-403d-ab2c-6b35ec89fecf.png,benign,malignant,0.7705836514188786
fa7e8f59-4585-4a6c-b9ec-59e929a7eb6e.png,malignant,malignant,0.2850685007953429
99b785cc-53d9-40e9-87e5-f39eb8c58043.png,malignant,malignant,0.8776829744517921
c9344ccc-bb98-41f5-a06e-15f61e83bf9b.png,benign,benign,0.9445295665330535
d9af0e73-637a-455d-b753-9735431e348c.png,benign,malignant,0.8809497675231577
5f7d32f0-c5e7-4940-a912-fcc6feaa3e5b.png,benign,malignant,0.332101725056449
3a7a5ced-2b39-4de3-8e98-cf7f73eda24e.png,benign,benign,0.9545074549805908
5614ed8e-6f0b-4d7e-b8ed-e7e8823987e2.png,malignant,malignant,0.8162430100899367
9f324201-0de7-429d-a2f8-6990129fd5e8.png,benign,malignant,0.6655975106873354
42ea76a1-7181-4321-8c25-9510c4305fba.png,malignant,malignant,0.9166445405574523
034545ad-7c30-4717-8f7e-f06df0ae3fca.png,benign,benign,0.9755369956422755
821c40b1-a280-4a99-9f8d-278a9e3bd166.png,malignant,malignant,0.8879732559396196
08e67e31-75dd-463b-8b10-fe16903a046b.png,benign,benign,0.8211275702584395
fe9cd23a-8222-409b-8f37-bbec20d04044.png,benign,benign,0.7518928679494139
55098b1f-e19a-4197-9139-dd0401e03866.png,malignant,malignant,0.9025936640782858
9ee23521-1941-43fd-8374-8dc389a53476.png,malignant,malignant,0.9642552996083275
5fab4292-5ffe-4c75-bf11-983fd70e90ec.png,malignant,malignant,0.8337527888483559
a21f0893-2e66-4aa6-9dd3-4d1ac8f1055b.png,benign,benign,0.9281755865939354
49fd53a3-a3dd-4db5-a700-3c24c5efaa16.png,benign,malignant,0.8007002827554066
758d6c48-1063-4a43-b4d7-04c3da38f111.png,benign,benign,0.7908046508381565
5f5d8e31-3e1b-4324-b7ae-5bdb72cb3808.png,malignant,malignant,0.9104897661219101
154102f4-b590-459f-9a2c-69143b9973ff.png,benign,malignant,0.761992853463147
1368a68c-532b-4d59-90f1-dfc864f565ef.png,malignant,malignant,0.42539635785541363
41bd999b-d50f-4fc9-b8a1-b24d64e9067a.png,benign,benign,0.9964553173752054
b6c6643f-6f5f-43aa-936f-8412169cb083.png,benign,benign,0.9318060688862351
5f336717-b887-4662-bbf9-5141f71c94b6.png,malignant,malignant,0.9423921414580214
cb44e1cc-08e8-4bfe-b8bd-17eff4bba0f0.png,benign,benign,0.9750870159211097
906f6a80-a4f2-4131-9ed8-990c8af6e36b.png,benign,benign,0.7546181730088608
b73b0881-8c78-4bdb-9729-c6f706bb2b17.png,malignant,malignant,0.4593137447770506
9b1605fc-c4fc-4f99-b226-34c30d2d7702.png,benign,benign,0.7485990393190635
fb4c031e-c8c5-4db7-939c-f0a685283442.png,benign,benign,0.7505499520017913
52f0789d-9ae3-4db5-8bae-8cbcb3af1eed.png,malignant,malignant,0.8615583236676909
94b3fe95-47ba-45ab-91c3-cfe144a53fda.png,benign,malignant,0.5231380337130725
fa8d600c-f1e0-4cdb-918a-f6c4c706142b.png,malignant,malignant,0.8016470038027664
afa1f59f-7886-41d5-9f58-84d43a30f698.png,benign,benign,0.9473992925915423
c707a396-232a-4bbf-8367-5cbf2c202af7.png,benign,benign,0.7429374525576693
544a83ef-8f59-4abb-83d1-13c6634ea398.png,malignant,malignant,0.7977860103417197
34e5655a-ddd4-4ca9-9a75-ab021bd26fcd.png,benign,malignant,0.38876449171538136
52924db9-ce4d-49b7-9cc1-7449dca0a35a.png,malignant,malignant,0.42039880124469814
24f52487-36e4-4af8-a94f-ec49c0a8017c.png,malignant,malignant,0.9551202534147926
1e37a626-0fd5-4dcf-b217-a6942d953c46.png,malignant,malignant,0.8665684578683308
1d2d5932-f8db-496c-9d79-575083fdf7ae.png,malignant,malignant,0.4210884997934786
7f5dd37f-8823-4663-9ba4-220ecbee35ad.png,malignant,malignant,0.9507810408903027
665c99db-3a1f-45ce-831d-5f62d654b089.png,malignant,malignant,0.9686885936536175
000493.png,malignant,benign,0.961279890386931
000014.png,malignant,malignant,0.9352925322694475
000158.png,malignant,malignant,0.5755464837350381
000244.png,malignant,benign,0.8594487382669684
000359.png,malignant,malignant,0.8728461829872363
000072.png,malignant,malignant,0.41509368768658195
000406.png,malignant,malignant,0.6366042473696119
000478.png,malignant,malignant,0.39762221555622923
000109.png,benign,benign,0.9829289041088973
000282.png,benign,benign,0.9551400483549635
000284.png,benign,benign,0.8674015366326518
000311.png,benign,benign,0.9298470716466948
000324.png,benign,benign,0.8786655525159489
000439.png,benign,benign,0.8138884472379189
000495.png,benign,benign,0.7261282619764773
000632.png,benign,benign,0.9130043356958164
000642.png,benign,benign,0.9165243080240643
000111.png,benign,benign,0.8372043483529283
000172.png,benign,benign,0.7515307460337587
000259.png,benign,benign,0.9222263198499491
000602.png,benign,benign,0.9979470409161852
000605.png,benign,benign,0.9596554542372105
000473.png,benign,benign,0.9728707598431869
000375.png,benign,benign,0.7460741276096526
000549.png,benign,benign,0.8897988196296073
000513.png,benign,benign,0.7435352713903934
000603.png,benign,benign,0.8941001717623043
019823VB.jpg,malignant,malignant,0.8475302339252744
040272HB.jpg,benign,benign,0.876207908230012
10191-1.jpg,benign,malignant,0.31379486100566023
015565HB.jpg,malignant,malignant,0.7516101104933677
023442VB.jpg,benign,benign,0.7737925554730388
040074VB.jpg,benign,malignant,0.6059370733729423
015977HB.jpg,malignant,malignant,0.6933145565215031
015677HB.jpg,malignant,malignant,0.8045464018464932
015540VB.jpg,malignant,malignant,0.387294846508753
037759VB.jpg,benign,benign,0.7678100988176761
019468HB.jpg,malignant,malignant,0.7266381262507263
020248HB.jpg,malignant,malignant,0.807028196532084
015952HB.jpg,malignant,malignant,0.7500067126563007
029529HB.jpg,benign,malignant,0.4180400625799966
040770HB.jpg,benign,benign,0.9747524552364113
10522-DSC02271.jpg,benign,malignant,0.3212713357641712
043383VB.jpg,benign,malignant,0.5390934897605932
003086HB.jpg,malignant,malignant,0.2888408800595094
001018HB.jpg,malignant,malignant,0.938513737264741
015839HB.jpg,malignant,malignant,0.827990758498164
029767HB.jpg,benign,benign,0.9355474193958874
019373HB.jpg,malignant,malignant,0.8535255948332162
044507VB.jpg,benign,benign,0.8668211173341781
020181HB.jpg,malignant,malignant,0.3964429872412378
019256HB.jpg,malignant,malignant,0.7136792250461229
015851HB.jpg,malignant,malignant,0.7872822739031667
019443VB.jpg,malignant,malignant,0.6547462283591332
040503VB.jpg,benign,malignant,0.3167724690739152
019328HB.jpg,malignant,malignant,0.8752107681833314
042637VB.jpg,benign,benign,0.8477057195782081
003441HB.jpg,malignant,malignant,0.6584599634265856
045653VB.jpg,benign,malignant,0.39605559017266445
10280-DSC02447.jpg,benign,malignant,0.40975723601186387
019405VB.jpg,malignant,benign,0.798873041826877
038246HB.jpg,benign,malignant,0.7047210120132896
019305HB.jpg,malignant,malignant,0.4326418564517875
046288VB.jpg,malignant,malignant,0.9147510137470738
044541HB.jpg,benign,benign,0.748742325293218
015769HB.jpg,malignant,malignant,0.46631777919159356
004827VB.jpg,benign,malignant,0.7510259707297205
025704VB.jpg,benign,malignant,0.2846229623608667
020186HB.jpg,malignant,malignant,0.7844848381698081
009877HB.jpg,benign,malignant,0.5855597126459218
039818HB.jpg,benign,benign,0.9129891971047617
019581HB.jpg,malignant,malignant,0.2801465583752707
009379HB.jpg,benign,benign,0.7770652662688516
020237HB.jpg,malignant,malignant,0.6914470980972348
015840HB.jpg,malignant,malignant,0.7331311597839645
011001HB.jpg,benign,benign,0.9575912013722139
015832HB.jpg,malignant,malignant,0.8074647979488183
001618HB.jpg,malignant,malignant,0.8435536358792892
015472VB.jpg,malignant,malignant,0.9556721264355171
019956HB.jpg,malignant,malignant,0.9488625664849415
015831HB.jpg,malignant,malignant,0.5666260530936484
026800VB.jpg,benign,benign,0.8303931828806557
043940VB.jpg,benign,malignant,0.6719988669764118
019221HB.jpg,malignant,malignant,0.5721905370616639
002833HB.jpg,malignant,malignant,0.950219832451133
029069HB.jpg,benign,malignant,0.34880676914708675
003510VB.jpg,malignant,malignant,0.43524967776610507
043395HB.jpg,benign,benign,0.7399932766448061
002829HB.jpg,malignant,malignant,0.5443049255811055
031856HB.jpg,benign,malignant,0.6792055744294846
024681HB.jpg,benign,malignant,0.6752897306491807
010069HB.jpg,benign,malignant,0.4352354535972099
000607HB.jpg,malignant,malignant,0.6371167148168856
040273HB.jpg,benign,benign,0.7323385594717611
015670HB.jpg,malignant,malignant,0.8985720808726576
039117HB.jpg,benign,malignant,0.45633463868222013
033598HB.jpg,benign,malignant,0.5659244910840749
038408HB.jpg,benign,benign,0.7638523558630264
006045VB.jpg,malignant,malignant,0.9747879700887363
009989HB.jpg,benign,malignant,0.5776682976658525
041818HB.jpg,benign,benign,0.9196674900459441
012170HB.jpg,benign,benign,0.8650645515921398
024166HB.jpg,benign,benign,0.9108213084277043
020185HB.jpg,malignant,malignant,0.8943272514141762
029060VB.jpg,benign,benign,0.826857687152446
020151HB.jpg,malignant,malignant,0.8744068351382187
037093HB.jpg,benign,benign,0.8786770127660535
028698VB.jpg,benign,malignant,0.6645526956393029
020009VB.jpg,malignant,malignant,0.37682053222259737
024991HB.jpg,benign,malignant,0.3813877399245361
