img_id,true_label,pred_label,prob
ISIC_0034524.jpg,benign,benign,0.9676278158646388
ISIC_0034525.jpg,benign,benign,0.9424123984130021
ISIC_0034527.jpg,benign,benign,0.5232453246267561
ISIC_0034528.jpg,benign,benign,0.8047007800378464
ISIC_0034529.jpg,malignant,malignant,0.8562497334409165
ISIC_0034530.jpg,benign,benign,0.9831191069687599
ISIC_0034532.jpg,benign,benign,0.8993959376452879
ISIC_0034533.jpg,benign,benign,0.9744159175704864
ISIC_0034534.jpg,benign,benign,0.9984115797768114
ISIC_0034537.jpg,benign,benign,0.7442246826205382
ISIC_0034540.jpg,benign,benign,0.9776232639820197
ISIC_0034541.jpg,benign,benign,0.890427957863015
ISIC_0034543.jpg,benign,benign,0.971678506616733
ISIC_0034544.jpg,benign,benign,0.9676939111318378
ISIC_0034548.jpg,malignant,malignant,0.9514979191133733
ISIC_0034551.jpg,benign,benign,0.9740166232473401
ISIC_0034552.jpg,benign,benign,0.6320692797847307
ISIC_0034553.jpg,benign,benign,0.965410931860512
ISIC_0034556.jpg,benign,benign,0.9695513260422634
ISIC_0034557.jpg,benign,benign,0.9287023332053597
ISIC_0034558.jpg,benign,benign,0.8195547678072548
ISIC_0034559.jpg,benign,benign,0.9859242728135377
ISIC_0034560.jpg,benign,benign,0.9621501840331411
ISIC_0034562.jpg,benign,benign,0.9825090851868048
ISIC_0034563.jpg,benign,benign,0.9928294779550763
ISIC_0034564.jpg,benign,benign,0.9614129198214116
ISIC_0034566.jpg,benign,benign,0.9918650871416549
ISIC_0034567.jpg,benign,benign,0.9355211764884025
ISIC_0034568.jpg,benign,benign,0.9747688550026933
ISIC_0034569.jpg,benign,benign,0.9478954784745648
ISIC_0034572.jpg,malignant,malignant,0.897736465360504
ISIC_0034573.jpg,malignant,malignant,0.8785786768112993
ISIC_0034576.jpg,benign,benign,0.9751717743276432
ISIC_0034577.jpg,benign,benign,0.908920458373084
ISIC_0034580.jpg,benign,benign,0.9508752648960739
ISIC_0034581.jpg,benign,benign,0.9342286236370705
ISIC_0034582.jpg,benign,benign,0.9694364945479518
ISIC_0034583.jpg,benign,benign,0.8925436223179383
ISIC_0034584.jpg,malignant,benign,0.918744636542242
ISIC_0034586.jpg,benign,benign,0.8868205454785559
ISIC_0034587.jpg,benign,benign,0.9860111359595085
ISIC_0034589.jpg,benign,benign,0.9806597292913584
ISIC_0034590.jpg,benign,benign,0.8847600509992937
ISIC_0034592.jpg,benign,benign,0.9587357820544467
ISIC_0034593.jpg,benign,benign,0.9074028084499499
ISIC_0034594.jpg,benign,benign,0.98364601882879
ISIC_0034595.jpg,malignant,malignant,0.8827110365615946
ISIC_0034599.jpg,benign,benign,0.7916291247504909
ISIC_0034600.jpg,benign,benign,0.978542765450643
ISIC_0034601.jpg,benign,benign,0.9908618056066892
ISIC_0034602.jpg,benign,benign,0.9861800432342122
ISIC_0034603.jpg,benign,benign,0.9689814190171224
ISIC_0034604.jpg,benign,benign,0.971141531405582
ISIC_0034605.jpg,malignant,malignant,0.5217524367287625
ISIC_0034607.jpg,benign,benign,0.9975950037608851
ISIC_0034609.jpg,benign,benign,0.9792549314410519
ISIC_0034610.jpg,benign,benign,0.9540976522015829
ISIC_0034611.jpg,benign,benign,0.990547346769702
ISIC_0034613.jpg,benign,benign,0.8550107653389024
ISIC_0034616.jpg,benign,benign,0.9956645689644968
ISIC_0034617.jpg,benign,malignant,0.7099322620841768
ISIC_0034619.jpg,benign,benign,0.9904038560546528
ISIC_0034620.jpg,benign,benign,0.9860535439150082
ISIC_0034621.jpg,benign,benign,0.9364698540228574
ISIC_0034623.jpg,benign,benign,0.968996104772891
ISIC_0034624.jpg,benign,benign,0.9879887144414501
ISIC_0034625.jpg,benign,benign,0.9814759702733306
ISIC_0034626.jpg,benign,benign,0.9741771056027863
ISIC_0034627.jpg,benign,benign,0.7226492751181559
ISIC_0034628.jpg,malignant,malignant,0.9663117688340027
ISIC_0034629.jpg,benign,malignant,0.5254667180226474
ISIC_0034630.jpg,malignant,benign,0.7746026211280812
ISIC_0034632.jpg,benign,malignant,0.5718523546937025
ISIC_0034633.jpg,malignant,benign,0.6319530756961195
ISIC_0034634.jpg,benign,benign,0.9416204617345842
ISIC_0034635.jpg,benign,benign,0.5640563857963817
ISIC_0034636.jpg,benign,benign,0.9958404059695065
ISIC_0034637.jpg,benign,benign,0.909153240605907
ISIC_0034638.jpg,malignant,malignant,0.9220934659441476
ISIC_0034639.jpg,benign,benign,0.9756609388186113
ISIC_0034640.jpg,benign,benign,0.9789531028176047
ISIC_0034641.jpg,benign,benign,0.9935466307487315
ISIC_0034643.jpg,benign,benign,0.9848581043087052
ISIC_0034644.jpg,malignant,benign,0.9019045550091115
ISIC_0034645.jpg,benign,benign,0.8298029345139466
ISIC_0034648.jpg,benign,benign,0.9773204854886823
ISIC_0034649.jpg,benign,benign,0.9829582987909739
ISIC_0034650.jpg,malignant,malignant,0.9897175901479977
ISIC_0034653.jpg,benign,benign,0.9716658458527525
ISIC_0034654.jpg,benign,benign,0.9317202120985398
ISIC_0034655.jpg,malignant,malignant,0.8835516250358554
ISIC_0034657.jpg,malignant,malignant,0.5876087737528994
ISIC_0034658.jpg,benign,benign,0.9617506241484024
ISIC_0034659.jpg,benign,benign,0.9909570168752556
ISIC_0034660.jpg,benign,benign,0.8866517602437481
ISIC_0034661.jpg,benign,benign,0.8267505970289993
ISIC_0034662.jpg,benign,benign,0.9396537106573462
ISIC_0034664.jpg,benign,benign,0.9803125698861296
ISIC_0034665.jpg,benign,benign,0.9818251394243995
ISIC_0034667.jpg,benign,benign,0.9907344233408556
ISIC_0034668.jpg,benign,benign,0.9975423295932271
ISIC_0034670.jpg,benign,malignant,0.69088276304664
ISIC_0034671.jpg,benign,benign,0.9924853332022145
ISIC_0034672.jpg,benign,benign,0.9753978513298769
ISIC_0034674.jpg,benign,benign,0.738397898525809
ISIC_0034676.jpg,benign,benign,0.9764955106132105
ISIC_0034677.jpg,benign,benign,0.8428272498857095
ISIC_0034678.jpg,benign,benign,0.9849115285587222
ISIC_0034680.jpg,benign,benign,0.6880645570933716
ISIC_0034681.jpg,benign,benign,0.9895193335635354
ISIC_0034683.jpg,benign,benign,0.9967488359427165
ISIC_0034687.jpg,malignant,malignant,0.7056261181855772
ISIC_0034688.jpg,benign,benign,0.9463866254625695
ISIC_0034689.jpg,benign,benign,0.9509492955627259
ISIC_0034690.jpg,benign,benign,0.877336129988305
ISIC_0034696.jpg,benign,benign,0.9689130256467678
ISIC_0034697.jpg,benign,benign,0.930786427643241
ISIC_0034698.jpg,benign,benign,0.9904570027042899
ISIC_0034700.jpg,benign,benign,0.9922967848321576
ISIC_0034701.jpg,benign,benign,0.9732455767005943
ISIC_0034702.jpg,benign,benign,0.9957353561197305
ISIC_0034703.jpg,benign,benign,0.9461050219161093
ISIC_0034704.jpg,benign,benign,0.9840450768830933
ISIC_0034705.jpg,benign,benign,0.8227036357596501
ISIC_0034707.jpg,benign,benign,0.9506835500108023
ISIC_0034708.jpg,benign,benign,0.9727630220092451
ISIC_0034709.jpg,benign,benign,0.9877086774335118
ISIC_0034713.jpg,malignant,malignant,0.8903859967555668
ISIC_0034714.jpg,malignant,benign,0.6472196653958341
ISIC_0034715.jpg,benign,benign,0.9885457483926738
ISIC_0034716.jpg,benign,benign,0.9950307849470266
ISIC_0034717.jpg,benign,benign,0.8818083907914142
ISIC_0034718.jpg,benign,benign,0.9588581407226373
ISIC_0034721.jpg,benign,benign,0.9818209244440766
ISIC_0034722.jpg,benign,benign,0.9792805735009464
ISIC_0034725.jpg,benign,benign,0.7149731344689237
ISIC_0034726.jpg,benign,benign,0.9632433539000056
ISIC_0034727.jpg,benign,benign,0.9432342260199311
ISIC_0034728.jpg,benign,benign,0.9886059063196088
ISIC_0034729.jpg,benign,benign,0.9873946783274983
ISIC_0034730.jpg,benign,benign,0.8699962702031733
ISIC_0034731.jpg,benign,malignant,0.8681913467304284
ISIC_0034732.jpg,benign,benign,0.896400503528117
ISIC_0034735.jpg,benign,benign,0.9964895849175255
ISIC_0034736.jpg,benign,benign,0.9552890979874186
ISIC_0034737.jpg,malignant,malignant,0.9919268515414482
ISIC_0034738.jpg,benign,benign,0.9817375647461932
ISIC_0034740.jpg,benign,benign,0.9828048657122523
ISIC_0034741.jpg,benign,benign,0.922099980232835
ISIC_0034742.jpg,benign,benign,0.9701083478665223
ISIC_0034743.jpg,benign,benign,0.9205653077675782
ISIC_0034744.jpg,benign,benign,0.9726592984393811
ISIC_0034745.jpg,benign,benign,0.8893556258007143
ISIC_0034747.jpg,benign,benign,0.9102702321649112
ISIC_0034749.jpg,benign,benign,0.878019565820814
ISIC_0034752.jpg,benign,benign,0.9532271635792666
ISIC_0034754.jpg,benign,benign,0.9634178357410033
ISIC_0034756.jpg,benign,benign,0.9661110461426757
ISIC_0034757.jpg,benign,benign,0.8901151610322331
ISIC_0034761.jpg,benign,benign,0.9756368318186383
ISIC_0034762.jpg,benign,benign,0.9743688690279836
ISIC_0034763.jpg,benign,benign,0.9887500405420855
ISIC_0034764.jpg,malignant,malignant,0.688659553906424
ISIC_0034765.jpg,benign,malignant,0.7510575396514371
ISIC_0034767.jpg,benign,benign,0.9329123478752709
ISIC_0034768.jpg,benign,benign,0.9849486974741014
ISIC_0034769.jpg,benign,benign,0.9176455434538098
ISIC_0034771.jpg,malignant,malignant,0.9347575925963078
ISIC_0034772.jpg,benign,benign,0.9793515319141763
ISIC_0034773.jpg,benign,benign,0.8938280871164324
ISIC_0034774.jpg,benign,benign,0.9744929530438105
ISIC_0034776.jpg,benign,benign,0.9749734777616488
ISIC_0034777.jpg,benign,benign,0.988063803572069
ISIC_0034778.jpg,benign,benign,0.5388233246913491
ISIC_0034779.jpg,benign,benign,0.9395540738718168
ISIC_0034780.jpg,benign,benign,0.9887594925924124
ISIC_0034781.jpg,benign,benign,0.919878881196141
ISIC_0034783.jpg,benign,benign,0.9858471200391331
ISIC_0034784.jpg,malignant,malignant,0.5
ISIC_0034786.jpg,benign,benign,0.9592498088055861
ISIC_0034787.jpg,benign,benign,0.9917247496040151
ISIC_0034788.jpg,benign,benign,0.9787248651324949
ISIC_0034789.jpg,benign,benign,0.6805611712350271
ISIC_0034790.jpg,benign,benign,0.9736112551916041
ISIC_0034791.jpg,benign,benign,0.6442709119294067
ISIC_0034792.jpg,benign,benign,0.9452659557221958
ISIC_0034793.jpg,benign,benign,0.5205542127101778
ISIC_0034795.jpg,benign,benign,0.9376488500100064
ISIC_0034797.jpg,benign,malignant,0.7155080033059277
ISIC_0034798.jpg,benign,benign,0.9934561662748214
ISIC_0034800.jpg,benign,benign,0.9323213849445288
ISIC_0034801.jpg,benign,benign,0.9733210353773841
ISIC_0034803.jpg,benign,benign,0.9032078072066033
ISIC_0034804.jpg,malignant,malignant,0.928254777095502
ISIC_0034806.jpg,benign,benign,0.8576444799022276
ISIC_0034807.jpg,benign,benign,0.9795672277553552
ISIC_0034808.jpg,benign,benign,0.9757118574711212
ISIC_0034809.jpg,benign,benign,0.9667642680517351
ISIC_0034810.jpg,benign,benign,0.9845564744989159
ISIC_0034811.jpg,benign,benign,0.9744139709387905
ISIC_0034813.jpg,benign,benign,0.6107301895016987
ISIC_0034815.jpg,benign,benign,0.7792055334958916
ISIC_0034816.jpg,benign,benign,0.8720721005110482
ISIC_0034817.jpg,malignant,benign,0.9144562491750059
ISIC_0034818.jpg,benign,benign,0.89289805189283
ISIC_0034819.jpg,malignant,malignant,0.974076185497173
ISIC_0034821.jpg,benign,benign,0.9589466467380272
ISIC_0034823.jpg,benign,benign,0.9773558969218271
ISIC_0034824.jpg,benign,benign,0.9915787682102045
ISIC_0034827.jpg,benign,benign,0.9960372804401958
ISIC_0034828.jpg,benign,benign,0.9864643444630171
ISIC_0034829.jpg,benign,benign,0.991002375171519
ISIC_0034830.jpg,benign,benign,0.9904036440168857
ISIC_0034831.jpg,benign,benign,0.9842011140255986
ISIC_0034832.jpg,benign,benign,0.6901298085398223
ISIC_0034834.jpg,benign,benign,0.955906476310461
ISIC_0034835.jpg,benign,benign,0.9918804886421129
ISIC_0034836.jpg,benign,malignant,0.8851828328370722
ISIC_0034837.jpg,benign,benign,0.9819780325771473
ISIC_0034838.jpg,benign,benign,0.5251636865317578
ISIC_0034839.jpg,benign,benign,0.9612855218847253
ISIC_0034841.jpg,benign,benign,0.7940063269413142
ISIC_0034843.jpg,benign,benign,0.8581367107359015
ISIC_0034844.jpg,benign,benign,0.9886917211437837
ISIC_0034845.jpg,benign,benign,0.9672074538873139
ISIC_0034846.jpg,benign,benign,0.8338521405502152
ISIC_0034847.jpg,benign,benign,0.9787038882362964
ISIC_0034848.jpg,benign,benign,0.9958770849022017
ISIC_0034851.jpg,benign,benign,0.9629425299376985
ISIC_0034852.jpg,benign,benign,0.9321600606199456
ISIC_0034853.jpg,benign,benign,0.9808255811402823
ISIC_0034854.jpg,benign,benign,0.9880715171307665
ISIC_0034855.jpg,benign,benign,0.9698158625127654
ISIC_0034856.jpg,benign,benign,0.5307265924077486
ISIC_0034857.jpg,benign,benign,0.9379953356951323
ISIC_0034859.jpg,malignant,malignant,0.748061660586521
ISIC_0034860.jpg,benign,benign,0.8754384852162302
ISIC_0034861.jpg,benign,benign,0.9552705349756727
ISIC_0034862.jpg,benign,benign,0.8498563330813549
ISIC_0034863.jpg,malignant,benign,0.6712793110123129
ISIC_0034864.jpg,benign,benign,0.8773897046449952
ISIC_0034865.jpg,benign,benign,0.9902243161356455
ISIC_0034866.jpg,benign,benign,0.9580936549631472
ISIC_0034867.jpg,benign,benign,0.9582500865406223
ISIC_0034868.jpg,benign,benign,0.9851064424531993
ISIC_0034869.jpg,benign,benign,0.9958139197161473
ISIC_0034871.jpg,malignant,benign,0.5327307231300374
ISIC_0034872.jpg,benign,benign,0.8719718122293154
ISIC_0034873.jpg,malignant,benign,0.8704739737298535
ISIC_0034874.jpg,malignant,malignant,0.9171866151326227
ISIC_0034875.jpg,malignant,malignant,0.949651814360449
ISIC_0034877.jpg,benign,benign,0.9697948767251987
ISIC_0034878.jpg,benign,benign,0.9975849194031257
ISIC_0034880.jpg,benign,benign,0.9862898327462518
ISIC_0034881.jpg,benign,benign,0.9631909860731218
ISIC_0034882.jpg,malignant,benign,0.64162232788959
ISIC_0034883.jpg,benign,benign,0.8654426513735405
ISIC_0034884.jpg,benign,benign,0.7326183155208491
ISIC_0034885.jpg,benign,benign,0.789733379805819
ISIC_0034886.jpg,benign,benign,0.9921345752327688
ISIC_0034889.jpg,benign,benign,0.9158717606128864
ISIC_0034890.jpg,benign,benign,0.9567695180018813
ISIC_0034892.jpg,benign,benign,0.941983469131656
ISIC_0034893.jpg,benign,benign,0.9319868751608108
ISIC_0034894.jpg,benign,benign,0.7911279846048632
ISIC_0034895.jpg,malignant,malignant,0.8240164654751102
ISIC_0034897.jpg,benign,benign,0.9720274551711499
ISIC_0034900.jpg,benign,benign,0.9093779611964451
ISIC_0034901.jpg,benign,benign,0.9156217918347899
ISIC_0034902.jpg,benign,benign,0.9924679401766353
ISIC_0034903.jpg,benign,benign,0.961765968744591
ISIC_0034904.jpg,malignant,benign,0.5590329819891315
ISIC_0034907.jpg,benign,benign,0.8182852738493074
ISIC_0034908.jpg,benign,benign,0.9845458147164198
ISIC_0034909.jpg,benign,benign,0.7726671054029312
ISIC_0034912.jpg,benign,benign,0.9114467114448188
ISIC_0034913.jpg,benign,benign,0.9928997139957091
ISIC_0034916.jpg,benign,benign,0.9513841700673024
ISIC_0034917.jpg,benign,benign,0.9701260626895588
ISIC_0034918.jpg,malignant,benign,0.7781588874263354
ISIC_0034919.jpg,benign,benign,0.9741612437684094
ISIC_0034920.jpg,benign,benign,0.8787551352035061
ISIC_0034921.jpg,benign,benign,0.5606722161382275
ISIC_0034922.jpg,benign,benign,0.9843060031591975
ISIC_0034923.jpg,benign,benign,0.9150517857549575
ISIC_0034924.jpg,benign,benign,0.9687786493988123
ISIC_0034925.jpg,benign,benign,0.9469565692053306
ISIC_0034926.jpg,malignant,malignant,0.99090416152019
ISIC_0034927.jpg,benign,malignant,0.5705429814645253
ISIC_0034928.jpg,benign,benign,0.9851230187299616
ISIC_0034932.jpg,benign,benign,0.9484505748979736
ISIC_0034933.jpg,benign,benign,0.9178783234986209
ISIC_0034934.jpg,malignant,malignant,0.80018088735322
ISIC_0034935.jpg,benign,benign,0.9312542889023979
ISIC_0034938.jpg,benign,benign,0.9685362263240094
ISIC_0034940.jpg,benign,benign,0.9836910301515024
ISIC_0034941.jpg,benign,benign,0.8903807509587323
ISIC_0034942.jpg,benign,benign,0.9788130334740067
ISIC_0034943.jpg,benign,benign,0.9739629695209646
ISIC_0034944.jpg,benign,malignant,0.5192241724668439
ISIC_0034945.jpg,benign,benign,0.9517587920353705
ISIC_0034947.jpg,benign,benign,0.9944912968893755
ISIC_0034949.jpg,malignant,malignant,0.996217409779314
ISIC_0034950.jpg,benign,benign,0.9754058519211763
ISIC_0034955.jpg,benign,benign,0.7381332444409123
ISIC_0034956.jpg,benign,benign,0.8089568535262754
ISIC_0034957.jpg,malignant,malignant,0.9430258030648037
ISIC_0034958.jpg,malignant,malignant,0.9838936291369155
ISIC_0034959.jpg,malignant,malignant,0.9505452664260317
ISIC_0034962.jpg,benign,benign,0.9928859356325972
ISIC_0034964.jpg,benign,benign,0.9600221570762724
ISIC_0034965.jpg,benign,benign,0.9894586635249697
ISIC_0034967.jpg,benign,malignant,0.5447315787941424
ISIC_0034968.jpg,benign,benign,0.9389992965018029
ISIC_0034971.jpg,malignant,malignant,0.8980464644328321
ISIC_0034973.jpg,benign,benign,0.9816744511188453
ISIC_0034974.jpg,benign,benign,0.966698935114137
ISIC_0034975.jpg,benign,benign,0.8590874648161556
ISIC_0034976.jpg,benign,benign,0.9293199508804114
ISIC_0034977.jpg,benign,benign,0.9235494965252752
ISIC_0034978.jpg,benign,benign,0.9464039979872135
ISIC_0034979.jpg,benign,benign,0.9792130121539753
ISIC_0034983.jpg,benign,benign,0.9886516293494607
ISIC_0034984.jpg,benign,benign,0.8964861478197274
ISIC_0034985.jpg,benign,benign,0.991119853547177
ISIC_0034986.jpg,benign,benign,0.9954895473972225
ISIC_0034988.jpg,malignant,malignant,0.8059934789338409
ISIC_0034989.jpg,benign,benign,0.952109234743798
ISIC_0034990.jpg,benign,benign,0.9768327613108425
ISIC_0034991.jpg,benign,benign,0.9900730438608129
ISIC_0034992.jpg,benign,benign,0.8925535237356188
ISIC_0034996.jpg,benign,benign,0.9560374797503414
ISIC_0034998.jpg,malignant,malignant,0.7604131410077289
ISIC_0035000.jpg,malignant,benign,0.5613737214279046
ISIC_0035002.jpg,benign,benign,0.9744845456357637
ISIC_0035003.jpg,benign,benign,0.9826716043451154
ISIC_0035005.jpg,benign,benign,0.8605872259095211
ISIC_0035006.jpg,benign,benign,0.8945533331920771
ISIC_0035007.jpg,benign,benign,0.751052235944259
ISIC_0035009.jpg,benign,benign,0.8993811631626977
ISIC_0035011.jpg,benign,benign,0.7662759017648865
ISIC_0035013.jpg,benign,benign,0.9942241866666022
ISIC_0035014.jpg,benign,benign,0.9838322982338256
ISIC_0035015.jpg,benign,benign,0.9927692610633359
ISIC_0035016.jpg,benign,benign,0.9354758792344304
ISIC_0035017.jpg,benign,benign,0.9870486795940505
ISIC_0035019.jpg,benign,malignant,0.5284002460420149
ISIC_0035020.jpg,benign,benign,0.9634026107819471
ISIC_0035021.jpg,malignant,malignant,0.5
ISIC_0035022.jpg,benign,benign,0.9809340757118691
ISIC_0035023.jpg,benign,malignant,0.9037348682703238
ISIC_0035024.jpg,benign,benign,0.9573335452594471
ISIC_0035025.jpg,benign,benign,0.9470756918473234
ISIC_0035027.jpg,benign,benign,0.9852814202230905
ISIC_0035030.jpg,benign,benign,0.9932812379084118
ISIC_0035031.jpg,benign,benign,0.9826632171962476
ISIC_0035034.jpg,benign,benign,0.9227356720507626
ISIC_0035036.jpg,benign,benign,0.966559833796647
ISIC_0035038.jpg,benign,benign,0.5996957436168446
ISIC_0035044.jpg,benign,benign,0.6258514419631188
ISIC_0035045.jpg,benign,benign,0.9850982103996611
ISIC_0035046.jpg,benign,benign,0.7545152289967592
ISIC_0035047.jpg,malignant,malignant,0.9767370505748653
ISIC_0035048.jpg,malignant,malignant,0.5159903031235507
ISIC_0035049.jpg,benign,benign,0.9758880772071501
ISIC_0035050.jpg,benign,benign,0.5948075438781611
ISIC_0035051.jpg,benign,benign,0.7824504391748704
ISIC_0035052.jpg,benign,benign,0.9512548937840873
ISIC_0035053.jpg,benign,benign,0.9984777379102839
ISIC_0035055.jpg,benign,benign,0.9898365542681942
ISIC_0035056.jpg,benign,benign,0.996524121737396
ISIC_0035058.jpg,benign,benign,0.9933381416996687
ISIC_0035059.jpg,benign,benign,0.7686234332565717
ISIC_0035060.jpg,benign,benign,0.9616853933633233
ISIC_0035061.jpg,benign,benign,0.6547492873513784
ISIC_0035062.jpg,benign,benign,0.9895650471544865
ISIC_0035063.jpg,benign,benign,0.9389527696718419
ISIC_0035065.jpg,benign,benign,0.9971598838957754
ISIC_0035066.jpg,benign,benign,0.9705510912932896
ISIC_0035067.jpg,benign,malignant,0.6086886488753066
ISIC_0035068.jpg,benign,benign,0.5448063046385271
ISIC_0035070.jpg,malignant,benign,0.8638383874300414
ISIC_0035071.jpg,benign,benign,0.969756151478297
ISIC_0035073.jpg,benign,benign,0.9751830988303056
ISIC_0035074.jpg,benign,benign,0.9871505882627455
ISIC_0035077.jpg,benign,benign,0.9763366487935359
ISIC_0035079.jpg,benign,benign,0.9297436940661563
ISIC_0035080.jpg,benign,benign,0.973630922734939
ISIC_0035081.jpg,malignant,malignant,0.9653033859598542
ISIC_0035082.jpg,benign,benign,0.9345828384260254
ISIC_0035083.jpg,benign,benign,0.9906196828053818
ISIC_0035084.jpg,benign,benign,0.9890561946335295
ISIC_0035085.jpg,benign,benign,0.9272848624216116
ISIC_0035086.jpg,benign,benign,0.9838197654175115
ISIC_0035087.jpg,benign,benign,0.9981326935856172
ISIC_0035088.jpg,benign,benign,0.9747223861381609
ISIC_0035089.jpg,malignant,malignant,0.7140988716301631
ISIC_0035090.jpg,malignant,benign,0.657845270152927
ISIC_0035091.jpg,benign,benign,0.809643449776499
ISIC_0035092.jpg,benign,benign,0.9123270876359006
ISIC_0035093.jpg,benign,benign,0.9095278364371763
ISIC_0035094.jpg,benign,benign,0.6964420414879509
ISIC_0035096.jpg,benign,benign,0.983022467916084
ISIC_0035097.jpg,benign,benign,0.8812796705403201
ISIC_0035098.jpg,benign,benign,0.9395321181548141
ISIC_0035099.jpg,malignant,malignant,0.969743729258087
ISIC_0035100.jpg,benign,benign,0.9104279477916025
ISIC_0035101.jpg,benign,benign,0.546739181750481
ISIC_0035102.jpg,benign,benign,0.9815649952790669
ISIC_0035103.jpg,benign,benign,0.9517917597848107
ISIC_0035105.jpg,benign,benign,0.8872181601353112
ISIC_0035107.jpg,benign,benign,0.9831053102651087
ISIC_0035108.jpg,benign,benign,0.9736173198318652
ISIC_0035111.jpg,benign,benign,0.9913329851101392
ISIC_0035113.jpg,benign,benign,0.9906646349846713
ISIC_0035114.jpg,benign,benign,0.9949731259925647
ISIC_0035116.jpg,benign,benign,0.9317379081959469
ISIC_0035118.jpg,benign,benign,0.9742992785601223
ISIC_0035121.jpg,benign,benign,0.9529978727295026
ISIC_0035122.jpg,benign,benign,0.9007315358594005
ISIC_0035123.jpg,benign,benign,0.9109302412196018
ISIC_0035124.jpg,malignant,benign,0.7531172980327601
ISIC_0035126.jpg,benign,benign,0.7953835459836827
ISIC_0035129.jpg,benign,benign,0.7350585084513032
ISIC_0035130.jpg,malignant,malignant,0.5180266341592611
ISIC_0035132.jpg,benign,benign,0.8537194703646784
ISIC_0035133.jpg,benign,benign,0.9838859201599146
ISIC_0035134.jpg,benign,benign,0.9809527765435663
ISIC_0035135.jpg,benign,benign,0.9855420770965427
ISIC_0035137.jpg,benign,benign,0.9120569346730117
ISIC_0035138.jpg,benign,benign,0.9713126492473645
ISIC_0035139.jpg,malignant,benign,0.8365795947188335
ISIC_0035140.jpg,benign,benign,0.9237068269387657
ISIC_0035143.jpg,benign,benign,0.9856670893710744
ISIC_0035144.jpg,benign,benign,0.9462368592407575
ISIC_0035145.jpg,benign,benign,0.9958644263386304
ISIC_0035146.jpg,benign,benign,0.9416255970870437
ISIC_0035148.jpg,benign,benign,0.9381955365955363
ISIC_0035150.jpg,benign,malignant,0.7450216275201381
ISIC_0035152.jpg,benign,benign,0.7622450622581045
ISIC_0035153.jpg,benign,benign,0.9797738974873949
ISIC_0035156.jpg,benign,benign,0.9509914538191495
ISIC_0035157.jpg,benign,benign,0.9811860073476593
ISIC_0035158.jpg,benign,benign,0.9649304776130414
ISIC_0035160.jpg,benign,benign,0.9981223655816409
ISIC_0035161.jpg,benign,benign,0.9648139447807772
ISIC_0035162.jpg,benign,benign,0.8650574918825392
ISIC_0035164.jpg,benign,benign,0.8843743091055145
ISIC_0035165.jpg,benign,benign,0.9831727593740074
ISIC_0035166.jpg,benign,benign,0.9770052675016994
ISIC_0035167.jpg,benign,benign,0.9910205082257608
ISIC_0035169.jpg,benign,benign,0.9865897764873616
ISIC_0035170.jpg,benign,benign,0.9080952230618486
ISIC_0035172.jpg,benign,benign,0.9642916342274659
ISIC_0035173.jpg,benign,benign,0.9987882407342841
ISIC_0035175.jpg,benign,benign,0.9946800246408095
ISIC_0035176.jpg,benign,benign,0.9436365914476659
ISIC_0035177.jpg,malignant,malignant,0.8462281291756543
ISIC_0035178.jpg,benign,benign,0.6284492746701928
ISIC_0035181.jpg,benign,benign,0.9709885543742172
ISIC_0035182.jpg,benign,benign,0.9762727455483524
ISIC_0035184.jpg,benign,benign,0.9626823065022498
ISIC_0035186.jpg,benign,benign,0.9287188732120261
ISIC_0035187.jpg,benign,benign,0.9435767463952743
ISIC_0035188.jpg,benign,benign,0.9916512194497008
ISIC_0035189.jpg,benign,benign,0.84705770583056
ISIC_0035191.jpg,benign,benign,0.9929576280304473
ISIC_0035192.jpg,benign,benign,0.9969630006223378
ISIC_0035193.jpg,benign,benign,0.9771700570519408
ISIC_0035195.jpg,benign,benign,0.9824432908807605
ISIC_0035196.jpg,malignant,malignant,0.9613843245782536
ISIC_0035197.jpg,benign,benign,0.8797983943816748
ISIC_0035198.jpg,benign,benign,0.9922546052347991
ISIC_0035199.jpg,benign,malignant,0.7100526197354438
ISIC_0035200.jpg,benign,malignant,0.7796869477747019
ISIC_0035201.jpg,benign,benign,0.9946106120321483
ISIC_0035204.jpg,benign,benign,0.939169644665335
ISIC_0035205.jpg,benign,benign,0.9775576196214909
ISIC_0035207.jpg,malignant,malignant,0.7723634401003532
ISIC_0035208.jpg,benign,benign,0.9222198505808565
ISIC_0035209.jpg,benign,benign,0.9965628482114951
ISIC_0035211.jpg,benign,benign,0.9946620303899092
ISIC_0035213.jpg,benign,benign,0.9462734662180434
ISIC_0035214.jpg,benign,benign,0.9678827885812485
ISIC_0035215.jpg,benign,benign,0.9988384400984466
ISIC_0035216.jpg,malignant,malignant,0.9618931495618915
ISIC_0035217.jpg,benign,benign,0.9105295980781235
ISIC_0035219.jpg,benign,benign,0.9490136449098178
ISIC_0035220.jpg,benign,benign,0.9363519037532498
ISIC_0035221.jpg,benign,benign,0.9812805984303684
ISIC_0035222.jpg,benign,benign,0.6623139493836819
ISIC_0035223.jpg,benign,benign,0.8371918528581174
ISIC_0035224.jpg,malignant,malignant,0.5530007604501086
ISIC_0035225.jpg,benign,benign,0.9321553911858445
ISIC_0035227.jpg,benign,benign,0.8964849194758013
ISIC_0035228.jpg,benign,benign,0.9742483668570342
ISIC_0035229.jpg,malignant,malignant,0.7655467903945753
ISIC_0035230.jpg,benign,benign,0.9645793708067412
ISIC_0035231.jpg,benign,benign,0.9938388693791275
ISIC_0035232.jpg,malignant,malignant,0.9493057709393348
ISIC_0035233.jpg,benign,benign,0.9456603231006467
ISIC_0035234.jpg,benign,benign,0.990743159312726
ISIC_0035235.jpg,benign,benign,0.9880687998812522
ISIC_0035236.jpg,benign,benign,0.9125252852939018
ISIC_0035237.jpg,benign,benign,0.9498791926287332
ISIC_0035238.jpg,benign,benign,0.9855360707735186
ISIC_0035240.jpg,malignant,malignant,0.9318599510606599
ISIC_0035241.jpg,benign,benign,0.7790801787681878
ISIC_0035242.jpg,benign,benign,0.9711120721436357
ISIC_0035244.jpg,benign,benign,0.9465369074883558
ISIC_0035245.jpg,benign,malignant,0.6747730139886301
ISIC_0035246.jpg,benign,malignant,0.6860619819222382
ISIC_0035248.jpg,malignant,malignant,0.6199687731975664
ISIC_0035250.jpg,benign,benign,0.9754027068865297
ISIC_0035253.jpg,benign,benign,0.9389713560725556
ISIC_0035255.jpg,benign,benign,0.9562312784001827
ISIC_0035256.jpg,benign,benign,0.9919156575536284
ISIC_0035257.jpg,benign,benign,0.9343828554601119
ISIC_0035260.jpg,benign,benign,0.9279064601771972
ISIC_0035263.jpg,malignant,malignant,0.5
ISIC_0035265.jpg,benign,benign,0.5516824499007548
ISIC_0035266.jpg,benign,benign,0.9729355440293982
ISIC_0035267.jpg,benign,benign,0.7890231090266384
ISIC_0035268.jpg,benign,benign,0.986539922571279
ISIC_0035271.jpg,malignant,malignant,0.6458361518686445
ISIC_0035272.jpg,benign,benign,0.9586332038711971
ISIC_0035273.jpg,benign,benign,0.9946168704028256
ISIC_0035274.jpg,benign,benign,0.9720595540095069
ISIC_0035275.jpg,benign,benign,0.9164620006905423
ISIC_0035278.jpg,benign,benign,0.9781957373722809
ISIC_0035280.jpg,malignant,malignant,0.630738633534663
ISIC_0035281.jpg,benign,benign,0.9788307207548723
ISIC_0035282.jpg,benign,benign,0.9811566385992735
ISIC_0035283.jpg,benign,benign,0.9641598689964437
ISIC_0035285.jpg,benign,benign,0.9537230636678665
ISIC_0035286.jpg,benign,benign,0.958991124808581
ISIC_0035288.jpg,benign,benign,0.9829544083967943
ISIC_0035289.jpg,benign,benign,0.9538222054734485
ISIC_0035290.jpg,benign,malignant,0.8640447283490837
ISIC_0035292.jpg,benign,benign,0.9518289838972772
ISIC_0035294.jpg,benign,benign,0.9654146777047907
ISIC_0035295.jpg,benign,benign,0.8305870634978254
ISIC_0035296.jpg,benign,benign,0.8714211444264786
ISIC_0035297.jpg,benign,benign,0.9593671178174991
ISIC_0035298.jpg,benign,benign,0.9950922328395593
ISIC_0035299.jpg,benign,benign,0.9145404459442658
ISIC_0035300.jpg,benign,benign,0.9788689003043543
ISIC_0035301.jpg,benign,benign,0.6950273653709935
ISIC_0035302.jpg,benign,benign,0.9307798817986918
ISIC_0035303.jpg,benign,benign,0.9156013821850502
ISIC_0035304.jpg,benign,benign,0.9664804603169502
ISIC_0035306.jpg,malignant,malignant,0.6204856740806736
ISIC_0035307.jpg,benign,benign,0.9277708943762305
ISIC_0035309.jpg,benign,benign,0.9868557617633761
ISIC_0035311.jpg,benign,benign,0.9806583470934109
ISIC_0035312.jpg,benign,benign,0.9877058359189238
ISIC_0035313.jpg,malignant,malignant,0.9560330874419484
ISIC_0035314.jpg,benign,benign,0.9782747225806011
ISIC_0035315.jpg,benign,benign,0.9424635641007103
ISIC_0035319.jpg,benign,benign,0.7874887356098929
ISIC_0035320.jpg,benign,benign,0.9368248081349575
ISIC_0035323.jpg,benign,benign,0.985523511897732
ISIC_0035324.jpg,benign,malignant,0.5358496070853951
ISIC_0035325.jpg,benign,benign,0.9219630210117479
ISIC_0035326.jpg,malignant,malignant,0.7352964221578651
ISIC_0035327.jpg,benign,malignant,0.5704859307440925
ISIC_0035328.jpg,benign,benign,0.990788540443265
ISIC_0035329.jpg,benign,benign,0.9554625051018196
ISIC_0035333.jpg,benign,benign,0.9904295209830005
ISIC_0035335.jpg,benign,benign,0.9811767315100266
ISIC_0035336.jpg,benign,benign,0.7627477505598301
ISIC_0035337.jpg,benign,benign,0.9677412136891015
ISIC_0035339.jpg,benign,benign,0.9831732649490924
ISIC_0035341.jpg,benign,benign,0.9853204827808765
ISIC_0035342.jpg,benign,benign,0.9931801612532463
ISIC_0035343.jpg,benign,benign,0.8364219622329505
ISIC_0035344.jpg,benign,benign,0.9772025542476221
ISIC_0035345.jpg,malignant,malignant,0.8625554010041111
ISIC_0035346.jpg,benign,malignant,0.9541753833456411
ISIC_0035347.jpg,benign,benign,0.9731501730927239
ISIC_0035349.jpg,benign,benign,0.9508994526016441
ISIC_0035350.jpg,benign,benign,0.9510567866187609
ISIC_0035351.jpg,malignant,malignant,0.9338883578895029
ISIC_0035352.jpg,benign,benign,0.9801481578620941
ISIC_0035353.jpg,benign,benign,0.9747997788974162
ISIC_0035354.jpg,benign,benign,0.9853993451716426
ISIC_0035356.jpg,benign,benign,0.8267768524285207
ISIC_0035358.jpg,benign,benign,0.9865132194780235
ISIC_0035359.jpg,benign,benign,0.9792829654856562
ISIC_0035361.jpg,benign,benign,0.9823016146789781
ISIC_0035362.jpg,malignant,malignant,0.8869650324261509
ISIC_0035363.jpg,benign,benign,0.9912444484861855
ISIC_0035365.jpg,benign,benign,0.989828542399439
ISIC_0035366.jpg,malignant,malignant,0.7382648502179517
ISIC_0035367.jpg,benign,benign,0.9855425646238081
ISIC_0035369.jpg,benign,benign,0.9598455431670897
ISIC_0035370.jpg,benign,benign,0.550118676193871
ISIC_0035373.jpg,benign,benign,0.9425396289147859
ISIC_0035375.jpg,benign,benign,0.956237704995056
ISIC_0035377.jpg,benign,benign,0.9730944369766557
ISIC_0035378.jpg,benign,benign,0.8989583180914229
ISIC_0035379.jpg,benign,benign,0.9601279104190988
ISIC_0035380.jpg,benign,benign,0.8933472072796602
ISIC_0035381.jpg,benign,benign,0.8903618825080429
ISIC_0035382.jpg,benign,benign,0.9736899467189299
ISIC_0035383.jpg,benign,benign,0.9591148696757785
ISIC_0035384.jpg,benign,benign,0.984110222972692
ISIC_0035385.jpg,benign,benign,0.9162773516035514
ISIC_0035386.jpg,benign,benign,0.9723232974797738
ISIC_0035387.jpg,benign,benign,0.9915769099654629
ISIC_0035390.jpg,benign,benign,0.979402376273815
ISIC_0035392.jpg,benign,malignant,0.5404110491315192
ISIC_0035393.jpg,malignant,malignant,0.8851838276548226
ISIC_0035394.jpg,benign,malignant,0.8442367965426751
ISIC_0035395.jpg,benign,benign,0.9183839859856663
ISIC_0035396.jpg,benign,benign,0.965566462428388
ISIC_0035397.jpg,malignant,malignant,0.6760893297255771
ISIC_0035398.jpg,benign,malignant,0.6928073541085177
ISIC_0035399.jpg,benign,benign,0.9265941279456146
ISIC_0035400.jpg,benign,benign,0.9849521850436282
ISIC_0035401.jpg,benign,benign,0.9959452541294153
ISIC_0035402.jpg,benign,benign,0.9670543718634995
ISIC_0035404.jpg,benign,benign,0.9907222533983305
ISIC_0035405.jpg,benign,benign,0.9494496110694837
ISIC_0035406.jpg,malignant,benign,0.8159421851086704
ISIC_0035407.jpg,benign,benign,0.961284726082895
ISIC_0035408.jpg,benign,benign,0.8533307186244884
ISIC_0035409.jpg,benign,benign,0.7475233972309258
ISIC_0035410.jpg,benign,benign,0.8763983568581928
ISIC_0035411.jpg,benign,benign,0.968050783777676
ISIC_0035412.jpg,benign,benign,0.9384236907392338
ISIC_0035413.jpg,benign,benign,0.9192393324998314
ISIC_0035414.jpg,malignant,malignant,0.8474094081086708
ISIC_0035417.jpg,benign,benign,0.9257571119313173
ISIC_0035418.jpg,benign,benign,0.9026883790991227
ISIC_0035419.jpg,benign,benign,0.9034734458892665
ISIC_0035420.jpg,malignant,malignant,0.5429875950491417
ISIC_0035422.jpg,benign,benign,0.9752522337827345
ISIC_0035423.jpg,benign,malignant,0.6825379789441297
ISIC_0035425.jpg,benign,malignant,0.7280784448829846
ISIC_0035427.jpg,benign,benign,0.9548362143762151
ISIC_0035428.jpg,benign,benign,0.9949957963469065
ISIC_0035429.jpg,benign,benign,0.9137409750435896
ISIC_0035430.jpg,malignant,malignant,0.9855139052710106
ISIC_0035431.jpg,benign,benign,0.8906796289608538
ISIC_0035433.jpg,benign,malignant,0.79420267374654
ISIC_0035434.jpg,malignant,malignant,0.5912399345956202
ISIC_0035435.jpg,benign,benign,0.9949866379755915
ISIC_0035437.jpg,benign,benign,0.988168217992472
ISIC_0035438.jpg,benign,benign,0.9881938143684674
ISIC_0035441.jpg,benign,benign,0.9588798514152935
ISIC_0035442.jpg,benign,benign,0.8330745618282861
ISIC_0035444.jpg,benign,benign,0.9820545043351936
ISIC_0035445.jpg,benign,benign,0.8470343897635212
ISIC_0035447.jpg,benign,benign,0.981432544010706
ISIC_0035448.jpg,benign,benign,0.8756075181202803
ISIC_0035449.jpg,benign,benign,0.8004926221847144
ISIC_0035452.jpg,benign,benign,0.9666978127153892
ISIC_0035453.jpg,benign,benign,0.9983384112295787
ISIC_0035455.jpg,benign,benign,0.9435225831993639
ISIC_0035456.jpg,benign,benign,0.8774283566249126
ISIC_0035457.jpg,benign,benign,0.772163687076233
ISIC_0035458.jpg,benign,malignant,0.6676080654595469
ISIC_0035459.jpg,malignant,benign,0.5852334676478653
ISIC_0035460.jpg,malignant,malignant,0.7588395964285104
ISIC_0035461.jpg,benign,benign,0.8452781934587782
ISIC_0035462.jpg,malignant,benign,0.5587891962957356
ISIC_0035465.jpg,benign,malignant,0.8144507147611213
ISIC_0035467.jpg,benign,benign,0.9818084807349075
ISIC_0035469.jpg,benign,benign,0.8335026810793134
ISIC_0035470.jpg,benign,benign,0.9313598218854925
ISIC_0035473.jpg,benign,benign,0.9672783299020131
ISIC_0035474.jpg,benign,benign,0.7841846332906175
ISIC_0035476.jpg,benign,benign,0.9898651088098755
ISIC_0035477.jpg,benign,benign,0.9782366513042257
ISIC_0035478.jpg,malignant,malignant,0.9304692808283247
ISIC_0035479.jpg,benign,benign,0.9319798213907129
ISIC_0035480.jpg,benign,benign,0.9864927368946608
ISIC_0035481.jpg,benign,benign,0.9499822900956267
ISIC_0035482.jpg,benign,benign,0.9782965986977556
ISIC_0035483.jpg,benign,benign,0.7702904290832573
ISIC_0035484.jpg,benign,benign,0.8353111422467964
ISIC_0035485.jpg,benign,benign,0.9688620468623432
ISIC_0035486.jpg,malignant,malignant,0.9825910821756139
ISIC_0035488.jpg,benign,benign,0.9480494540237606
ISIC_0035489.jpg,benign,benign,0.9054349945543644
ISIC_0035491.jpg,benign,benign,0.7922548430251529
ISIC_0035492.jpg,benign,benign,0.9469584902372594
ISIC_0035493.jpg,benign,benign,0.8723161797315363
ISIC_0035494.jpg,benign,malignant,0.6958659315908791
ISIC_0035495.jpg,benign,benign,0.8741315423889634
ISIC_0035496.jpg,benign,benign,0.9828482526908809
ISIC_0035497.jpg,benign,benign,0.9894931552622985
ISIC_0035498.jpg,benign,benign,0.9444805827684466
ISIC_0035499.jpg,benign,benign,0.9620500702730402
ISIC_0035500.jpg,benign,benign,0.9772933624284701
ISIC_0035501.jpg,benign,benign,0.9896001642477562
ISIC_0035503.jpg,benign,benign,0.9341041187889647
ISIC_0035505.jpg,malignant,malignant,0.9948127128727088
ISIC_0035506.jpg,benign,benign,0.9716369439018594
ISIC_0035507.jpg,benign,benign,0.9890690692645093
ISIC_0035508.jpg,benign,benign,0.9925736415841928
ISIC_0035509.jpg,benign,benign,0.6831499581036499
ISIC_0035510.jpg,malignant,malignant,0.7249053119382747
ISIC_0035512.jpg,benign,benign,0.9951441602191389
ISIC_0035513.jpg,benign,benign,0.9939179313990029
ISIC_0035515.jpg,benign,benign,0.8226932352920863
ISIC_0035516.jpg,benign,benign,0.8319067969198858
ISIC_0035518.jpg,benign,benign,0.9656233312296739
ISIC_0035519.jpg,benign,benign,0.9603351886456903
ISIC_0035520.jpg,benign,benign,0.7872222893571169
ISIC_0035521.jpg,benign,benign,0.942865508297433
ISIC_0035522.jpg,malignant,malignant,0.9139549541406896
ISIC_0035523.jpg,benign,benign,0.9782303290111748
ISIC_0035524.jpg,benign,benign,0.9957756947081288
ISIC_0035525.jpg,malignant,benign,0.7563737516448368
ISIC_0035526.jpg,benign,benign,0.9299751646143095
ISIC_0035527.jpg,benign,benign,0.8283275768641755
ISIC_0035528.jpg,benign,benign,0.7336710550193918
ISIC_0035529.jpg,benign,benign,0.9866423201346339
ISIC_0035530.jpg,benign,benign,0.9925046914722437
ISIC_0035531.jpg,benign,benign,0.9833715822341564
ISIC_0035532.jpg,benign,benign,0.9314424148819731
ISIC_0035534.jpg,benign,benign,0.9925914220322004
ISIC_0035535.jpg,benign,benign,0.9293944719385345
ISIC_0035536.jpg,benign,benign,0.9477622327310885
ISIC_0035537.jpg,benign,benign,0.9987066574573504
ISIC_0035539.jpg,benign,benign,0.9199209820905488
ISIC_0035540.jpg,benign,benign,0.9927529053019603
ISIC_0035541.jpg,benign,benign,0.9734521534067037
ISIC_0035542.jpg,benign,benign,0.9651946023554497
ISIC_0035543.jpg,benign,benign,0.861038264842407
ISIC_0035544.jpg,benign,benign,0.9680101475750329
ISIC_0035545.jpg,benign,benign,0.8471352477287998
ISIC_0035546.jpg,benign,benign,0.9820936877324735
ISIC_0035548.jpg,benign,benign,0.960152884868895
ISIC_0035550.jpg,malignant,malignant,0.7264688057504989
ISIC_0035551.jpg,benign,benign,0.9775525608973095
ISIC_0035554.jpg,benign,benign,0.944910051299599
ISIC_0035555.jpg,benign,benign,0.9471426276475559
ISIC_0035557.jpg,benign,benign,0.9913462053707445
ISIC_0035558.jpg,malignant,malignant,0.5894855239697917
ISIC_0035559.jpg,benign,benign,0.9719705987638056
ISIC_0035560.jpg,benign,benign,0.9859597742135008
ISIC_0035561.jpg,malignant,malignant,0.7213872400738016
ISIC_0035562.jpg,malignant,malignant,0.913824458796712
ISIC_0035563.jpg,benign,benign,0.9863591782694632
ISIC_0035565.jpg,benign,benign,0.9521111791837684
ISIC_0035566.jpg,benign,benign,0.9624026746932416
ISIC_0035567.jpg,benign,benign,0.996196962414325
ISIC_0035568.jpg,benign,benign,0.9938311419302297
ISIC_0035569.jpg,benign,benign,0.9779671611501936
ISIC_0035571.jpg,benign,benign,0.8393515264906597
ISIC_0035572.jpg,benign,benign,0.9974141918639055
ISIC_0035573.jpg,benign,benign,0.8791953742313888
ISIC_0035574.jpg,benign,benign,0.933385910741739
ISIC_0035575.jpg,benign,benign,0.9792442896617841
ISIC_0035576.jpg,benign,benign,0.978859513357512
ISIC_0035577.jpg,benign,benign,0.9658025490869736
ISIC_0035578.jpg,benign,benign,0.9722873385548817
ISIC_0035579.jpg,benign,benign,0.662412113570801
ISIC_0035580.jpg,benign,benign,0.9945757508997025
ISIC_0035581.jpg,benign,benign,0.9554650972243315
ISIC_0035582.jpg,benign,malignant,0.5204329949424138
ISIC_0035583.jpg,benign,benign,0.8422834778775283
ISIC_0035587.jpg,benign,benign,0.9901460230158361
ISIC_0035591.jpg,benign,benign,0.9886673737390569
ISIC_0035592.jpg,benign,benign,0.940330292868693
ISIC_0035596.jpg,benign,benign,0.9908554241498181
ISIC_0035597.jpg,benign,benign,0.7408803307641197
ISIC_0035598.jpg,benign,benign,0.996676476903071
ISIC_0035600.jpg,benign,benign,0.932353674491594
ISIC_0035601.jpg,benign,benign,0.9375696289216379
ISIC_0035602.jpg,malignant,benign,0.6467738086224882
ISIC_0035604.jpg,benign,benign,0.9929668969759156
ISIC_0035605.jpg,malignant,benign,0.8394177964306156
ISIC_0035606.jpg,malignant,benign,0.530932272317935
ISIC_0035609.jpg,benign,benign,0.93333853280947
ISIC_0035610.jpg,malignant,malignant,0.5867258760480933
ISIC_0035611.jpg,benign,benign,0.9889120898506873
ISIC_0035614.jpg,benign,benign,0.9503119016785367
ISIC_0035615.jpg,benign,benign,0.898028025978727
ISIC_0035616.jpg,benign,benign,0.9759868061788823
ISIC_0035617.jpg,benign,benign,0.9786406172291489
ISIC_0035618.jpg,benign,benign,0.997018998629371
ISIC_0035621.jpg,benign,benign,0.9746475684319665
ISIC_0035623.jpg,benign,benign,0.9784638496496008
ISIC_0035628.jpg,benign,benign,0.9904325636350273
ISIC_0035629.jpg,malignant,benign,0.6310312135412139
ISIC_0035632.jpg,benign,malignant,0.9363186874602768
ISIC_0035636.jpg,malignant,benign,0.7652586309210783
ISIC_0035637.jpg,malignant,malignant,0.854695939114274
ISIC_0035638.jpg,benign,benign,0.9856979918003177
ISIC_0035639.jpg,benign,benign,0.7425085174272158
ISIC_0035640.jpg,malignant,malignant,0.7753986481488918
ISIC_0035641.jpg,benign,benign,0.9543492109985635
ISIC_0035644.jpg,benign,benign,0.9868764220732926
ISIC_0035646.jpg,benign,benign,0.8340852747309022
ISIC_0035647.jpg,benign,benign,0.9939816858645708
ISIC_0035648.jpg,benign,benign,0.7602628242948931
ISIC_0035649.jpg,benign,benign,0.9786768558334078
ISIC_0035651.jpg,malignant,malignant,0.9454917344498085
ISIC_0035652.jpg,benign,malignant,0.5432741319635732
ISIC_0035653.jpg,malignant,malignant,0.914765764377652
ISIC_0035654.jpg,benign,benign,0.9640428913205442
ISIC_0035656.jpg,benign,benign,0.7743237385678322
ISIC_0035657.jpg,benign,malignant,0.7679171767048016
ISIC_0035659.jpg,benign,benign,0.7118858380475214
ISIC_0035662.jpg,benign,benign,0.8681348885027914
ISIC_0035663.jpg,malignant,benign,0.8052251262780353
ISIC_0035665.jpg,benign,benign,0.9697572321641361
ISIC_0035666.jpg,benign,malignant,0.5253871902808491
ISIC_0035668.jpg,benign,benign,0.5855124760447316
ISIC_0035670.jpg,malignant,benign,0.939874979111263
ISIC_0035671.jpg,benign,benign,0.8833322002052769
ISIC_0035672.jpg,benign,benign,0.9346750708728221
ISIC_0035673.jpg,benign,benign,0.5537092600714082
ISIC_0035674.jpg,benign,benign,0.9800593412886809
ISIC_0035678.jpg,benign,benign,0.9064645538037661
ISIC_0035680.jpg,malignant,benign,0.7047751044759863
ISIC_0035681.jpg,benign,benign,0.919458315997844
ISIC_0035682.jpg,malignant,benign,0.6690110319404486
ISIC_0035684.jpg,benign,benign,0.8281139042673209
ISIC_0035686.jpg,benign,benign,0.5565986248010193
ISIC_0035687.jpg,benign,benign,0.9220437408107514
ISIC_0035688.jpg,benign,benign,0.7849698034938848
ISIC_0035689.jpg,benign,benign,0.8674032008891014
ISIC_0035690.jpg,malignant,malignant,0.8025389484386922
ISIC_0035693.jpg,benign,benign,0.8234584789193709
ISIC_0035696.jpg,malignant,malignant,0.9487246349757512
ISIC_0035697.jpg,benign,benign,0.9220804891672024
ISIC_0035698.jpg,malignant,malignant,0.9446649243001136
ISIC_0035699.jpg,benign,benign,0.8847871420722511
ISIC_0035700.jpg,malignant,benign,0.8452443610774555
ISIC_0035702.jpg,benign,benign,0.913350443459006
ISIC_0035703.jpg,benign,benign,0.9310485050501446
ISIC_0035704.jpg,benign,benign,0.6366951759001499
ISIC_0035705.jpg,malignant,malignant,0.7039772861647094
ISIC_0035706.jpg,benign,benign,0.9802768735267123
ISIC_0035707.jpg,benign,benign,0.9757535325337765
ISIC_0035708.jpg,malignant,malignant,0.7112000804756288
ISIC_0035709.jpg,benign,benign,0.9540357211974927
ISIC_0035710.jpg,benign,malignant,0.5078961600638863
ISIC_0035711.jpg,malignant,malignant,0.905324791295153
ISIC_0035712.jpg,benign,benign,0.9310932192628659
ISIC_0035713.jpg,benign,benign,0.9322926107686579
ISIC_0035714.jpg,malignant,benign,0.8053172771612707
ISIC_0035716.jpg,benign,benign,0.8352682363961328
ISIC_0035717.jpg,benign,benign,0.8006066285070508
ISIC_0035719.jpg,malignant,malignant,0.7658399127852706
ISIC_0035720.jpg,malignant,malignant,0.977379104438745
ISIC_0035721.jpg,malignant,malignant,0.8867602374722128
ISIC_0035722.jpg,benign,benign,0.9171095508770484
ISIC_0035725.jpg,benign,benign,0.8235725203234396
ISIC_0035726.jpg,benign,benign,0.7860641641629085
ISIC_0035727.jpg,benign,benign,0.85851421234226
ISIC_0035728.jpg,benign,benign,0.8920879439073801
ISIC_0035731.jpg,benign,benign,0.955346493380558
ISIC_0035732.jpg,malignant,benign,0.6312564508498841
ISIC_0035734.jpg,benign,benign,0.8979279391050196
ISIC_0035736.jpg,malignant,malignant,0.9877884051138138
ISIC_0035738.jpg,benign,benign,0.9193740051417181
ISIC_0035740.jpg,benign,benign,0.8808141353989156
ISIC_0035742.jpg,benign,malignant,0.5507723716972133
ISIC_0035743.jpg,benign,benign,0.9088608969565036
ISIC_0035745.jpg,benign,benign,0.804574709770467
ISIC_0035746.jpg,benign,malignant,0.4949125200069082
ISIC_0035747.jpg,malignant,malignant,0.6315322090163125
ISIC_0035748.jpg,malignant,malignant,0.9837938679833311
ISIC_0035749.jpg,benign,benign,0.9258815340493837
ISIC_0035756.jpg,malignant,benign,0.5331076521963676
ISIC_0035757.jpg,benign,benign,0.7400206601450255
ISIC_0035758.jpg,benign,benign,0.83278687685366
ISIC_0035760.jpg,benign,benign,0.9204845556392468
ISIC_0035762.jpg,benign,benign,0.8643705041263029
ISIC_0035764.jpg,malignant,malignant,0.7229002962684673
ISIC_0035766.jpg,malignant,benign,0.66297815903021
ISIC_0035767.jpg,malignant,benign,0.7051179162128218
ISIC_0035769.jpg,benign,benign,0.9499476427531686
ISIC_0035770.jpg,benign,benign,0.9373174754268823
ISIC_0035771.jpg,benign,benign,0.934536315638099
ISIC_0035773.jpg,benign,malignant,0.6724796924904157
ISIC_0035774.jpg,benign,benign,0.981336319039849
ISIC_0035775.jpg,benign,benign,0.9314651894217514
ISIC_0035777.jpg,benign,benign,0.9816642965608459
ISIC_0035779.jpg,benign,benign,0.8331479118734976
ISIC_0035780.jpg,benign,benign,0.9559383753017164
ISIC_0035781.jpg,benign,benign,0.6570597352576948
ISIC_0035782.jpg,benign,benign,0.9397067267973488
ISIC_0035783.jpg,benign,malignant,0.53838915966537
ISIC_0035784.jpg,benign,benign,0.9195087613126879
ISIC_0035785.jpg,benign,benign,0.9478457622023231
ISIC_0035786.jpg,benign,benign,0.9803078375990418
ISIC_0035788.jpg,benign,benign,0.9421026707941538
ISIC_0035789.jpg,malignant,malignant,0.9301934852498129
ISIC_0035791.jpg,benign,benign,0.7275651308997425
ISIC_0035792.jpg,benign,benign,0.5758405725676126
ISIC_0035793.jpg,benign,benign,0.9530934965311031
ISIC_0035794.jpg,malignant,malignant,0.7725041431663018
ISIC_0035795.jpg,benign,benign,0.819756713031293
ISIC_0035796.jpg,benign,malignant,0.5
ISIC_0035797.jpg,benign,benign,0.9498716287061674
ISIC_0035798.jpg,benign,benign,0.83980468543168
ISIC_0035800.jpg,benign,benign,0.5713139364586615
ISIC_0035801.jpg,benign,benign,0.9174139759222883
ISIC_0035803.jpg,benign,malignant,0.5
ISIC_0035804.jpg,benign,benign,0.8313342145433954
ISIC_0035806.jpg,benign,malignant,0.9310718698450009
ISIC_0035808.jpg,benign,benign,0.900910867828067
ISIC_0035809.jpg,benign,benign,0.7215709344550721
ISIC_0035811.jpg,benign,benign,0.8353574406462008
ISIC_0035812.jpg,benign,benign,0.8885482729454502
ISIC_0035813.jpg,benign,benign,0.5495980304296746
ISIC_0035815.jpg,benign,benign,0.5926550514580216
ISIC_0035816.jpg,malignant,malignant,0.5447710936377245
ISIC_0035817.jpg,benign,benign,0.9383723317871525
ISIC_0035819.jpg,malignant,malignant,0.7638230608351192
ISIC_0035820.jpg,benign,benign,0.666777694859525
ISIC_0035822.jpg,benign,benign,0.8125102059896016
ISIC_0035823.jpg,malignant,benign,0.6838869099282268
ISIC_0035825.jpg,malignant,malignant,0.6338368844636426
ISIC_0035826.jpg,malignant,malignant,0.9865044774035542
ISIC_0035827.jpg,malignant,malignant,0.6610479788068373
ISIC_0035828.jpg,benign,benign,0.8626112205591939
ISIC_0035830.jpg,benign,benign,0.9579194014127411
ISIC_0035832.jpg,benign,benign,0.7883997724148893
ISIC_0035835.jpg,benign,benign,0.9118187084430402
ISIC_0035836.jpg,benign,benign,0.7615780566354998
ISIC_0035837.jpg,benign,benign,0.8359151654596639
ISIC_0035838.jpg,benign,benign,0.8542708274013989
ISIC_0035839.jpg,benign,benign,0.9367702728799883
ISIC_0035840.jpg,benign,benign,0.8390305648838483
ISIC_0035841.jpg,benign,benign,0.9535730615795928
ISIC_0035843.jpg,benign,benign,0.929974521648616
ISIC_0035845.jpg,malignant,malignant,0.750046676566605
ISIC_0035846.jpg,malignant,malignant,0.9408430474986729
ISIC_0035849.jpg,benign,benign,0.985634188446661
ISIC_0035850.jpg,benign,benign,0.9383210596521872
ISIC_0035851.jpg,benign,benign,0.6351882746000773
ISIC_0035853.jpg,malignant,benign,0.7409651661912888
ISIC_0035854.jpg,malignant,malignant,0.7219305915560701
ISIC_0035856.jpg,benign,benign,0.7287100412506006
ISIC_0035857.jpg,benign,benign,0.9582890824145147
ISIC_0035858.jpg,benign,benign,0.8487479362511952
ISIC_0035859.jpg,benign,benign,0.8957124952301485
ISIC_0035860.jpg,benign,benign,0.9913648227366915
ISIC_0035861.jpg,benign,malignant,0.5696023039339274
ISIC_0035862.jpg,benign,benign,0.8981205334778244
ISIC_0035864.jpg,benign,benign,0.897481702900748
ISIC_0035867.jpg,benign,benign,0.9824405098440799
ISIC_0035868.jpg,malignant,malignant,0.7134473536178852
ISIC_0035869.jpg,benign,benign,0.6483437381753995
ISIC_0035870.jpg,benign,benign,0.9899523931625698
ISIC_0035872.jpg,benign,benign,0.5341207107579807
ISIC_0035874.jpg,benign,malignant,0.5815567883424241
ISIC_0035875.jpg,benign,benign,0.8362115600024362
ISIC_0035877.jpg,malignant,benign,0.736405344765253
ISIC_0035879.jpg,benign,benign,0.5746997199906962
ISIC_0035880.jpg,benign,benign,0.9161773531158981
ISIC_0035883.jpg,benign,benign,0.7141494165538015
ISIC_0035884.jpg,benign,benign,0.7930090792528386
ISIC_0035885.jpg,benign,malignant,0.6034029502908661
ISIC_0035886.jpg,benign,benign,0.9756818541187083
ISIC_0035887.jpg,malignant,malignant,0.857994569682887
ISIC_0035888.jpg,malignant,malignant,0.6165967199498115
ISIC_0035889.jpg,malignant,malignant,0.8159945569323401
ISIC_0035891.jpg,benign,benign,0.9389027510451567
ISIC_0035892.jpg,benign,malignant,0.6659547681212147
ISIC_0035893.jpg,benign,benign,0.9849110995483041
ISIC_0035894.jpg,malignant,malignant,0.9572170493455915
ISIC_0035895.jpg,benign,benign,0.7405420654256765
ISIC_0035896.jpg,benign,benign,0.8036873037794704
ISIC_0035897.jpg,benign,benign,0.6912654350638904
ISIC_0035898.jpg,benign,benign,0.986722522007184
ISIC_0035900.jpg,malignant,malignant,0.8382560091370168
ISIC_0035902.jpg,malignant,malignant,0.9228458249340568
ISIC_0035903.jpg,benign,benign,0.7788137182383185
ISIC_0035906.jpg,benign,benign,0.9485893796789625
ISIC_0035907.jpg,benign,benign,0.7576356842366894
ISIC_0035909.jpg,benign,benign,0.9007092581285321
ISIC_0035911.jpg,malignant,malignant,0.9306750430230377
ISIC_0035912.jpg,benign,benign,0.9541365638416989
ISIC_0035913.jpg,malignant,malignant,0.8004036184061111
ISIC_0035914.jpg,malignant,malignant,0.9876101727815711
ISIC_0035916.jpg,benign,benign,0.8630947262412969
ISIC_0035920.jpg,malignant,benign,0.5633845697309893
ISIC_0035921.jpg,benign,benign,0.7902862949797556
ISIC_0035922.jpg,malignant,malignant,0.9886226973466777
ISIC_0035923.jpg,malignant,malignant,0.9341107511067075
ISIC_0035924.jpg,benign,benign,0.8482134474559042
ISIC_0035927.jpg,benign,benign,0.8182892327717882
ISIC_0035928.jpg,benign,benign,0.9297404902314402
ISIC_0035929.jpg,malignant,benign,0.6886322047178671
ISIC_0035930.jpg,benign,benign,0.5412219072634813
ISIC_0035934.jpg,malignant,benign,0.7599762082323571
ISIC_0035935.jpg,benign,benign,0.5793516780562548
ISIC_0035936.jpg,benign,benign,0.8816364598954531
ISIC_0035938.jpg,malignant,benign,0.6290535155334153
ISIC_0035939.jpg,benign,benign,0.76183164140985
ISIC_0035941.jpg,benign,benign,0.9375796845547787
ISIC_0035943.jpg,benign,benign,0.8790012706675322
ISIC_0035945.jpg,benign,benign,0.9304205422447042
ISIC_0035947.jpg,benign,benign,0.97306887164493
ISIC_0035948.jpg,benign,benign,0.9080686973274547
ISIC_0035951.jpg,benign,benign,0.6491342302287935
ISIC_0035954.jpg,benign,benign,0.9574511374309193
ISIC_0035956.jpg,malignant,malignant,0.9850032611729493
ISIC_0035958.jpg,benign,malignant,0.9287372812637622
ISIC_0035961.jpg,benign,benign,0.9695496432579389
ISIC_0035962.jpg,benign,benign,0.5534133439612917
ISIC_0035963.jpg,benign,benign,0.9005427003339155
ISIC_0035964.jpg,malignant,benign,0.5495765941236376
ISIC_0035965.jpg,benign,benign,0.9302580935912601
ISIC_0035966.jpg,benign,benign,0.5588169394133626
ISIC_0035967.jpg,benign,benign,0.8096426616778442
ISIC_0035968.jpg,malignant,malignant,0.9180095943858433
ISIC_0035969.jpg,benign,benign,0.6062984618127716
ISIC_0035970.jpg,benign,benign,0.8978281178692997
ISIC_0035971.jpg,benign,benign,0.7936183578596897
ISIC_0035972.jpg,benign,malignant,0.5
ISIC_0035973.jpg,benign,benign,0.8100367551426448
ISIC_0035974.jpg,benign,benign,0.9215120117833988
ISIC_0035975.jpg,benign,benign,0.852444166692118
ISIC_0035978.jpg,benign,benign,0.861925190575861
ISIC_0035979.jpg,benign,benign,0.9832697590376109
ISIC_0035980.jpg,benign,malignant,0.6788929696875078
ISIC_0035981.jpg,benign,benign,0.8503990094555189
ISIC_0035983.jpg,benign,benign,0.9635048966414241
ISIC_0035984.jpg,benign,benign,0.5619255672102891
ISIC_0035985.jpg,benign,benign,0.9685718642452318
ISIC_0035986.jpg,malignant,malignant,0.8359712364112524
ISIC_0035987.jpg,benign,benign,0.859552454536389
ISIC_0035988.jpg,benign,benign,0.8857747550662181
ISIC_0035989.jpg,benign,malignant,0.48630838430845436
ISIC_0035990.jpg,benign,benign,0.9779769105475478
ISIC_0035991.jpg,benign,benign,0.9543226598479619
ISIC_0035992.jpg,malignant,benign,0.5817581624499525
ISIC_0035994.jpg,benign,benign,0.8977761081081549
ISIC_0035995.jpg,benign,benign,0.7532548796673162
ISIC_0035997.jpg,malignant,malignant,0.5703319195410381
ISIC_0035998.jpg,benign,benign,0.9500890217668118
ISIC_0035999.jpg,benign,benign,0.9805796569433087
ISIC_0036001.jpg,benign,benign,0.6831728632207307
ISIC_0036005.jpg,malignant,benign,0.7452840525420704
ISIC_0036010.jpg,benign,benign,0.8313762926754512
ISIC_0036012.jpg,malignant,malignant,0.8305402728105309
ISIC_0036013.jpg,benign,benign,0.6399014312948675
ISIC_0036014.jpg,benign,benign,0.988045569621472
ISIC_0036017.jpg,benign,benign,0.864908507732923
ISIC_0036020.jpg,benign,benign,0.8539514376969504
ISIC_0036024.jpg,benign,benign,0.8398328345040892
ISIC_0036026.jpg,malignant,malignant,0.9927808023992789
ISIC_0036027.jpg,benign,benign,0.9872443672931506
ISIC_0036028.jpg,benign,benign,0.96653120776303
ISIC_0036029.jpg,malignant,malignant,0.5542051846938902
ISIC_0036030.jpg,benign,benign,0.7895607251948165
ISIC_0036033.jpg,benign,benign,0.873280539563437
ISIC_0036034.jpg,malignant,malignant,0.48477888170040734
ISIC_0036036.jpg,benign,benign,0.8635555202067942
ISIC_0036037.jpg,benign,benign,0.9078139272105435
ISIC_0036038.jpg,benign,benign,0.6789876977954055
ISIC_0036039.jpg,benign,benign,0.8765017580605179
ISIC_0036040.jpg,benign,benign,0.8981202736379914
ISIC_0036041.jpg,benign,benign,0.9680831941847815
ISIC_0036042.jpg,benign,benign,0.9588189115403414
ISIC_0036044.jpg,benign,benign,0.7789163194430986
ISIC_0036045.jpg,benign,benign,0.8576919553791659
ISIC_0036046.jpg,benign,benign,0.9803387468560175
ISIC_0036047.jpg,benign,benign,0.9116572971787945
ISIC_0036048.jpg,benign,benign,0.6227849657754286
ISIC_0036049.jpg,benign,benign,0.6255754219950433
ISIC_0036051.jpg,malignant,malignant,0.7086519339298688
ISIC_0036052.jpg,benign,benign,0.6598587012759194
ISIC_0036054.jpg,benign,benign,0.893709680855936
ISIC_0036055.jpg,benign,benign,0.9567117887597657
ISIC_0036056.jpg,malignant,benign,0.5861776788955839
ISIC_0036057.jpg,malignant,benign,0.6662879390261633
ISIC_0036058.jpg,benign,benign,0.7109970171570934
ISIC_0036059.jpg,benign,benign,0.8740089689275028
ISIC_0036061.jpg,benign,benign,0.9209026359503599
ISIC_2061976.jpg,benign,malignant,0.7749828193978373
ISIC_1645097.jpg,malignant,malignant,0.9227643766843155
ISIC_6367358.jpg,malignant,malignant,0.7962138181129664
ISIC_6784337.jpg,malignant,malignant,0.9018272248505932
ISIC_1105887.jpg,malignant,malignant,0.680549348636743
ISIC_5990594.jpg,malignant,malignant,0.8418111978119142
ISIC_6399573.jpg,malignant,malignant,0.9805847756160049
ISIC_3832733.jpg,malignant,malignant,0.5171999396594199
ISIC_8638329.jpg,benign,benign,0.9212275419892247
ISIC_4843324.jpg,malignant,malignant,0.6006294462208855
ISIC_4791649.jpg,benign,benign,0.582433290434898
ISIC_9941636.jpg,malignant,benign,0.6948739116717741
ISIC_5820839.jpg,benign,benign,0.5316890810916235
ISIC_1246526.jpg,malignant,malignant,0.833815774014
ISIC_9127831.jpg,malignant,malignant,0.9377846723417897
ISIC_6168000.jpg,benign,benign,0.9293161749181857
ISIC_7765155.jpg,benign,benign,0.6398464853029259
ISIC_0905720.jpg,benign,malignant,0.9093386889804456
ISIC_4511541.jpg,benign,malignant,0.8133772600452559
ISIC_6923107.jpg,benign,benign,0.820491310280037
ISIC_4840630.jpg,benign,malignant,0.7167549856362088
ISIC_1467892.jpg,benign,benign,0.8266493737395343
ISIC_9972649.jpg,malignant,malignant,0.7719151269911296
ISIC_3744161.jpg,malignant,malignant,0.968864830028378
ISIC_4335526.jpg,benign,benign,0.6264864203452671
ISIC_9000489.jpg,benign,benign,0.6519418159160358
ISIC_4586629.jpg,malignant,malignant,0.7401500626380464
ISIC_7530668.jpg,benign,benign,0.6579630655850023
ISIC_0822843.jpg,benign,benign,0.6624219256189633
ISIC_8866387.jpg,benign,malignant,0.8920982924067503
ISIC_4543581.jpg,benign,benign,0.8998494328071848
ISIC_4023678.jpg,malignant,benign,0.8963652219353929
ISIC_6303907.jpg,benign,benign,0.5647070210758306
ISIC_4620217.jpg,malignant,malignant,0.9413465755793033
ISIC_0321944.jpg,malignant,benign,0.5376786643957764
ISIC_2411589.jpg,benign,malignant,0.5147610611699877
ISIC_7878308.jpg,benign,malignant,0.9678175132843015
ISIC_4425681.jpg,malignant,malignant,0.9032057257350904
ISIC_0157465.jpg,benign,malignant,0.6747272408402534
ISIC_4867539.jpg,malignant,benign,0.5724573763720425
ISIC_5206103.jpg,malignant,malignant,0.6489955082496429
ISIC_4064127.jpg,benign,malignant,0.5700618123846742
ISIC_8546843.jpg,malignant,malignant,0.7902830670515423
ISIC_6149388.jpg,malignant,malignant,0.9002403577971907
ISIC_7496552.jpg,benign,benign,0.6100481474043645
ISIC_2358370.jpg,benign,malignant,0.6401075990607213
ISIC_9859545.jpg,benign,benign,0.9118783808333518
ISIC_0467830.jpg,malignant,malignant,0.8497319918915124
ISIC_0415769.jpg,benign,benign,0.9443109683418304
ISIC_2977188.jpg,benign,malignant,0.4930158612593196
ISIC_7611157.jpg,benign,benign,0.6278982808726314
ISIC_7254126.jpg,benign,malignant,0.9092668962245591
ISIC_3581982.jpg,malignant,malignant,0.584329092329693
ISIC_1563382.jpg,benign,benign,0.8647583943731176
ISIC_6763419.jpg,benign,benign,0.83810307333301
ISIC_5672303.jpg,benign,malignant,0.7752266184580763
ISIC_6269100.jpg,malignant,malignant,0.6819462005921756
ISIC_7660464.jpg,benign,benign,0.7003557092736334
ISIC_3777678.jpg,benign,malignant,0.9628523249951427
ISIC_0698589.jpg,benign,benign,0.9645088931358754
ISIC_4272793.jpg,benign,benign,0.6570169926421987
ISIC_6389793.jpg,benign,benign,0.9584216011619644
ISIC_8966407.jpg,malignant,malignant,0.9485882758571366
ISIC_9912548.jpg,benign,benign,0.797291885054063
ISIC_1969370.jpg,benign,malignant,0.9746524479869076
ISIC_7140852.jpg,benign,benign,0.9229686797834419
ISIC_0793445.jpg,malignant,malignant,0.9639069790480012
ISIC_5668296.jpg,benign,benign,0.7091802042474579
ISIC_6095295.jpg,malignant,benign,0.7250786580663853
ISIC_3159183.jpg,benign,benign,0.6233819323240122
ISIC_9019695.jpg,benign,benign,0.6612396875397104
ISIC_1662809.jpg,malignant,benign,0.8507233196093874
ISIC_9504403.jpg,benign,malignant,0.9347120544866878
ISIC_2346081.jpg,malignant,malignant,0.8841216223972976
ISIC_8929221.jpg,benign,benign,0.571977547135915
ISIC_2329180.jpg,benign,benign,0.68119889919428
ISIC_8662001.jpg,malignant,malignant,0.8626200481387264
ISIC_3955939.jpg,benign,benign,0.5440076374123765
ISIC_3721080.jpg,malignant,malignant,0.8753489183713515
ISIC_1365846.jpg,benign,malignant,0.6494334543932505
ISIC_0328731.jpg,benign,benign,0.6594950470984636
ISIC_5939568.jpg,benign,malignant,0.7312841688177154
ISIC_4384129.jpg,malignant,malignant,0.9411107782167883
ISIC_0994345.jpg,benign,malignant,0.8080941237827519
ISIC_4112120.jpg,benign,benign,0.8884559081047246
ISIC_1376941.jpg,benign,malignant,0.6147067563442778
ISIC_1418706.jpg,benign,benign,0.8176613563805614
ISIC_2235682.jpg,malignant,benign,0.6407542004999989
ISIC_0104229.jpg,malignant,malignant,0.958327522077189
ISIC_1396065.jpg,benign,malignant,0.7677785725311727
ISIC_4856683.jpg,benign,malignant,0.7740881543309658
ISIC_9153490.jpg,benign,malignant,0.577210853966611
ISIC_8039893.jpg,benign,benign,0.8996300434584422
ISIC_1790470.jpg,benign,benign,0.6971532525633015
ISIC_9452490.jpg,malignant,malignant,0.5784206431278585
ISIC_7235721.jpg,malignant,malignant,0.5989934203317063
ISIC_7474544.jpg,benign,malignant,0.7374164652352414
ISIC_6798316.jpg,malignant,malignant,0.834801304051013
ISIC_2581432.jpg,malignant,malignant,0.8269608515102441
ISIC_3615873.jpg,benign,benign,0.8814863623718739
ISIC_7417402.jpg,malignant,malignant,0.8766576590524032
ISIC_5035285.jpg,benign,malignant,0.6435217132114786
ISIC_6242031.jpg,malignant,malignant,0.9637155124425372
ISIC_1216673.jpg,benign,benign,0.5856883076692139
ISIC_8568371.jpg,benign,malignant,0.6277727944089923
ISIC_8080250.jpg,malignant,benign,0.589238141457965
ISIC_0967587.jpg,benign,benign,0.565880046864438
ISIC_9830559.jpg,benign,malignant,0.911826928677992
ISIC_1211710.jpg,malignant,malignant,0.6915473982974222
ISIC_2857123.jpg,malignant,benign,0.5242590660822642
ISIC_4853631.jpg,benign,malignant,0.5674432520436701
ISIC_2887867.jpg,benign,benign,0.8466516749171641
ISIC_4806646.jpg,benign,benign,0.7156528885633336
ISIC_3190920.jpg,malignant,malignant,0.8448816484449483
ISIC_3631780.jpg,malignant,malignant,0.9256041072643332
ISIC_7144229.jpg,benign,benign,0.6153397488038242
ISIC_6998510.jpg,benign,benign,0.5507740922794816
ISIC_4527534.jpg,benign,malignant,0.6026355787573799
ISIC_6553846.jpg,malignant,malignant,0.8074068096301615
ISIC_8321085.jpg,benign,benign,0.5868353117199024
ISIC_0406160.jpg,benign,benign,0.8346461731774222
ISIC_1512054.jpg,benign,malignant,0.5477027408998826
ISIC_8336318.jpg,malignant,malignant,0.7417506528507122
ISIC_7538059.jpg,malignant,benign,0.6856253401226845
ISIC_7687199.jpg,benign,malignant,0.5478857710594286
ISIC_6334282.jpg,malignant,malignant,0.8856816457032703
ISIC_7733134.jpg,benign,malignant,0.7943728758115004
ISIC_5532418.jpg,benign,malignant,0.9184167158303457
ISIC_2266220.jpg,benign,benign,0.7768579368453724
ISIC_9168295.jpg,benign,malignant,0.5
ISIC_2043443.jpg,malignant,malignant,0.8975716875040882
ISIC_5011827.jpg,benign,malignant,0.5590824747629882
ISIC_5956582.jpg,malignant,malignant,0.6154066520160726
ISIC_0995119.jpg,benign,benign,0.8054852062719923
ISIC_6424909.jpg,malignant,malignant,0.9430544626379235
ISIC_5366444.jpg,malignant,malignant,0.9032229127772275
ISIC_9413613.jpg,benign,benign,0.8095028770859635
ISIC_7959932.jpg,benign,benign,0.9137380990798774
ISIC_2577098.jpg,malignant,malignant,0.6400498149437582
ISIC_1274177.jpg,benign,malignant,0.7022314317024722
ISIC_7105211.jpg,malignant,malignant,0.6124197621459646
ISIC_1735538.jpg,benign,benign,0.9333495091960323
ISIC_7646845.jpg,benign,malignant,0.5112506883727903
ISIC_2364514.jpg,malignant,malignant,0.8008939490502428
ISIC_6294286.jpg,malignant,malignant,0.9273268579625487
ISIC_9096346.jpg,benign,malignant,0.677188914016198
ISIC_9767196.jpg,benign,benign,0.8330689121980279
ISIC_3229915.jpg,benign,benign,0.5602122875869773
ISIC_9702543.jpg,benign,malignant,0.5823476933039857
ISIC_2620684.jpg,malignant,benign,0.751397686045808
PAT_74_112_729.png,malignant,malignant,0.9320342572283984
PAT_1978_4004_82.png,benign,benign,0.6516864831769121
PAT_397_797_638.png,malignant,malignant,0.9748139315913976
PAT_572_1086_130.png,malignant,malignant,0.9867307950058017
PAT_701_1321_156.png,benign,malignant,0.590052845040306
PAT_2142_4733_13.png,benign,malignant,0.7847049442801424
PAT_1708_3157_518.png,benign,malignant,0.9302108041605026
PAT_630_1196_710.png,malignant,malignant,0.9774753272409609
PAT_382_776_986.png,malignant,malignant,0.897683772380504
PAT_1089_375_60.png,benign,benign,0.7589920606074761
PAT_1326_1156_783.png,benign,benign,0.8934304573616602
PAT_936_1772_886.png,malignant,malignant,0.9260529232772317
PAT_478_916_806.png,malignant,malignant,0.9472480744109111
PAT_183_283_495.png,malignant,malignant,0.973466019416855
PAT_885_1687_204.png,malignant,malignant,0.8523831319073536
PAT_1252_866_852.png,benign,benign,0.5402904988933008
PAT_1349_1229_828.png,benign,malignant,0.5462631978493323
PAT_1881_3717_785.png,benign,malignant,0.48846892323431984
PAT_361_1568_456.png,malignant,malignant,0.9853698417881348
PAT_837_1583_124.png,malignant,malignant,0.9894522538755056
PAT_801_1518_78.png,malignant,malignant,0.5296642078451329
PAT_1694_3110_213.png,benign,benign,0.9169781849878715
PAT_715_1339_508.png,benign,malignant,0.9397657407955918
PAT_876_1665_569.png,malignant,malignant,0.9893526013866646
PAT_467_904_235.png,malignant,malignant,0.9705857746621537
PAT_1451_1562_545.png,benign,benign,0.876437255331355
PAT_1770_3344_274.png,benign,malignant,0.7202747643791979
PAT_456_888_961.png,malignant,malignant,0.8834124545318685
PAT_430_847_315.png,malignant,malignant,0.9999849444802551
PAT_1245_844_471.png,benign,benign,0.5207482493108134
PAT_810_1526_67.png,malignant,malignant,0.9625120249348058
PAT_858_1632_977.png,malignant,malignant,0.9798914377378135
PAT_1971_3984_534.png,benign,benign,0.6044148740800627
PAT_149_221_679.png,malignant,malignant,0.970418148509769
PAT_756_1495_858.png,benign,malignant,0.5472796729951775
PAT_8_15_820.png,malignant,malignant,0.954064677866485
PAT_340_714_68.png,malignant,malignant,0.703528825977475
PAT_679_1286_933.png,malignant,malignant,0.8902613445674072
PAT_89_135_11.png,malignant,malignant,0.8814436485290459
PAT_699_1320_901.png,malignant,malignant,0.8875810732333805
PAT_338_709_306.png,malignant,malignant,0.9189102597749952
PAT_547_1033_911.png,malignant,malignant,0.9638974708329077
PAT_945_1796_583.png,malignant,malignant,0.9179598120073584
PAT_962_1823_942.png,malignant,malignant,0.9520627105934055
PAT_891_1701_36.png,malignant,malignant,0.8423020987641785
PAT_206_312_595.png,malignant,malignant,0.9400840801276561
PAT_243_372_640.png,malignant,malignant,0.8216290722800002
PAT_164_255_130.png,malignant,malignant,0.9718793578376532
PAT_759_1538_566.png,malignant,malignant,0.8961479610005251
PAT_456_887_499.png,malignant,malignant,0.8454227657947594
PAT_806_1520_708.png,malignant,malignant,0.8888362112532847
PAT_904_1736_851.png,malignant,malignant,0.9344975295807898
PAT_193_297_295.png,malignant,malignant,0.9464114687932961
PAT_204_310_975.png,malignant,malignant,0.9724357972158492
PAT_147_219_206.png,malignant,malignant,0.8756692112064388
PAT_1350_1230_925.png,benign,malignant,0.8671859335309826
PAT_510_959_174.png,malignant,malignant,0.9834553127871377
PAT_494_939_518.png,malignant,malignant,0.9242356825949662
PAT_736_1392_562.png,malignant,malignant,0.9365447078887474
PAT_142_210_904.png,malignant,malignant,0.9863035978033543
PAT_272_420_10.png,malignant,malignant,0.9859231478206877
PAT_705_1326_82.png,malignant,malignant,0.9551364938290388
PAT_918_1742_456.png,malignant,malignant,0.9688220821194806
PAT_545_1029_650.png,malignant,malignant,0.9591013543325053
PAT_267_412_275.png,malignant,malignant,0.9098294330220302
PAT_146_217_187.png,malignant,malignant,0.9727099589393686
PAT_435_854_68.png,malignant,malignant,0.912441588126312
PAT_36_49_935.png,malignant,malignant,0.9283192011993898
PAT_972_1843_756.png,malignant,malignant,0.966816977228855
PAT_486_929_317.png,malignant,malignant,0.9527352955911546
PAT_357_737_77.png,malignant,malignant,0.9828431910773898
PAT_419_2768_910.png,benign,malignant,0.7033353339388028
PAT_1350_1230_878.png,benign,malignant,0.5
PAT_319_680_166.png,malignant,malignant,0.9419720769541284
PAT_165_256_460.png,malignant,malignant,0.901186714092692
PAT_1946_3924_627.png,benign,benign,0.9167821351747947
PAT_677_1349_851.png,malignant,malignant,0.9876364603296414
PAT_325_689_528.png,malignant,malignant,0.9681518616833914
PAT_419_833_148.png,malignant,malignant,0.9737335133248629
PAT_1008_59_297.png,benign,malignant,0.8858326377777336
PAT_288_441_312.png,malignant,malignant,0.9583636273385889
PAT_131_197_260.png,malignant,malignant,0.9927260926974592
PAT_216_331_678.png,malignant,malignant,0.9528478316141704
PAT_844_1605_308.png,malignant,malignant,0.8531297183782949
PAT_551_1047_567.png,malignant,malignant,0.968690043462417
PAT_837_1584_745.png,malignant,malignant,0.9842194977051335
PAT_314_672_909.png,malignant,malignant,0.9256133639901793
PAT_99_153_636.png,malignant,malignant,0.9862224672575944
PAT_689_1306_772.png,malignant,malignant,0.9001533791333982
PAT_730_1383_535.png,malignant,malignant,0.9843521661891887
PAT_1721_3219_737.png,benign,malignant,0.5508583234654507
PAT_482_924_134.png,malignant,malignant,0.7562276889277516
PAT_1636_2869_595.png,benign,malignant,0.8489884196763618
PAT_527_1360_225.png,malignant,malignant,0.9751982951387174
PAT_1364_1246_143.png,benign,benign,0.8554273901765795
PAT_1109_436_141.png,benign,benign,0.9880784237267489
PAT_1186_680_578.png,benign,benign,0.5602842034073965
PAT_406_808_975.png,malignant,malignant,0.9384945460609335
PAT_841_1603_667.png,malignant,malignant,0.9102253726079947
PAT_311_667_416.png,malignant,malignant,0.9048766683225749
PAT_87_133_159.png,benign,benign,0.6856194491708844
PAT_993_1865_559.png,malignant,malignant,0.9691582568440398
PAT_601_1147_943.png,malignant,malignant,0.9646965477281182
PAT_377_768_643.png,malignant,malignant,0.9711842277102632
PAT_242_369_930.png,malignant,malignant,0.9235740845802154
PAT_251_382_576.png,malignant,malignant,0.973867319840366
PAT_1731_3237_919.png,benign,benign,0.7407824680262705
PAT_613_1164_827.png,malignant,malignant,0.965926030662805
PAT_789_1483_793.png,malignant,malignant,0.8274259149197384
PAT_978_1844_715.png,malignant,malignant,0.9241931600394556
PAT_2161_4818_501.png,benign,benign,0.9377065795092555
PAT_324_1465_43.png,malignant,malignant,0.9094586685223773
PAT_1658_2933_322.png,benign,benign,0.5463856434321335
PAT_1904_3794_215.png,benign,benign,0.6400282420970772
PAT_1730_3236_201.png,benign,benign,0.7873465168578528
PAT_974_1841_693.png,malignant,malignant,0.9855612963936623
PAT_1942_3915_388.png,benign,malignant,0.9348858401077714
PAT_315_673_227.png,malignant,malignant,0.9247724242154206
PAT_814_1532_545.png,malignant,malignant,0.9894550994793507
PAT_544_3299_671.png,benign,benign,0.8341485816541834
PAT_535_1011_567.png,malignant,malignant,0.9377913894431915
PAT_270_417_257.png,malignant,malignant,0.9632216288181782
PAT_1801_3461_351.png,benign,malignant,0.737566583041857
PAT_50_76_296.png,malignant,malignant,0.9878542731219392
PAT_267_1062_418.png,malignant,malignant,0.9810399796951977
PAT_2162_4820_913.png,benign,benign,0.9703696956780775
PAT_649_1233_229.png,benign,benign,0.5196132734204071
PAT_395_795_43.png,malignant,malignant,0.9775226150613012
PAT_275_424_966.png,malignant,malignant,0.6185051749791071
PAT_756_1496_599.png,benign,benign,0.8744971227993414
PAT_115_175_283.png,malignant,malignant,0.9784034611829439
PAT_171_265_757.png,malignant,malignant,0.9898889853976983
PAT_711_1334_480.png,malignant,malignant,0.8488647582299244
PAT_514_968_269.png,malignant,malignant,0.9445504455047011
PAT_40_56_499.png,malignant,malignant,0.9442164214523617
PAT_720_1362_700.png,malignant,malignant,0.9608849131718779
PAT_191_293_314.png,malignant,malignant,0.9426180348168107
PAT_1944_3921_281.png,benign,malignant,0.6907825957513437
PAT_520_983_221.png,malignant,malignant,0.9636232331771468
PAT_467_904_776.png,malignant,malignant,0.9004366487538872
PAT_1494_1707_125.png,benign,malignant,0.6506804750889377
PAT_320_681_410.png,malignant,malignant,0.7452807091771444
PAT_687_1304_898.png,malignant,malignant,0.9256793394531366
PAT_155_240_211.png,malignant,malignant,0.8934387014836221
PAT_158_243_947.png,malignant,malignant,0.9539877919241487
PAT_860_1641_440.png,malignant,malignant,0.8976782399761609
PAT_683_1296_237.png,malignant,malignant,0.773574438330056
PAT_441_861_415.png,malignant,malignant,0.7215149595145444
PAT_1418_1448_307.png,benign,malignant,0.9207055282240413
PAT_198_853_778.png,benign,malignant,0.9166183408343009
PAT_834_1574_397.png,malignant,malignant,0.9458498918925494
PAT_160_248_254.png,malignant,malignant,0.9361716238054225
PAT_1331_1173_380.png,benign,benign,0.8356253603482954
PAT_281_1517_293.png,benign,malignant,0.7906299899429141
PAT_465_901_627.png,benign,benign,0.9288747507241882
PAT_678_1287_652.png,malignant,malignant,0.9499931568636161
PAT_981_1848_486.png,malignant,malignant,0.9334722325992411
PAT_894_1679_640.png,malignant,malignant,0.720975393963371
PAT_1569_2456_393.png,benign,malignant,0.9378574224237767
PAT_2088_4525_507.png,benign,benign,0.9699933828301978
PAT_950_1804_64.png,malignant,malignant,0.9801214756276424
PAT_632_1206_634.png,malignant,malignant,0.9519048767135861
PAT_770_1451_136.png,malignant,malignant,0.9574688715781858
PAT_523_988_851.png,malignant,malignant,0.9660377278988858
PAT_624_1180_803.png,malignant,malignant,0.9679221580729719
PAT_645_1223_443.png,malignant,malignant,0.8861277142752446
PAT_115_1138_870.png,malignant,malignant,0.888157950579483
PAT_605_1152_536.png,malignant,malignant,0.9696657314746236
PAT_682_1292_986.png,malignant,malignant,0.6944253616328023
PAT_190_291_366.png,malignant,malignant,0.9934257787706992
PAT_139_207_342.png,malignant,malignant,0.9823054424704918
PAT_761_1435_561.png,malignant,malignant,0.9878462313470339
PAT_962_1823_857.png,malignant,malignant,0.9724433303809433
PAT_191_294_629.png,malignant,malignant,0.9859580916908323
PAT_191_294_419.png,malignant,malignant,0.9890563475839581
PAT_636_1204_666.png,malignant,malignant,0.9643285687227822
PAT_905_1721_327.png,malignant,malignant,0.9582440838986253
PAT_161_250_197.png,malignant,malignant,0.9626495185890509
PAT_337_706_254.png,malignant,malignant,0.9857880123638691
PAT_426_842_458.png,malignant,malignant,0.8308676535511748
PAT_924_1757_704.png,malignant,malignant,0.8331782574764331
PAT_935_1781_920.png,malignant,malignant,0.9592707491881852
PAT_838_1585_282.png,malignant,malignant,0.8630223656413539
PAT_980_1851_351.png,malignant,malignant,0.9574771440794757
PAT_423_839_717.png,malignant,malignant,0.9385117698114291
PAT_255_388_77.png,malignant,malignant,0.9654038638537537
PAT_486_929_274.png,malignant,malignant,0.8167745936506354
PAT_178_276_465.png,malignant,malignant,0.9878965535737152
PAT_645_1224_768.png,malignant,malignant,0.9314019561733508
PAT_920_1747_19.png,malignant,malignant,0.9759759383141668
PAT_271_418_92.png,malignant,malignant,0.9284623763241772
PAT_954_1808_415.png,malignant,malignant,0.9194936125102033
PAT_406_1542_754.png,malignant,malignant,0.7374309921226202
PAT_887_1688_436.png,malignant,malignant,0.898173162362453
PAT_62_97_868.png,malignant,malignant,0.9748464418625514
PAT_1305_4097_251.png,benign,benign,0.7270170422945312
PAT_611_1158_156.png,malignant,malignant,0.9532085195790009
PAT_185_285_862.png,malignant,malignant,0.9874310401239328
PAT_856_1626_523.png,malignant,malignant,0.877722418448327
PAT_1273_952_89.png,benign,benign,0.9767610238287731
PAT_1731_3237_197.png,benign,benign,0.6262621056621822
dc2fabd3-d0b3-4f97-9422-1689f0cc8ead.png,malignant,malignant,0.7620595517669
a7f11865-a615-45c8-ba1d-af3210a9aeb8.png,benign,benign,0.6513102781545843
80cf5ca4-17a0-45f5-8d88-6068792975d9.png,benign,benign,0.5189956858965826
b0a1a9ff-4676-409d-9da5-c767d4d249b0.png,benign,benign,0.8092763687610096
e791bcdf-f49e-4a70-b78f-9593ed8426c3.png,benign,benign,0.6621456966982839
813cf123-3bde-4bd4-84e9-8c5c204effa3.png,malignant,malignant,0.8244074072332316
c49d8702-68d5-4006-a7cc-998af2fc6557.png,benign,benign,0.8165539200267679
7f05cc46-0798-4e91-af66-fe87837b7f67.png,benign,benign,0.8484069471906798
d93cb6a1-862e-41d0-ab51-cc69e7969f58.png,malignant,malignant,0.9178996950706504
2361ca88-5c90-4e2c-a6ab-fdb3585a98b9.png,benign,malignant,0.7165953727271255
ed3dd40a-0743-4440-8375-817558dd429a.png,benign,malignant,0.49428885529268246
9c7289a0-fd78-41d0-96e5-6998acee595f.png,benign,benign,0.6056394911992465
e47d887e-aa21-40a8-b772-10792a3805a1.png,malignant,benign,0.6686274720611108
d199a863-4f8a-4a28-9638-e5655bb8cefa.png,malignant,malignant,0.8066403396915391
52a3bfda-8358-436d-86b7-66f9d326b09b.png,benign,malignant,0.8762289844873231
7d270825-30de-4f78-9269-949c3270abd6.png,benign,malignant,0.849937668531733
d8f39a2b-6d8b-4900-888a-5e4c3ed8e5fa.png,malignant,malignant,0.6371131356792293
0e8b3967-78a6-4ef1-90bc-2fd80c257e2e.png,malignant,malignant,0.9408593670571715
62cf61c7-4b2b-452a-8207-1d24ff3c92b0.png,malignant,malignant,0.9395023054519803
22a8064a-4411-422b-a0c0-1d629d9007ab.png,malignant,malignant,0.9644896136523137
21e5fbe1-823c-4d10-bf29-1488154352be.png,malignant,malignant,0.9875764460864861
6670e267-f5cc-42ab-abdb-6dd791ca5269.png,benign,benign,0.9714938786463914
f28264fd-20e8-4498-acf6-3b605fe088bc.png,malignant,malignant,0.9717640873289839
f015f556-e4cb-4a6f-9af3-388b878c0560.png,benign,malignant,0.9261594543810132
0e81889b-56f6-467e-a7eb-a9b1f6619ed7.png,malignant,malignant,0.8643651210793153
bd9d4044-1e8e-46ba-82bf-88c303418629.png,malignant,malignant,0.9707933135881528
f38393e7-1f2f-4938-aed4-0d105cd77b0d.png,malignant,malignant,0.5748853506354639
dc6577bb-e46a-4054-8204-3b254d5aeede.png,benign,benign,0.7954360780641203
1f9f2c0f-a1b1-4bdb-b58c-cd6e3a07d0d7.png,benign,benign,0.9610467768194487
31c41cce-fca2-4ad7-be41-6d57d6333f72.png,benign,malignant,0.9568687787001688
64e3b54c-2625-4f35-8a05-7634eb2a013e.png,benign,benign,0.7935390623993668
e3045002-cdca-44e0-938c-7652d8dca133.png,malignant,benign,0.5903721786311783
adc4afac-84d0-4444-9e13-67211bb8c3aa.png,benign,malignant,0.9797751990499253
bd05c5cf-20cc-484c-b318-1fbc73f6d241.png,malignant,malignant,0.7819321275301312
520d14bd-54dd-453d-a712-632dc74923e3.png,benign,malignant,0.9785990694079187
fd936f26-eb98-45cf-8e45-68f52a81cc24.png,malignant,malignant,0.5732901331682253
296b2aa3-1167-46db-8e2f-a0abfea3ca7e.png,malignant,malignant,0.9315493695810065
12bb071b-3e9f-4079-97cc-38befde82ba9.png,malignant,malignant,0.789505373424407
6ddb3cad-d034-4700-9652-671141806388.png,benign,benign,0.6199991639797192
c350d1cb-dfa2-4b42-81d6-665354705a0c.png,malignant,malignant,0.6625407178134783
98450561-8fa1-471b-ba66-3ad407e5c235.png,malignant,malignant,0.9523243032615489
efe79beb-a72b-4455-8206-6a83bac6393c.png,benign,benign,0.8853366199533237
7d058cc7-e82f-4c5d-a3e1-cbc103e31e06.png,malignant,malignant,0.966281787651598
6c64d815-ee7e-45e9-8223-65758ce55454.png,malignant,malignant,0.9694292586521488
6b97582b-1b95-4336-a513-dcfd13c5559e.png,malignant,malignant,0.9669450809603011
f3e3ed27-aa54-4ed5-97be-9e0fba8cdbed.png,malignant,malignant,0.8639471327080488
7fe050e5-499c-464d-ad87-c23254e16af0.png,benign,malignant,0.9727787763640603
0d099994-2407-4897-bcdd-5bb0c26be310.png,malignant,malignant,0.5282342090984206
95cddf39-8896-4a6e-b2df-e4039f88481d.png,benign,benign,0.9259371109822387
2b97f68d-0bd2-41c4-bb09-bbc7a1b57e13.png,benign,malignant,0.8908914406248061
edf5c784-4cc1-46d5-938c-e287ce7cbabb.png,benign,malignant,0.9572182097789913
8ecc0158-59f6-4110-9afa-277a9ef8e67f.png,benign,benign,0.698569329577514
c74306b8-5900-4706-b6e0-01cb49a5f8ec.png,benign,benign,0.7939071783408181
09811c05-6cb0-49ff-ab4c-c3b230c4b720.png,benign,benign,0.6826264417403846
ab811374-c659-4815-909d-84be8a2d9db6.png,benign,benign,0.9353559469384768
c5cbc9e8-f0a4-46b6-b3f7-b0b480a5f434.png,benign,benign,0.904220653255281
01fd860c-2501-42b3-98b1-4c885b432648.png,benign,benign,0.5359250956060225
dc791a9d-6ecb-41c3-83f3-14e2bb2d6800.png,malignant,malignant,0.9680832463257223
fc2e631d-ed13-4bee-ab5a-fe18ad068f74.png,malignant,malignant,0.8788760592286562
c443f8c3-c1ed-4936-84b5-e0b73368e550.png,benign,malignant,0.6876197711995522
4e781904-b73d-4f79-a980-05685368308f.png,benign,benign,0.9829660818169453
4e79c701-e24c-4f1f-a13d-62acf57b7f91.png,benign,benign,0.8249342193244775
28b73db5-0548-4d46-9250-e957848a1c4b.png,benign,benign,0.6890227875068483
3acd7d09-7b20-4998-aceb-fc61b3ffe3f3.png,malignant,malignant,0.747417179005967
14153cdb-95c1-4936-ad88-b3cee231067e.png,benign,benign,0.8428603434314128
b10bfdc7-6a97-4982-855b-53ebe0affc28.png,malignant,malignant,0.6990209080645047
91a74dc3-70c5-47f5-835d-0439ca237a1d.png,malignant,malignant,0.9599065817103641
5e29986f-cc4c-4649-9988-c6aea8fca38b.png,malignant,malignant,0.9720191101302241
d55e2a86-d526-4af5-908c-bd3678961f4b.png,malignant,malignant,0.800342082469226
b6f5449f-4cb5-4364-8e38-2947080e0e60.png,benign,malignant,0.7182320821022291
1600637c-bdbd-4e17-9099-d20d2317afe9.png,benign,benign,0.7373176437806748
2e4e43b9-da54-492d-a2c3-e10ca00ae5eb.png,benign,malignant,0.5866092829045388
7241c3a8-f409-42e0-9bfc-4e8d8fbe3e93.png,malignant,malignant,0.9738685714028222
e4314b79-e59d-4ad9-bb81-508dd8a10ebd.png,benign,malignant,0.9231936662598896
4d9cf37a-db98-4042-9b7a-29564e17dba1.png,benign,benign,0.9626929599217668
13dac258-d079-489f-b5b0-2121352623c8.png,benign,benign,0.8048916464406976
96b097d4-323d-4b8d-8f2a-32b7ae5e3ce2.png,malignant,malignant,0.8922933496865124
26541014-ef95-4ef2-afa4-9b5dd1d0ab63.png,benign,benign,0.8526294188629323
9d772da5-b81e-40c0-a5d7-d61e27b4b6ac.png,malignant,malignant,0.9345645622704669
c8ce8a8a-b3dc-4bf6-ad1b-7e3792f9e1d7.png,malignant,benign,0.7122866631886209
bfd367fa-5fe0-4785-b2f9-1d868189464d.png,benign,benign,0.9777975751491474
91378a29-96d9-4c75-b805-af513b9d13e4.png,malignant,malignant,0.9246589388052966
af43a98c-836c-4053-8161-c41e9b0645b4.png,benign,malignant,0.726741993160704
14f477ce-b53e-4c81-8be8-36c9630d7aa0.png,malignant,malignant,0.9500780058402637
a8b7bfe5-59cc-403a-b71d-273a1b1942b3.png,malignant,malignant,0.5
424b3f86-446f-418b-b626-958e4ba49333.png,malignant,benign,0.6049653312635412
b1b78c10-e7ae-4a57-b08d-0ffcba8b85d8.png,benign,malignant,0.5536465115291047
15fd4e68-4082-4f2f-b620-7ea5fca047a1.png,malignant,malignant,0.7358354080098586
6eef71cd-d2a9-43c3-961c-3d52af560120.png,benign,malignant,0.6967098603445747
1a1df3a5-f1c0-43eb-a778-c43b258b3e11.png,benign,benign,0.8668508075160604
64472f0d-0d55-4574-b1a7-adcb9452ae76.png,malignant,malignant,0.5581011814992043
d7c47153-38c8-488b-a6e2-384ea26c8e78.png,malignant,malignant,0.9512808959726575
022a52d2-9210-46d8-b97d-f9a78790ffc4.png,malignant,malignant,0.939672972503688
01620c44-3cfb-4fcd-a8d9-b6ad991783b0.png,malignant,malignant,0.9185365371299579
7a82e8d5-15e6-42d6-8d43-b35e2158a592.png,malignant,malignant,0.8119893882739637
41fdd74b-a98e-4c59-ae44-a0ff61454422.png,benign,benign,0.9208179473419432
2ba7189e-9ffa-446e-9450-caaca8baffd2.png,malignant,malignant,0.6596371664743624
d53eff88-45fc-42d2-9ef0-7913edb607b3.png,benign,benign,0.9101730766022715
3382f96a-daf0-4b40-83ea-ffb31b3bf187.png,benign,benign,0.6895857656319195
837331ad-9524-4790-b55b-1966d290a0d7.png,benign,malignant,0.7576783155420486
ef4b371a-650a-46bb-ae94-acf74e0a11b5.png,malignant,malignant,0.917294351342093
50453632-1f97-4cc2-a648-959aa89cdbc1.png,benign,benign,0.9858978447187108
baa1dff7-a39e-4e7e-af94-3232bf0d2813.png,benign,malignant,0.8983508164069676
dddecdcd-4cb5-4ddc-bdc0-cf69506cc5e3.png,benign,benign,0.965283798071972
ce7fb216-a8fa-4893-a027-293fcff360cb.png,benign,benign,0.7330989397782656
3d7be66f-0abb-424b-a32e-be3d02f365ea.png,malignant,malignant,0.8772622586719783
1f5b985a-3b76-4377-9a52-ff6f95fd5155.png,benign,malignant,0.7035656751688927
fc04fb60-3a68-40f1-b3e3-de9f0ac14cdf.png,benign,malignant,0.827352971100411
0ccea8b5-d45f-4545-ac64-0d589d51d706.png,benign,benign,0.8101075565422143
06c85032-9add-44b7-91f7-5b476bfc3029.png,malignant,malignant,0.9714113255801367
82bd73f2-24fb-4fae-9069-9e9e17a2c256.png,malignant,malignant,0.6295466694360099
714b2567-da40-4647-b42a-31b7032fb606.png,benign,benign,0.8780098733358289
a4075ece-4c7b-4ce4-af5a-0350b59db6e3.png,malignant,malignant,0.8089910027459268
72c233f2-d9fa-4615-832b-1f320b51625c.png,benign,benign,0.7305493410621968
e08128b6-b8a4-4842-9bf1-36a1c566b8a2.png,benign,benign,0.8298556947654744
96b2a9b2-6340-4735-95a7-2b86d120863e.png,malignant,benign,0.6999295331040586
9d4ce1d4-3556-4032-8d19-a0d092ff485b.png,malignant,malignant,0.9553589984429979
0f4d06d5-05ce-4bf5-a15d-b1b7e1527eb1.png,benign,malignant,0.6597635695565395
3bc1f6a1-3cd0-43ac-bf8e-3dc2eff7f500.png,benign,malignant,0.8377396620072232
10ed66e0-2b13-4d30-a39a-98751010dc1a.png,malignant,malignant,0.9439727239286262
9c884701-8145-46d5-a48a-9f763bc22e42.png,benign,malignant,0.8509075396429401
49e19636-2eb8-4256-92a4-3b0d991f5593.png,malignant,malignant,0.6319294212957507
ef55c005-25ce-4f08-a3dd-a311a3f6ed7d.png,benign,malignant,0.7030721780671858
fad1d18f-ee7d-429c-adb1-a4c5fca581db.png,benign,malignant,0.693349919982299
d9ce7199-8f67-4ff6-8131-3cedcaafb0a3.png,malignant,malignant,0.9493534434306863
081daca6-6b2a-49e6-b8ba-4b594c236bc0.png,benign,benign,0.8204028436859221
7d8673f9-73fe-47d3-bf02-c01014e53e38.png,benign,benign,0.9381420917708797
3a0e85ff-7a0b-4b9f-943c-27b2e39c8969.png,malignant,malignant,0.768508387247633
115b4e4e-c8dc-48f4-8688-8ffe29b342ed.png,benign,malignant,0.5942708180746569
0f3cf985-25e3-45a5-83a5-b5c8b4ef22d0.png,benign,benign,0.8085770060427346
61a07909-4196-4624-a9e3-b2f590960267.png,benign,malignant,0.8391737999909262
9bf7768e-ac37-4ad2-aa90-05f4740a5742.png,malignant,malignant,0.8163500927321008
f15a2775-e21a-4100-91f4-80481cc68c00.png,benign,benign,0.5530147571686198
6890383e-c2fe-44ba-864a-16d121fdccc2.png,malignant,malignant,0.8931016255461197
63e3b4b9-1821-4785-9426-4113e5a20586.png,malignant,malignant,0.9337332268861717
b3268c0d-88a5-46be-8120-b15fbdb33775.png,malignant,malignant,0.7838242716028511
93a6baac-4986-4d6b-b4bd-b9206bfe07ba.png,benign,malignant,0.5822313608118526
dd4ddecb-3268-4a4d-8865-a2b027f7a6d2.png,benign,benign,0.5954752106996232
a0b52142-89e0-452c-8eb2-442b5c1696b2.png,malignant,malignant,0.8645371705209369
fab3e653-8d75-4027-8608-5690faf34b90.png,malignant,malignant,0.9720163780514868
cdf478cc-c113-4c5c-94b3-0a94b95f719e.png,benign,malignant,0.8691865327181805
79b263f6-bc35-4cf0-8297-ec6e8b082bb4.png,malignant,malignant,0.9304615474847023
7f515d75-65b6-4f4d-bdcb-fdac3242c717.png,malignant,malignant,0.7187376944756325
707d57c9-b162-46b2-a19d-d00d1863a444.png,benign,malignant,0.7245005877738299
c347d979-5a84-41ee-a3f6-174e2620c9b8.png,benign,malignant,0.7896523432705793
f0713206-4e1e-45de-9c2e-244a7da9e9cb.png,benign,benign,0.7123005337330858
071d7532-ad69-4176-bdde-6fccd056957a.png,benign,benign,0.6560055790560585
5253d8b3-ef61-4621-aca0-07ca8753f80b.png,benign,benign,0.9672758883666723
f80aa689-afea-4bc8-acc7-23156337dcf4.png,benign,benign,0.9571321316368507
76964f22-9c50-44b7-9a73-61b8c979bff7.png,benign,benign,0.9395913531428838
e31701df-93d4-46fd-b8e4-acb96547ac2c.png,malignant,malignant,0.8981948242876368
788e192b-bfcd-4107-af7b-7e8911bf3c1b.png,malignant,malignant,0.8786929187770356
6692a3b2-9993-45a0-96ef-297966e7fb6c.png,malignant,malignant,0.4843272446228624
6b25eb19-4af2-4de3-8518-d39f1cd8d39c.png,malignant,malignant,0.9609066118860563
48d67342-a025-4dc2-8db7-535bec8b0a97.png,benign,benign,0.9155833503863922
955354f9-a2e3-4587-90b0-9539f465878b.png,benign,benign,0.7975352904397729
3e079d63-6687-4f47-981d-305c5af3be3a.png,benign,benign,0.7731257141028995
98f82416-8b63-490f-b41f-2a644ed3ed65.png,malignant,malignant,0.9311562936169271
710cc059-5722-43c1-b803-4f2e96bc5aa0.png,malignant,benign,0.5569530878599626
b0efb4b5-bd54-4a09-95bb-04743fb2b6a8.png,benign,benign,0.5677749562215282
63aa969b-90d7-47df-a696-5f1a31187cfa.png,malignant,malignant,0.9014413228730696
d9987618-1fa7-4702-b086-f2e28470fabd.png,malignant,malignant,0.9812550327903169
fe146c47-8f74-4308-8a64-db2cdd4eaafe.png,malignant,malignant,0.9183809571188616
c7b8bbea-02c8-4b67-94a6-ff5c4a6e5044.png,benign,malignant,0.9074300228619727
6c58e7ef-7a58-4518-921f-8779c8bb7446.png,malignant,malignant,0.5173533867942007
84a34293-fe3c-4b38-bb7e-654232b5d128.png,benign,benign,0.6420900295177568
e4c4e7e4-e028-4edf-9911-7c02b4a6dbbf.png,benign,malignant,0.8070154626844346
b1ee3f71-fa64-4bd1-8165-484d9dd734e7.png,malignant,malignant,0.8318655610486403
3ae9a7da-5437-4309-b09a-df58d777a586.png,malignant,malignant,0.8301720824101356
648b397b-7abf-4a57-84b3-a37285ff2c90.png,malignant,malignant,0.9331919996260454
1f4d30f1-c6d4-42ec-bf23-54ebabde58bf.png,malignant,malignant,0.8701459295359433
97fc2b62-e464-478c-aad3-a3bac5f1203f.png,benign,benign,0.9917138630568259
055b7a27-50da-4009-992f-8902823bfb52.png,malignant,malignant,0.9601100173846383
f71b334d-aeb5-436b-af49-30ffcd63e14c.png,malignant,malignant,0.8721106469509023
af2c9b1d-7b00-43c5-85c5-274473e9bd75.png,malignant,malignant,0.855659241979522
9352e110-35f1-4aa1-b964-9c5dae446997.png,benign,benign,0.6628388553686627
099142c9-be31-49bd-b590-e53e1a9acb7f.png,malignant,malignant,0.7253623088438585
67a5d30d-e8d4-447e-ace3-4b0bb70d01a9.png,benign,benign,0.8453064553627349
e54db9be-6d0d-4ee6-bedc-74f8c6e307f6.png,benign,malignant,0.7926340421663971
c7bcf29b-fc46-47d5-b21f-54a37701b632.png,benign,benign,0.7595079502206871
a9cbd4a4-9aa8-4a4a-b292-f4d771b274cb.png,benign,benign,0.9573877822993845
c2d4df77-42f6-4aa5-914c-11d122f22a4c.png,malignant,malignant,0.6915748195352913
0bce332b-1d74-4096-8817-cc2da0ef2e99.png,benign,benign,0.9759329584584616
da3c2921-6e89-477b-b1b0-e06fe7a239f5.png,benign,malignant,0.6384311951512223
9a08a0cf-f45e-40ba-9ac2-4a8204b5429c.png,benign,benign,0.9789375075102997
e8fa499c-61b3-44c0-878b-f410aecaca9a.png,malignant,benign,0.5859519776516301
8966a717-c8f7-44f9-830d-d44867fef6f5.png,benign,benign,0.7010466310682197
75ea6a64-c46b-40c6-b5fa-a1a5459e0cdf.png,malignant,malignant,0.8442662929121513
5eb8a38c-5c80-41ef-b1a9-54826edcac1e.png,benign,malignant,0.5247606308430355
d36db547-f384-463c-9e47-d94b84b6e4d2.png,benign,benign,0.7227488320848773
4761d3b5-65ce-4b00-8920-97c98c88e7f3.png,benign,malignant,0.9007178469559747
46a522bd-95fc-4225-8e3f-ae29d24a502f.png,benign,benign,0.6598241811909953
72537069-51c8-4ab9-b1fd-cb6345f4fed1.png,benign,benign,0.9323886375774527
7da0f48e-2f39-499b-ac93-387ac69ca712.png,malignant,malignant,0.9328871198166824
ad065702-2c53-455a-bd40-dc29cf53cad3.png,benign,benign,0.9491682522523521
3375688b-bba6-4ca4-aa6f-9341cae58c10.png,malignant,malignant,0.6446002815597732
7f1b5ee2-6a34-4f3f-bd37-9d1b936e2c6e.png,malignant,malignant,0.8178989787570824
f88fcb01-877f-4f84-8adb-5a7b4ed23f38.png,benign,malignant,0.5
d5af4eac-3c23-4fad-9d14-0069df822b86.png,benign,benign,0.7517490064968981
952ef3ba-c052-45bc-8918-16b283a57223.png,benign,malignant,0.5159498712845034
1a64870f-8bde-4f92-970c-ee69a96a373e.png,malignant,malignant,0.9325344168573427
d8051a7b-5a5e-42fa-b2e6-54512c8a41d9.png,malignant,malignant,0.906640594744847
715f5d63-e55d-46dd-90de-3ef949c58a47.png,benign,benign,0.6202582347523089
9fe3f510-d0ec-47fe-97fb-db3a9e266126.png,malignant,malignant,0.8764188700173959
0a44b1c7-c8e9-4fdf-8559-177e51b7d9da.png,benign,malignant,0.8768777488857706
ea5857de-7b24-41a9-b69f-c6eb9e595bd2.png,benign,malignant,0.6854937138976096
b21d0db0-253b-46af-b1c9-e904c9cd2bd7.png,benign,malignant,0.9052615855961084
0aa5c55c-fcfa-41ee-8453-a157c21a5bd6.png,malignant,malignant,0.9471670761895791
64961a2f-4df5-4357-9df1-8292b952d71e.png,malignant,malignant,0.7763858251823397
73f3f4ec-5bda-4778-b6ee-3f583887e6bd.png,benign,benign,0.8815319443704217
422c12f3-ff23-41f4-b011-1f814d7b8f81.png,benign,benign,0.8955009235839768
e7ee5dde-e5f3-4ff8-823a-fd4f133919fb.png,malignant,benign,0.6319839251264429
5de9155c-2cbe-4f35-a5d5-1949c377f3ab.png,malignant,malignant,0.7597146520695441
d7855bba-8691-4da2-9fae-2821f40b9977.png,benign,malignant,0.4907518610890558
3be3d5ed-920c-45b8-aa98-4682bb0983bf.png,benign,benign,0.8260245995320858
2e7e6435-4ac6-4564-b7ff-23047edbeadc.png,benign,malignant,0.7210893062231841
1cfece0f-5ad7-498e-823f-3e77ba8c2f66.png,benign,benign,0.8140207305332123
4ad4d2e4-2a64-40bb-8bc4-4d9cb330ba0b.png,malignant,malignant,0.9071217131111862
3d8757c8-1c35-4a69-af20-87e0fff0e20c.png,benign,benign,0.5209101498978795
73ef11cb-a934-4e51-ab96-7dba002d88cf.png,benign,benign,0.7850069608220336
d2e3ce4d-3180-40eb-b592-511c4dd2a145.png,benign,benign,0.9353129018937234
cef51235-70cd-4d11-8335-cbb19bc88ce8.png,benign,benign,0.8743342066726346
ef1b87c8-ff7b-4698-80b2-2bfa10048e47.png,malignant,malignant,0.6549152812513401
3c1393d2-8d07-48c5-a69e-d8bdb681c0f1.png,malignant,malignant,0.7526889686827646
3f39d356-3e70-4153-b13b-d445ae3908a8.png,benign,benign,0.9048338846922404
3a515f96-8dd2-405e-b2dc-4040d5909ca9.png,benign,benign,0.7581909571057651
5b2b7ca8-f3d9-46f3-80e9-0f53abfcf46f.png,benign,benign,0.7719107954597647
702dfcc8-71f4-4163-a378-dc26635626db.png,malignant,malignant,0.9434834825215453
d5ef62db-d4ef-4d18-bc6c-33dd553c86b9.png,benign,malignant,0.5683372424897698
9c8d746d-26d5-49dd-a4ed-4eadc3d0a6af.png,malignant,malignant,0.9013990168601759
c7fe82cb-e8d0-411b-916e-1909d132053d.png,malignant,malignant,0.9106721018983347
61acaa26-e07b-40d2-90d3-b87290bc191a.png,malignant,malignant,0.8145006881960837
a2ed37fe-2234-477f-8d12-4cda006e5f89.png,malignant,malignant,0.9669448298892614
b4da7475-e846-4fd4-96da-01a6debd7890.png,malignant,malignant,0.9642358341442083
1fc4db22-72a9-4f15-8365-0cb73066b09a.png,benign,malignant,0.8215682698425049
3380002d-c9be-48dc-a2b2-988533b1fd51.png,malignant,malignant,0.9838318853373359
142bd97c-e453-4354-a3e3-f9c3d67bc271.png,malignant,malignant,0.9631868718361714
4cf11f3e-8e87-4feb-8645-d115018a834c.png,malignant,malignant,0.9653819658418574
3fc00765-fa36-4aca-aac3-ab9be4056807.png,benign,benign,0.9277913300213322
9666cfc0-28ee-4859-8c1d-e51186be1f8e.png,benign,malignant,0.9365605681122904
66c680ec-6dfe-4921-8f5b-6a336f7b5326.png,benign,malignant,0.9048188886645183
73f4ced0-7385-4dd0-a820-60421660feb4.png,benign,malignant,0.896368831012917
747bb8c5-a5ec-4510-8776-ef22705bcc11.png,benign,malignant,0.8740344584945681
4fcf5cf3-588f-47ff-8ee9-1bc2e2b806a1.png,benign,benign,0.896533830768197
cb9e58de-107c-4ffe-b26f-6f95c95f238d.png,benign,malignant,0.5452140965299447
cda8d9c9-a680-40d3-b157-7c38f52c299d.png,malignant,malignant,0.8684012118927468
02a9c8b3-cede-447d-8a17-31604aaff04b.png,malignant,malignant,0.933775947111007
14e2f6e1-fd5a-4f9e-b604-cc512113747c.png,malignant,malignant,0.9287770175145186
5e0c46a3-b166-486f-98a6-4ebc2323d9dc.png,malignant,malignant,0.9723544304213233
7206826a-6dc8-42d9-bb33-f7f838528ad5.png,benign,benign,0.7542329928245173
cfff0b1a-94e1-46d7-a82d-87c867e3f161.png,benign,malignant,0.633492464502262
059107b2-33aa-41a9-a3d5-9b5c3cb9d87f.png,benign,benign,0.9340554326212848
cf944ca1-5f49-4555-9aac-13e626d0ebed.png,benign,benign,0.8522299399636063
a1b726b9-dcb9-4fb1-8de0-6e4a934c5905.png,benign,malignant,0.8786617712605326
a0432fde-c63d-4070-b84a-3f98c60c5d45.png,malignant,malignant,0.9153161416570785
40b58d27-dd7c-406e-916f-08db8a56bc7b.png,benign,malignant,0.705224227206443
9f072b42-51ce-4df4-94cd-572ab660fe89.png,malignant,malignant,0.8635593770805575
157c35e1-a69a-4786-a5a2-74368d275006.png,benign,benign,0.6707826093120175
4396b67f-1f38-47b9-bd51-e7b478b57ce7.png,benign,benign,0.7879797843739066
f9b1f165-bec1-4812-a120-5d6eb9b16be5.png,benign,malignant,0.6578877386035673
1e37cdf4-75f7-45a8-b44b-c80393e42810.png,benign,benign,0.8547659190407915
092c1a32-508e-4ff3-a44c-849a883ae2e3.png,benign,malignant,0.5493693155316857
f6565aad-837a-40ea-a11d-632e751f3a96.png,benign,benign,0.7688150221119584
0fa17225-5836-4d9c-b217-efe35abe453e.png,benign,malignant,0.566626435021732
458efd6a-48c9-42bc-b469-3f661524568b.png,benign,benign,0.9130588915486938
a54322c9-e0ee-422c-bb68-555479931867.png,benign,benign,0.5640195770934342
75439596-2265-4612-b4bb-1fbf06c8537d.png,benign,malignant,0.5869035472891929
7bfa515f-956c-491a-a893-f030d6c2ea3f.png,malignant,malignant,0.9523560108070162
ef7e44a9-6526-4d18-9ad2-fa98242d03c9.png,benign,benign,0.8731330337288319
3f6c5b5d-8a21-4d7d-bf52-6fdecd4de090.png,malignant,malignant,0.5437131503105852
382d7dd3-aec4-451e-b4e1-7f3cb8e68a83.png,malignant,malignant,0.9359016592616282
b13a775f-941c-4b1c-ad70-dc52531a60f8.png,benign,benign,0.5178242459528792
9c11050d-5a6d-4290-a3a4-070a0f1faec3.png,malignant,malignant,0.9666259172706413
36c2a632-cded-445f-940f-41fcfd6c38c8.png,benign,benign,0.8335840350103476
d73509a2-37e1-44ab-a417-8197b939ca08.png,benign,malignant,0.872620033892777
5fa7e971-42a7-4cda-b94a-3ac7b4e48aec.png,malignant,malignant,0.9773189216558241
11c9c949-0de1-4839-afee-c88205476fb0.png,benign,benign,0.9907693607960406
047b302c-1f64-4569-b2e5-822d0bce6a51.png,benign,malignant,0.7152091097116877
6698a4df-4282-416d-9181-1b96fd2f94c4.png,benign,benign,0.6991662323216938
e6546be1-1dba-4f42-a442-844e9807f1dd.png,benign,benign,0.7584793127061548
b6f2fbb8-e3ae-44af-99d9-4d7b684d50a9.png,malignant,malignant,0.9175051573899312
d438ed02-5367-43a9-b314-944fab3d09cc.png,malignant,malignant,0.9646612614779789
4b00d3fc-e004-4691-a377-376b39da865b.png,malignant,malignant,0.8761557443501039
11329c26-77e0-4125-a93c-d0edffe190d5.png,benign,malignant,0.8878937595897217
b1837324-112a-4a76-9c79-2edd654620d4.png,malignant,malignant,0.9837482738411608
33f6114e-d98e-45d6-b321-049a2aa10e98.png,malignant,malignant,0.97238476248716
06642142-c54c-45ab-b64b-19bed26531a7.png,benign,benign,0.5920242064617277
cbb1019b-08e0-4ddf-a04f-7e27608c2a65.png,benign,benign,0.9692560072447107
c2a65a44-b2ea-4e42-b68f-ab24ca63b100.png,malignant,malignant,0.6589559727817251
5b2b0feb-74d6-4a6d-a4cc-190596a1f3ab.png,malignant,malignant,0.8861018589126565
e9ae2c22-03d7-43a2-8b3a-dd555e93ef0d.png,benign,malignant,0.9028435728403194
78ba1df4-6a31-4bbf-83c6-86f3554c551b.png,benign,benign,0.6967696470590715
cb991d21-0c46-4328-b38c-30f4fe47249b.png,malignant,malignant,0.7634380559083885
eb95b2a8-adc1-4644-8671-c60173075559.png,malignant,malignant,0.9897976049434262
f61c001c-0360-4fea-9ba8-75fbec5be819.png,benign,benign,0.8661123398022714
b0e4143c-fd53-4f2d-956c-dabcfd2d3f42.png,malignant,malignant,0.9783804262256136
65c9e6db-3c78-49a2-bccf-c29dd8ff49ec.png,malignant,malignant,0.9830915861946035
b23eafff-0d33-4b50-b3b7-2e7540ebb1d5.png,benign,benign,0.521497103887607
46b50329-c592-4d92-8755-dac527fea9d5.png,benign,malignant,0.5203825124488443
9a2510cf-56d4-4393-9737-a40b4d092873.png,malignant,malignant,0.956414542658378
04f4504d-b94a-48e2-b21c-9421479c8c1e.png,benign,malignant,0.8122710176904258
3376f6c6-4ec5-4750-9693-445f2159bde8.png,benign,malignant,0.5788075799194211
56823a47-051a-4d99-8e17-c004fe2b0854.png,benign,malignant,0.7258190014861481
b68dbbe5-7ac7-4e69-85a7-70a36bc5260e.png,benign,malignant,0.917208345462763
03594454-6b33-4958-b808-8dfdd7968461.png,benign,malignant,0.6362406464617933
1e11a04a-27cd-4d01-b6ed-274b9c2c8237.png,malignant,malignant,0.8435174227373119
4ab3fa89-4c50-42c3-ab1d-e267202b4f8c.png,benign,benign,0.8591097525743416
758284ab-ffac-497c-acc9-c4fb34246403.png,benign,benign,0.6552621137879944
8aeb25cb-c873-4ba1-9503-1109c7fb12fa.png,benign,malignant,0.9515277051581863
95a25611-69f4-4e7e-83e4-3a7db7e773ed.png,malignant,malignant,0.9143415566593388
26fcedc5-17b0-402f-92a1-99928f9fb19d.png,malignant,malignant,0.6769087730535118
e0f349fe-f21d-418e-89b8-f6aa851d0d5f.png,malignant,malignant,0.9854097369417822
a18dccc8-7ea8-459f-ac4b-ae5a90dff3c8.png,benign,benign,0.9386511712363871
d452fd59-8288-4030-b77e-b2eefbaa1d3f.png,benign,benign,0.8375049717888614
7ebba921-b125-4ec8-b042-62bce47f8b98.png,malignant,malignant,0.6386841970380088
29476683-7b4a-439f-8522-0af70e892b81.png,malignant,benign,0.5660250466922159
75543e37-18a7-41d6-b65d-b892755683b4.png,malignant,malignant,0.8527263599302094
e8b3d232-4ee6-4d2c-b297-3faff1c0d679.png,benign,malignant,0.6301507451062706
f3955aef-d2e9-4a4c-9f24-b001c88c2bdd.png,malignant,malignant,0.49100959379698234
2605f622-fa19-4971-909f-8aaec7906429.png,malignant,malignant,0.9342814212184574
1dc0a9f0-d4a9-404b-9bb3-bdbd18ac8a62.png,malignant,malignant,0.8383450640365061
b338ffff-c631-4925-bdad-134c4a9d06e4.png,benign,benign,0.7811079551951738
8471ce91-56d4-4b19-9638-d2134d57e4d0.png,malignant,malignant,0.9131945498794518
05ab2527-1147-4b97-8a9f-916b2c8bb928.png,benign,malignant,0.8127896579477049
23bfd4cd-20f5-4682-8bd7-32fccebdfbea.png,benign,benign,0.6479524875216983
9c2b5ae0-06ce-4aef-b1dc-041ef5ed4c0a.png,malignant,malignant,0.7745360110152989
461458d5-5bf4-4c6b-bbe5-10d0403f7303.png,benign,benign,0.7415504881332208
64d4c598-e072-409c-a388-70a8c0ccd4f9.png,benign,benign,0.9045033317192694
83459b4d-4216-46b3-b573-4021c6e1692f.png,benign,malignant,0.6009662580885446
bb207dc3-de0e-4b36-a4eb-054c5ce50b5b.png,malignant,malignant,0.7911599480358944
24e63a61-2156-403d-ab2c-6b35ec89fecf.png,benign,malignant,0.9318183724730918
fa7e8f59-4585-4a6c-b9ec-59e929a7eb6e.png,malignant,malignant,0.5085820532686428
99b785cc-53d9-40e9-87e5-f39eb8c58043.png,malignant,malignant,0.927497964260945
c9344ccc-bb98-41f5-a06e-15f61e83bf9b.png,benign,benign,0.8562726937364509
d9af0e73-637a-455d-b753-9735431e348c.png,benign,malignant,0.957117238822469
5f7d32f0-c5e7-4940-a912-fcc6feaa3e5b.png,benign,malignant,0.5706779418206228
3a7a5ced-2b39-4de3-8e98-cf7f73eda24e.png,benign,benign,0.8040880559107971
5614ed8e-6f0b-4d7e-b8ed-e7e8823987e2.png,malignant,malignant,0.9282066876640871
9f324201-0de7-429d-a2f8-6990129fd5e8.png,benign,malignant,0.8146857939062738
42ea76a1-7181-4321-8c25-9510c4305fba.png,malignant,malignant,0.9452329358683792
034545ad-7c30-4717-8f7e-f06df0ae3fca.png,benign,benign,0.8808997617304546
821c40b1-a280-4a99-9f8d-278a9e3bd166.png,malignant,malignant,0.9440963624360774
08e67e31-75dd-463b-8b10-fe16903a046b.png,benign,benign,0.6474466186897411
fe9cd23a-8222-409b-8f37-bbec20d04044.png,benign,benign,0.5238759089479575
55098b1f-e19a-4197-9139-dd0401e03866.png,malignant,malignant,0.9493866855452677
9ee23521-1941-43fd-8374-8dc389a53476.png,malignant,malignant,0.9824765627408084
5fab4292-5ffe-4c75-bf11-983fd70e90ec.png,malignant,malignant,0.8988582044033585
a21f0893-2e66-4aa6-9dd3-4d1ac8f1055b.png,benign,benign,0.8285516131904345
49fd53a3-a3dd-4db5-a700-3c24c5efaa16.png,benign,malignant,0.9439859082902848
758d6c48-1063-4a43-b4d7-04c3da38f111.png,benign,benign,0.6503963464383442
5f5d8e31-3e1b-4324-b7ae-5bdb72cb3808.png,malignant,malignant,0.9774438155054848
154102f4-b590-459f-9a2c-69143b9973ff.png,benign,malignant,0.9128926410221937
1368a68c-532b-4d59-90f1-dfc864f565ef.png,malignant,malignant,0.6048148085695083
41bd999b-d50f-4fc9-b8a1-b24d64e9067a.png,benign,benign,0.972246175290366
b6c6643f-6f5f-43aa-936f-8412169cb083.png,benign,benign,0.8234760490086219
5f336717-b887-4662-bbf9-5141f71c94b6.png,malignant,malignant,0.9736116251846945
cb44e1cc-08e8-4bfe-b8bd-17eff4bba0f0.png,benign,benign,0.8727261328513727
906f6a80-a4f2-4131-9ed8-990c8af6e36b.png,benign,malignant,0.4866343723979765
b73b0881-8c78-4bdb-9729-c6f706bb2b17.png,malignant,malignant,0.7666992908840543
9b1605fc-c4fc-4f99-b226-34c30d2d7702.png,benign,malignant,0.5499385964367031
fb4c031e-c8c5-4db7-939c-f0a685283442.png,benign,malignant,0.6126805486548268
52f0789d-9ae3-4db5-8bae-8cbcb3af1eed.png,malignant,malignant,0.9293496629539901
94b3fe95-47ba-45ab-91c3-cfe144a53fda.png,benign,malignant,0.7416192681076952
fa8d600c-f1e0-4cdb-918a-f6c4c706142b.png,malignant,malignant,0.8895125918680286
afa1f59f-7886-41d5-9f58-84d43a30f698.png,benign,benign,0.7880971019880445
c707a396-232a-4bbf-8367-5cbf2c202af7.png,benign,benign,0.5914020014377649
544a83ef-8f59-4abb-83d1-13c6634ea398.png,malignant,malignant,0.9119256729079166
34e5655a-ddd4-4ca9-9a75-ab021bd26fcd.png,benign,malignant,0.6646523114476881
52924db9-ce4d-49b7-9cc1-7449dca0a35a.png,malignant,malignant,0.6552245655750307
24f52487-36e4-4af8-a94f-ec49c0a8017c.png,malignant,malignant,0.9769596037968596
1e37a626-0fd5-4dcf-b217-a6942d953c46.png,malignant,malignant,0.9317493965134774
1d2d5932-f8db-496c-9d79-575083fdf7ae.png,malignant,malignant,0.6860508804663888
7f5dd37f-8823-4663-9ba4-220ecbee35ad.png,malignant,malignant,0.9738063186112355
665c99db-3a1f-45ce-831d-5f62d654b089.png,malignant,malignant,0.9799353786883837
000493.png,malignant,benign,0.920127467279792
000014.png,malignant,malignant,0.967165801462755
000158.png,malignant,malignant,0.8651811539997402
000244.png,malignant,benign,0.7372936618061493
000359.png,malignant,malignant,0.9447026707138397
000072.png,malignant,malignant,0.6210850266364006
000406.png,malignant,malignant,0.7869506548496061
000478.png,malignant,malignant,0.6658077062039857
000109.png,benign,benign,0.9399086102079269
000282.png,benign,benign,0.8631814119520018
000284.png,benign,benign,0.732422143760546
000311.png,benign,benign,0.6891205965227073
000324.png,benign,benign,0.7067936432113688
000439.png,benign,malignant,0.5
000495.png,benign,malignant,0.50851080061929
000632.png,benign,benign,0.6965818382221846
000642.png,benign,benign,0.7358067686584694
000111.png,benign,malignant,0.5088193731622522
000172.png,benign,malignant,0.54138946076431
000259.png,benign,benign,0.747886332387056
000602.png,benign,benign,0.9782772802716223
000605.png,benign,benign,0.8641884195917793
000473.png,benign,benign,0.8412025590982594
000375.png,benign,malignant,0.5667036297510363
000549.png,benign,benign,0.6586746135643086
000513.png,benign,malignant,0.6051456816836475
000603.png,benign,benign,0.6045557082526359
019823VB.jpg,malignant,malignant,0.9419472551102761
040272HB.jpg,benign,benign,0.6004699905095218
10191-1.jpg,benign,malignant,0.6463347626526514
015565HB.jpg,malignant,malignant,0.9283253176509483
023442VB.jpg,benign,malignant,0.5128816021663423
040074VB.jpg,benign,malignant,0.8736174188580301
015977HB.jpg,malignant,malignant,0.8582475483010885
015677HB.jpg,malignant,malignant,0.8806159300825976
015540VB.jpg,malignant,malignant,0.8274111786766516
037759VB.jpg,benign,malignant,0.5509767540943443
019468HB.jpg,malignant,malignant,0.8979005061054599
020248HB.jpg,malignant,malignant,0.9035598729092812
015952HB.jpg,malignant,malignant,0.8867773695531241
029529HB.jpg,benign,malignant,0.8019560961217763
040770HB.jpg,benign,benign,0.8650089357200276
10522-DSC02271.jpg,benign,malignant,0.5607071169179383
043383VB.jpg,benign,malignant,0.8942931990182214
003086HB.jpg,malignant,benign,0.5417114145557139
001018HB.jpg,malignant,malignant,0.9572355311702189
015839HB.jpg,malignant,malignant,0.8869796415842559
029767HB.jpg,benign,benign,0.5176525861420304
019373HB.jpg,malignant,malignant,0.8860303132912214
044507VB.jpg,benign,malignant,0.7408270174092665
020181HB.jpg,malignant,malignant,0.6523670637469796
019256HB.jpg,malignant,malignant,0.8387694796308838
015851HB.jpg,malignant,malignant,0.9122171867913247
019443VB.jpg,malignant,malignant,0.8357830761486759
040503VB.jpg,benign,malignant,0.7726183478193357
019328HB.jpg,malignant,malignant,0.9112753692016105
042637VB.jpg,benign,benign,0.6225603043178393
003441HB.jpg,malignant,malignant,0.7672679705651092
045653VB.jpg,benign,malignant,0.5185123211122763
10280-DSC02447.jpg,benign,malignant,0.6363854752328207
019405VB.jpg,malignant,benign,0.5848463553527834
038246HB.jpg,benign,malignant,0.7844859916790027
019305HB.jpg,malignant,malignant,0.6597645033310503
046288VB.jpg,malignant,malignant,0.9702498945756516
044541HB.jpg,benign,malignant,0.5637118209057551
015769HB.jpg,malignant,malignant,0.8300827419371262
004827VB.jpg,benign,malignant,0.9235313416573031
025704VB.jpg,benign,malignant,0.8603356934171207
020186HB.jpg,malignant,malignant,0.8958354961598471
009877HB.jpg,benign,malignant,0.7342972201724477
039818HB.jpg,benign,benign,0.6663469779269764
019581HB.jpg,malignant,benign,0.5543452534495522
009379HB.jpg,benign,malignant,0.5786908548634591
020237HB.jpg,malignant,malignant,0.854918743186516
015840HB.jpg,malignant,malignant,0.8663430714792758
011001HB.jpg,benign,benign,0.8923625990507907
015832HB.jpg,malignant,malignant,0.8632580111171994
001618HB.jpg,malignant,malignant,0.8898365948771896
015472VB.jpg,malignant,malignant,0.9781906172235303
019956HB.jpg,malignant,malignant,0.9751640964147342
015831HB.jpg,malignant,malignant,0.7512693636748616
026800VB.jpg,benign,malignant,0.7035907452221705
043940VB.jpg,benign,malignant,0.8736177828501644
019221HB.jpg,malignant,malignant,0.7399161560472065
002833HB.jpg,malignant,malignant,0.9542631573122206
029069HB.jpg,benign,malignant,0.8037692681750488
003510VB.jpg,malignant,malignant,0.6838009527978433
043395HB.jpg,benign,malignant,0.7386698044777981
002829HB.jpg,malignant,malignant,0.7999426734607743
031856HB.jpg,benign,malignant,0.7830924406306994
024681HB.jpg,benign,malignant,0.7735892880678239
010069HB.jpg,benign,malignant,0.6668914012246983
000607HB.jpg,malignant,malignant,0.7652802219465454
040273HB.jpg,benign,malignant,0.6739965387503326
015670HB.jpg,malignant,malignant,0.9244066481662885
039117HB.jpg,benign,malignant,0.6945432596705153
033598HB.jpg,benign,malignant,0.7100619045844017
038408HB.jpg,benign,malignant,0.5686254193712745
006045VB.jpg,malignant,malignant,0.9874415622505798
009989HB.jpg,benign,malignant,0.7193870138414701
041818HB.jpg,benign,benign,0.7751874481453964
012170HB.jpg,benign,benign,0.6522300784382958
024166HB.jpg,benign,benign,0.606787682685941
020185HB.jpg,malignant,malignant,0.9460928136614152
029060VB.jpg,benign,malignant,0.6218404213761244
020151HB.jpg,malignant,malignant,0.9430175311849679
037093HB.jpg,benign,malignant,0.6549856622542962
028698VB.jpg,benign,malignant,0.9020798945874741
020009VB.jpg,malignant,malignant,0.5329512328338665
024991HB.jpg,benign,malignant,0.6386477093248324
