img_id,true_label,pred_label,prob
ISIC_0034524.jpg,benign,benign,0.9972363394539926
ISIC_0034525.jpg,benign,benign,0.9873053097821674
ISIC_0034527.jpg,benign,benign,0.7711798327766222
ISIC_0034528.jpg,benign,benign,0.948509606867999
ISIC_0034529.jpg,malignant,malignant,0.7607704864777615
ISIC_0034530.jpg,benign,benign,0.997651123042877
ISIC_0034532.jpg,benign,benign,0.9871938806531411
ISIC_0034533.jpg,benign,benign,0.9903054070092543
ISIC_0034534.jpg,benign,benign,0.9966180581642694
ISIC_0034537.jpg,benign,benign,0.9218342291921184
ISIC_0034540.jpg,benign,benign,0.9797194441801473
ISIC_0034541.jpg,benign,benign,0.9840752728488322
ISIC_0034543.jpg,benign,benign,0.9966386234960644
ISIC_0034544.jpg,benign,benign,0.9844903964567532
ISIC_0034548.jpg,malignant,malignant,0.7921966954352662
ISIC_0034551.jpg,benign,benign,0.9950971295259508
ISIC_0034552.jpg,benign,benign,0.8373250985305255
ISIC_0034553.jpg,benign,benign,0.9809260102359156
ISIC_0034556.jpg,benign,benign,0.9978499188332278
ISIC_0034557.jpg,benign,benign,0.9956336066142538
ISIC_0034558.jpg,benign,benign,0.8994275653609634
ISIC_0034559.jpg,benign,benign,0.9782869310566851
ISIC_0034560.jpg,benign,benign,0.993155800623535
ISIC_0034562.jpg,benign,benign,0.9974589898060774
ISIC_0034563.jpg,benign,benign,0.9787464079856099
ISIC_0034564.jpg,benign,benign,0.9945609301970395
ISIC_0034566.jpg,benign,benign,0.994471057334307
ISIC_0034567.jpg,benign,benign,0.9982440212460756
ISIC_0034568.jpg,benign,benign,0.9967319186836012
ISIC_0034569.jpg,benign,benign,0.7728275547839016
ISIC_0034572.jpg,malignant,malignant,0.8836837632183252
ISIC_0034573.jpg,malignant,malignant,0.5
ISIC_0034576.jpg,benign,benign,0.9967489361449829
ISIC_0034577.jpg,benign,benign,0.9914594356920737
ISIC_0034580.jpg,benign,benign,0.9801523113199224
ISIC_0034581.jpg,benign,benign,0.8969925416841965
ISIC_0034582.jpg,benign,benign,0.9878513253911222
ISIC_0034583.jpg,benign,benign,0.9721738733217663
ISIC_0034584.jpg,malignant,benign,0.9608437041360673
ISIC_0034586.jpg,benign,benign,0.8800423711790594
ISIC_0034587.jpg,benign,benign,0.990117310975034
ISIC_0034589.jpg,benign,benign,0.9959115311358429
ISIC_0034590.jpg,benign,benign,0.9251267675623872
ISIC_0034592.jpg,benign,benign,0.9858008080967466
ISIC_0034593.jpg,benign,benign,0.9850887944186197
ISIC_0034594.jpg,benign,benign,0.996450747017769
ISIC_0034595.jpg,malignant,malignant,0.6784983943476582
ISIC_0034599.jpg,benign,benign,0.8965543117124155
ISIC_0034600.jpg,benign,benign,0.990415626233778
ISIC_0034601.jpg,benign,benign,0.9929229316654983
ISIC_0034602.jpg,benign,benign,0.9914568778297685
ISIC_0034603.jpg,benign,benign,0.9550681167980988
ISIC_0034604.jpg,benign,benign,0.9688124688187432
ISIC_0034605.jpg,malignant,malignant,0.5271443850930098
ISIC_0034607.jpg,benign,benign,0.99473014210777
ISIC_0034609.jpg,benign,benign,0.9365200162338663
ISIC_0034610.jpg,benign,benign,0.9896483545017947
ISIC_0034611.jpg,benign,benign,0.9887709980918411
ISIC_0034613.jpg,benign,benign,0.8513242728671574
ISIC_0034616.jpg,benign,benign,0.9981709430409436
ISIC_0034617.jpg,benign,benign,0.6988055073678109
ISIC_0034619.jpg,benign,benign,0.9925758952853637
ISIC_0034620.jpg,benign,benign,0.9943139210260646
ISIC_0034621.jpg,benign,benign,0.9409799238339333
ISIC_0034623.jpg,benign,benign,0.9951801191541698
ISIC_0034624.jpg,benign,benign,0.9924557288863722
ISIC_0034625.jpg,benign,benign,0.9964829800682752
ISIC_0034626.jpg,benign,benign,0.9944700847431234
ISIC_0034627.jpg,benign,benign,0.9264906435607222
ISIC_0034628.jpg,malignant,malignant,0.7078778531282937
ISIC_0034629.jpg,benign,benign,0.779668490783957
ISIC_0034630.jpg,malignant,benign,0.9026207216877332
ISIC_0034632.jpg,benign,benign,0.7900874862991822
ISIC_0034633.jpg,malignant,malignant,0.6745216434077699
ISIC_0034634.jpg,benign,benign,0.9926480589917894
ISIC_0034635.jpg,benign,benign,0.8567455867643009
ISIC_0034636.jpg,benign,benign,0.9962077645877644
ISIC_0034637.jpg,benign,benign,0.9676508332198006
ISIC_0034638.jpg,malignant,malignant,0.8284786326260499
ISIC_0034639.jpg,benign,benign,0.9927326440859098
ISIC_0034640.jpg,benign,benign,0.9907601768850394
ISIC_0034641.jpg,benign,benign,0.9979351546925392
ISIC_0034643.jpg,benign,benign,0.9969165066723922
ISIC_0034644.jpg,malignant,benign,0.7505468382116457
ISIC_0034645.jpg,benign,benign,0.9654181487958172
ISIC_0034648.jpg,benign,benign,0.9784753997839165
ISIC_0034649.jpg,benign,benign,0.9832760949844787
ISIC_0034650.jpg,malignant,malignant,0.973535525936318
ISIC_0034653.jpg,benign,benign,0.9976464114642187
ISIC_0034654.jpg,benign,benign,0.9951093618818936
ISIC_0034655.jpg,malignant,malignant,0.9748134881265278
ISIC_0034657.jpg,malignant,benign,0.9466398336703222
ISIC_0034658.jpg,benign,benign,0.974326394216273
ISIC_0034659.jpg,benign,benign,0.9988300403437042
ISIC_0034660.jpg,benign,benign,0.9742326627197712
ISIC_0034661.jpg,benign,benign,0.9724518652978859
ISIC_0034662.jpg,benign,benign,0.9623860807111919
ISIC_0034664.jpg,benign,benign,0.9979795204413792
ISIC_0034665.jpg,benign,benign,0.9910321997085851
ISIC_0034667.jpg,benign,benign,0.96323845325469
ISIC_0034668.jpg,benign,benign,0.9880350614983684
ISIC_0034670.jpg,benign,malignant,0.37479777703103734
ISIC_0034671.jpg,benign,benign,0.9956261452063337
ISIC_0034672.jpg,benign,benign,0.9433551610924557
ISIC_0034674.jpg,benign,benign,0.8055486750994845
ISIC_0034676.jpg,benign,benign,0.9983771138230975
ISIC_0034677.jpg,benign,benign,0.9886378100467409
ISIC_0034678.jpg,benign,benign,0.9919436290849432
ISIC_0034680.jpg,benign,benign,0.8294542193369502
ISIC_0034681.jpg,benign,benign,0.9959608322309202
ISIC_0034683.jpg,benign,benign,0.9957229650421083
ISIC_0034687.jpg,malignant,malignant,0.5763697965476972
ISIC_0034688.jpg,benign,benign,0.9766941947747372
ISIC_0034689.jpg,benign,benign,0.9831962763371518
ISIC_0034690.jpg,benign,benign,0.9622728588811218
ISIC_0034696.jpg,benign,benign,0.9822340044213722
ISIC_0034697.jpg,benign,benign,0.9798113340654653
ISIC_0034698.jpg,benign,benign,0.9848447492736582
ISIC_0034700.jpg,benign,benign,0.9971789418166587
ISIC_0034701.jpg,benign,benign,0.9099326857329292
ISIC_0034702.jpg,benign,benign,0.993790808147311
ISIC_0034703.jpg,benign,benign,0.9928905992737489
ISIC_0034704.jpg,benign,benign,0.9952750980274759
ISIC_0034705.jpg,benign,malignant,0.41921735814706446
ISIC_0034707.jpg,benign,benign,0.9702094772283475
ISIC_0034708.jpg,benign,benign,0.9982267816527318
ISIC_0034709.jpg,benign,benign,0.9836500707855319
ISIC_0034713.jpg,malignant,malignant,0.6125915530395307
ISIC_0034714.jpg,malignant,benign,0.8872607627667074
ISIC_0034715.jpg,benign,benign,0.9945098439143576
ISIC_0034716.jpg,benign,benign,0.9917893479080417
ISIC_0034717.jpg,benign,benign,0.9431642895309068
ISIC_0034718.jpg,benign,benign,0.9804230866764495
ISIC_0034721.jpg,benign,benign,0.997300121721905
ISIC_0034722.jpg,benign,benign,0.9964569731840649
ISIC_0034725.jpg,benign,benign,0.9142519763142937
ISIC_0034726.jpg,benign,benign,0.9942726210745312
ISIC_0034727.jpg,benign,benign,0.9348154788593669
ISIC_0034728.jpg,benign,benign,0.9903790016581873
ISIC_0034729.jpg,benign,benign,0.9777700533571126
ISIC_0034730.jpg,benign,benign,0.9299831597214931
ISIC_0034731.jpg,benign,malignant,0.9182588907494464
ISIC_0034732.jpg,benign,benign,0.8840513349799561
ISIC_0034735.jpg,benign,benign,0.9973319786416474
ISIC_0034736.jpg,benign,benign,0.9709373640004054
ISIC_0034737.jpg,malignant,malignant,0.962561881240421
ISIC_0034738.jpg,benign,benign,0.989312478787317
ISIC_0034740.jpg,benign,benign,0.9979572668046072
ISIC_0034741.jpg,benign,benign,0.9157872753461647
ISIC_0034742.jpg,benign,benign,0.9919992047556944
ISIC_0034743.jpg,benign,benign,0.9919551017663588
ISIC_0034744.jpg,benign,benign,0.9974007313681416
ISIC_0034745.jpg,benign,benign,0.9681000429534098
ISIC_0034747.jpg,benign,benign,0.9712359311861796
ISIC_0034749.jpg,benign,benign,0.9151975062656864
ISIC_0034752.jpg,benign,benign,0.9562018679562695
ISIC_0034754.jpg,benign,benign,0.9427249311945282
ISIC_0034756.jpg,benign,benign,0.9580041999852126
ISIC_0034757.jpg,benign,benign,0.9400313236103864
ISIC_0034761.jpg,benign,benign,0.9921674630034043
ISIC_0034762.jpg,benign,benign,0.9720255035320565
ISIC_0034763.jpg,benign,benign,0.994729951675682
ISIC_0034764.jpg,malignant,malignant,0.7266030253022536
ISIC_0034765.jpg,benign,benign,0.7632331097656194
ISIC_0034767.jpg,benign,benign,0.9619936142507288
ISIC_0034768.jpg,benign,benign,0.9893608412064765
ISIC_0034769.jpg,benign,benign,0.9804380341303048
ISIC_0034771.jpg,malignant,malignant,0.784425840906686
ISIC_0034772.jpg,benign,benign,0.9950876280028479
ISIC_0034773.jpg,benign,benign,0.9225941306772149
ISIC_0034774.jpg,benign,benign,0.989145426587297
ISIC_0034776.jpg,benign,benign,0.9571526217400069
ISIC_0034777.jpg,benign,benign,0.9963125410032659
ISIC_0034778.jpg,benign,benign,0.8383046605793635
ISIC_0034779.jpg,benign,benign,0.9960841113982488
ISIC_0034780.jpg,benign,benign,0.961928261299799
ISIC_0034781.jpg,benign,benign,0.991944686953283
ISIC_0034783.jpg,benign,benign,0.9631173717447017
ISIC_0034784.jpg,malignant,benign,0.767300361099387
ISIC_0034786.jpg,benign,benign,0.9622327479949094
ISIC_0034787.jpg,benign,benign,0.9951661432259722
ISIC_0034788.jpg,benign,benign,0.99588775597271
ISIC_0034789.jpg,benign,benign,0.9249752112510471
ISIC_0034790.jpg,benign,benign,0.9947305602619744
ISIC_0034791.jpg,benign,benign,0.9713164444877994
ISIC_0034792.jpg,benign,benign,0.9153532449301552
ISIC_0034793.jpg,benign,benign,0.9672780749325766
ISIC_0034795.jpg,benign,benign,0.9708266607153636
ISIC_0034797.jpg,benign,benign,0.8655682234152997
ISIC_0034798.jpg,benign,benign,0.9991416744148472
ISIC_0034800.jpg,benign,benign,0.9963451473335619
ISIC_0034801.jpg,benign,benign,0.9327776179104129
ISIC_0034803.jpg,benign,benign,0.9362602068385578
ISIC_0034804.jpg,malignant,malignant,0.7958758336334393
ISIC_0034806.jpg,benign,benign,0.9423796367519336
ISIC_0034807.jpg,benign,benign,0.9938198394580184
ISIC_0034808.jpg,benign,benign,0.9875667316581301
ISIC_0034809.jpg,benign,benign,0.9911342281258482
ISIC_0034810.jpg,benign,benign,0.99547082921069
ISIC_0034811.jpg,benign,benign,0.9671810650993947
ISIC_0034813.jpg,benign,malignant,0.7197373918722619
ISIC_0034815.jpg,benign,benign,0.8757689973620582
ISIC_0034816.jpg,benign,benign,0.9479172429267639
ISIC_0034817.jpg,malignant,benign,0.9677337126818263
ISIC_0034818.jpg,benign,benign,0.9155414150912686
ISIC_0034819.jpg,malignant,malignant,0.9863421601178393
ISIC_0034821.jpg,benign,benign,0.9902491246686275
ISIC_0034823.jpg,benign,benign,0.9964461518652344
ISIC_0034824.jpg,benign,benign,0.9918822444686457
ISIC_0034827.jpg,benign,benign,0.9953297643868724
ISIC_0034828.jpg,benign,benign,0.9826429631817418
ISIC_0034829.jpg,benign,benign,0.9955264010998995
ISIC_0034830.jpg,benign,benign,0.9962794272066884
ISIC_0034831.jpg,benign,benign,0.9924572511763653
ISIC_0034832.jpg,benign,benign,0.9758606551362827
ISIC_0034834.jpg,benign,benign,0.8763827273793696
ISIC_0034835.jpg,benign,benign,0.9960821344937458
ISIC_0034836.jpg,benign,malignant,0.751472526453582
ISIC_0034837.jpg,benign,benign,0.9969700719717637
ISIC_0034838.jpg,benign,benign,0.8855008265091123
ISIC_0034839.jpg,benign,benign,0.9241355499477182
ISIC_0034841.jpg,benign,benign,0.9621093425618208
ISIC_0034843.jpg,benign,benign,0.8544239260087145
ISIC_0034844.jpg,benign,benign,0.9937716799181813
ISIC_0034845.jpg,benign,benign,0.9306009252528576
ISIC_0034846.jpg,benign,benign,0.900353037586226
ISIC_0034847.jpg,benign,benign,0.9881014220908374
ISIC_0034848.jpg,benign,benign,0.9977567073750288
ISIC_0034851.jpg,benign,benign,0.9800754470163557
ISIC_0034852.jpg,benign,benign,0.9392699774084818
ISIC_0034853.jpg,benign,benign,0.9979454667727885
ISIC_0034854.jpg,benign,benign,0.9977069738760461
ISIC_0034855.jpg,benign,benign,0.9794688368848771
ISIC_0034856.jpg,benign,malignant,0.36333032928437836
ISIC_0034857.jpg,benign,benign,0.965175929904492
ISIC_0034859.jpg,malignant,malignant,0.9450504422008962
ISIC_0034860.jpg,benign,benign,0.9921044727196499
ISIC_0034861.jpg,benign,benign,0.964636107851316
ISIC_0034862.jpg,benign,benign,0.9863847036182541
ISIC_0034863.jpg,malignant,malignant,0.3231795215346757
ISIC_0034864.jpg,benign,benign,0.780396198846741
ISIC_0034865.jpg,benign,benign,0.9774930691095707
ISIC_0034866.jpg,benign,benign,0.9678477261874424
ISIC_0034867.jpg,benign,benign,0.9797394072187972
ISIC_0034868.jpg,benign,benign,0.994297037402063
ISIC_0034869.jpg,benign,benign,0.9970006356014384
ISIC_0034871.jpg,malignant,benign,0.785005937282899
ISIC_0034872.jpg,benign,benign,0.9918913992650601
ISIC_0034873.jpg,malignant,benign,0.7335796878055709
ISIC_0034874.jpg,malignant,malignant,0.8620301734879725
ISIC_0034875.jpg,malignant,malignant,0.9656162866997465
ISIC_0034877.jpg,benign,benign,0.9892071710880099
ISIC_0034878.jpg,benign,benign,0.9951462193433541
ISIC_0034880.jpg,benign,benign,0.9917743515666632
ISIC_0034881.jpg,benign,benign,0.9879097423607344
ISIC_0034882.jpg,malignant,benign,0.8114899151477325
ISIC_0034883.jpg,benign,benign,0.9788358328312272
ISIC_0034884.jpg,benign,benign,0.964232541331401
ISIC_0034885.jpg,benign,benign,0.9150893883176326
ISIC_0034886.jpg,benign,benign,0.9390883510908806
ISIC_0034889.jpg,benign,benign,0.9940031313069277
ISIC_0034890.jpg,benign,benign,0.9893181791993172
ISIC_0034892.jpg,benign,benign,0.9920852500363749
ISIC_0034893.jpg,benign,benign,0.9925802833081075
ISIC_0034894.jpg,benign,benign,0.9472720576032548
ISIC_0034895.jpg,malignant,malignant,0.5931652616259694
ISIC_0034897.jpg,benign,benign,0.9847323424889175
ISIC_0034900.jpg,benign,benign,0.9699122260149432
ISIC_0034901.jpg,benign,benign,0.9836454283560638
ISIC_0034902.jpg,benign,benign,0.9951064972638926
ISIC_0034903.jpg,benign,benign,0.9985063764565492
ISIC_0034904.jpg,malignant,benign,0.802876285260428
ISIC_0034907.jpg,benign,benign,0.7736348030101399
ISIC_0034908.jpg,benign,benign,0.9900967660932858
ISIC_0034909.jpg,benign,benign,0.9760524554401019
ISIC_0034912.jpg,benign,benign,0.9835239761045477
ISIC_0034913.jpg,benign,benign,0.9973041248832522
ISIC_0034916.jpg,benign,benign,0.9889625972722715
ISIC_0034917.jpg,benign,benign,0.9802083735020183
ISIC_0034918.jpg,malignant,benign,0.9464950822843382
ISIC_0034919.jpg,benign,benign,0.9938395166609201
ISIC_0034920.jpg,benign,benign,0.8264359718459808
ISIC_0034921.jpg,benign,malignant,0.39362558123967545
ISIC_0034922.jpg,benign,benign,0.9854578280310655
ISIC_0034923.jpg,benign,benign,0.9701256171233772
ISIC_0034924.jpg,benign,benign,0.9918357023594061
ISIC_0034925.jpg,benign,benign,0.9521552608863367
ISIC_0034926.jpg,malignant,malignant,0.9630342890685574
ISIC_0034927.jpg,benign,malignant,0.8934831033706611
ISIC_0034928.jpg,benign,benign,0.997308970687018
ISIC_0034932.jpg,benign,benign,0.9719422562313308
ISIC_0034933.jpg,benign,benign,0.9898359510491658
ISIC_0034934.jpg,malignant,malignant,0.7192473238147203
ISIC_0034935.jpg,benign,benign,0.9646684482127333
ISIC_0034938.jpg,benign,benign,0.9923982561990122
ISIC_0034940.jpg,benign,benign,0.9937926115833586
ISIC_0034941.jpg,benign,benign,0.9772403895419526
ISIC_0034942.jpg,benign,benign,0.996531863753227
ISIC_0034943.jpg,benign,benign,0.9975967626229354
ISIC_0034944.jpg,benign,malignant,0.48176731977154236
ISIC_0034945.jpg,benign,benign,0.9934223774268939
ISIC_0034947.jpg,benign,benign,0.9986047245996748
ISIC_0034949.jpg,malignant,malignant,0.9697701772139432
ISIC_0034950.jpg,benign,benign,0.9918423355791072
ISIC_0034955.jpg,benign,benign,0.9252983131279277
ISIC_0034956.jpg,benign,benign,0.8956430832407262
ISIC_0034957.jpg,malignant,malignant,0.9491468000873253
ISIC_0034958.jpg,malignant,malignant,0.8495030264802537
ISIC_0034959.jpg,malignant,malignant,0.5370573133655868
ISIC_0034962.jpg,benign,benign,0.9937890988729515
ISIC_0034964.jpg,benign,benign,0.8424843611987003
ISIC_0034965.jpg,benign,benign,0.9958806136985131
ISIC_0034967.jpg,benign,benign,0.919391189214915
ISIC_0034968.jpg,benign,benign,0.9295749063327811
ISIC_0034971.jpg,malignant,malignant,0.8902333279698154
ISIC_0034973.jpg,benign,benign,0.9936051732157054
ISIC_0034974.jpg,benign,benign,0.98968967190914
ISIC_0034975.jpg,benign,benign,0.9895993030867444
ISIC_0034976.jpg,benign,benign,0.9772996174365806
ISIC_0034977.jpg,benign,benign,0.9948115441866591
ISIC_0034978.jpg,benign,benign,0.962141036595144
ISIC_0034979.jpg,benign,benign,0.9961605402667794
ISIC_0034983.jpg,benign,benign,0.9912613126424973
ISIC_0034984.jpg,benign,benign,0.9689024763378179
ISIC_0034985.jpg,benign,benign,0.9766354208513188
ISIC_0034986.jpg,benign,benign,0.9876122089195388
ISIC_0034988.jpg,malignant,benign,0.7036480496595062
ISIC_0034989.jpg,benign,benign,0.9788925457862344
ISIC_0034990.jpg,benign,benign,0.9806648459824827
ISIC_0034991.jpg,benign,benign,0.9949624089996723
ISIC_0034992.jpg,benign,benign,0.9521068435873118
ISIC_0034996.jpg,benign,benign,0.9658947828743986
ISIC_0034998.jpg,malignant,malignant,0.7768091275371685
ISIC_0035000.jpg,malignant,benign,0.8508658264572684
ISIC_0035002.jpg,benign,benign,0.9905469342240855
ISIC_0035003.jpg,benign,benign,0.9776795188406988
ISIC_0035005.jpg,benign,benign,0.9628567102269258
ISIC_0035006.jpg,benign,benign,0.9914449666136518
ISIC_0035007.jpg,benign,benign,0.9833429682293073
ISIC_0035009.jpg,benign,benign,0.969755990623511
ISIC_0035011.jpg,benign,benign,0.9484511015375683
ISIC_0035013.jpg,benign,benign,0.986839219315629
ISIC_0035014.jpg,benign,benign,0.9948704858547368
ISIC_0035015.jpg,benign,benign,0.9961608572183874
ISIC_0035016.jpg,benign,benign,0.9287199257775847
ISIC_0035017.jpg,benign,benign,0.9927763104660291
ISIC_0035019.jpg,benign,benign,0.9401987045616718
ISIC_0035020.jpg,benign,benign,0.9551234607118528
ISIC_0035021.jpg,malignant,benign,0.8292499097652065
ISIC_0035022.jpg,benign,benign,0.9982126621323996
ISIC_0035023.jpg,benign,malignant,0.4030323218605717
ISIC_0035024.jpg,benign,benign,0.9891440663513673
ISIC_0035025.jpg,benign,benign,0.986379390012479
ISIC_0035027.jpg,benign,benign,0.9937608383958361
ISIC_0035030.jpg,benign,benign,0.9910699994432385
ISIC_0035031.jpg,benign,benign,0.9593409059069886
ISIC_0035034.jpg,benign,benign,0.9781918376915552
ISIC_0035036.jpg,benign,benign,0.9886967090690428
ISIC_0035038.jpg,benign,benign,0.940232741559537
ISIC_0035044.jpg,benign,benign,0.9033477855533179
ISIC_0035045.jpg,benign,benign,0.9930135239942457
ISIC_0035046.jpg,benign,benign,0.8546746269924047
ISIC_0035047.jpg,malignant,malignant,0.6013201693635287
ISIC_0035048.jpg,malignant,benign,0.9185682711216149
ISIC_0035049.jpg,benign,benign,0.9961990088501322
ISIC_0035050.jpg,benign,benign,0.7271182847348641
ISIC_0035051.jpg,benign,benign,0.9401156052731897
ISIC_0035052.jpg,benign,benign,0.983883953730531
ISIC_0035053.jpg,benign,benign,0.9992834571590459
ISIC_0035055.jpg,benign,benign,0.9541412526461396
ISIC_0035056.jpg,benign,benign,0.9867640335035874
ISIC_0035058.jpg,benign,benign,0.9782502948151824
ISIC_0035059.jpg,benign,benign,0.8691045427976211
ISIC_0035060.jpg,benign,benign,0.9884594347657082
ISIC_0035061.jpg,benign,benign,0.94262760311849
ISIC_0035062.jpg,benign,benign,0.9922644721895599
ISIC_0035063.jpg,benign,benign,0.9866796367449113
ISIC_0035065.jpg,benign,benign,0.9971549681972359
ISIC_0035066.jpg,benign,benign,0.9954966698849547
ISIC_0035067.jpg,benign,benign,0.930793263452072
ISIC_0035068.jpg,benign,benign,0.923960801068824
ISIC_0035070.jpg,malignant,benign,0.845094235199855
ISIC_0035071.jpg,benign,benign,0.9892025156934803
ISIC_0035073.jpg,benign,benign,0.9309734190012852
ISIC_0035074.jpg,benign,benign,0.9904646153142385
ISIC_0035077.jpg,benign,benign,0.9943866617931832
ISIC_0035079.jpg,benign,benign,0.9749935103749519
ISIC_0035080.jpg,benign,benign,0.9786827957086465
ISIC_0035081.jpg,malignant,malignant,0.8907171451153088
ISIC_0035082.jpg,benign,benign,0.9423432576908908
ISIC_0035083.jpg,benign,benign,0.9967354425030013
ISIC_0035084.jpg,benign,benign,0.9948843859398048
ISIC_0035085.jpg,benign,benign,0.9434648420732015
ISIC_0035086.jpg,benign,benign,0.9919341009947105
ISIC_0035087.jpg,benign,benign,0.9971823288442652
ISIC_0035088.jpg,benign,benign,0.9941062460280584
ISIC_0035089.jpg,malignant,benign,0.7531111110822666
ISIC_0035090.jpg,malignant,benign,0.8693991640521598
ISIC_0035091.jpg,benign,benign,0.8953253890888347
ISIC_0035092.jpg,benign,benign,0.9119375578911204
ISIC_0035093.jpg,benign,benign,0.9432670775527378
ISIC_0035094.jpg,benign,benign,0.8414902642112687
ISIC_0035096.jpg,benign,benign,0.9843864344070556
ISIC_0035097.jpg,benign,benign,0.9467581198260304
ISIC_0035098.jpg,benign,benign,0.9947318975752467
ISIC_0035099.jpg,malignant,malignant,0.7686107956127933
ISIC_0035100.jpg,benign,benign,0.9408008982365985
ISIC_0035101.jpg,benign,benign,0.8408054131369559
ISIC_0035102.jpg,benign,benign,0.9906973747575052
ISIC_0035103.jpg,benign,benign,0.986997413192998
ISIC_0035105.jpg,benign,benign,0.9610492319076203
ISIC_0035107.jpg,benign,benign,0.9793257406951541
ISIC_0035108.jpg,benign,benign,0.993133943955581
ISIC_0035111.jpg,benign,benign,0.991846493936614
ISIC_0035113.jpg,benign,benign,0.992811782140606
ISIC_0035114.jpg,benign,benign,0.9740432212702584
ISIC_0035116.jpg,benign,benign,0.8644187452296321
ISIC_0035118.jpg,benign,benign,0.8511572643543093
ISIC_0035121.jpg,benign,benign,0.9906291653038903
ISIC_0035122.jpg,benign,benign,0.9869887749943682
ISIC_0035123.jpg,benign,benign,0.9612651390950407
ISIC_0035124.jpg,malignant,malignant,0.6466671753475547
ISIC_0035126.jpg,benign,benign,0.9511794782893873
ISIC_0035129.jpg,benign,benign,0.9708943670805026
ISIC_0035130.jpg,malignant,benign,0.819881158890865
ISIC_0035132.jpg,benign,benign,0.9762039212003014
ISIC_0035133.jpg,benign,benign,0.9814809518081657
ISIC_0035134.jpg,benign,benign,0.9969429167729297
ISIC_0035135.jpg,benign,benign,0.9978714724447767
ISIC_0035137.jpg,benign,benign,0.981943469168287
ISIC_0035138.jpg,benign,benign,0.9654844263444141
ISIC_0035139.jpg,malignant,benign,0.9068369479963564
ISIC_0035140.jpg,benign,benign,0.9611492399547883
ISIC_0035143.jpg,benign,benign,0.9965038960672085
ISIC_0035144.jpg,benign,benign,0.995459621890233
ISIC_0035145.jpg,benign,benign,0.99754112015075
ISIC_0035146.jpg,benign,benign,0.9836564509956807
ISIC_0035148.jpg,benign,benign,0.9653588041890652
ISIC_0035150.jpg,benign,malignant,0.434693605516666
ISIC_0035152.jpg,benign,malignant,0.31684302510618517
ISIC_0035153.jpg,benign,benign,0.9941093840521802
ISIC_0035156.jpg,benign,benign,0.9833999339775557
ISIC_0035157.jpg,benign,benign,0.9802497426673157
ISIC_0035158.jpg,benign,benign,0.9873890436396008
ISIC_0035160.jpg,benign,benign,0.9961850426552731
ISIC_0035161.jpg,benign,benign,0.9959777583869027
ISIC_0035162.jpg,benign,benign,0.8306117238823397
ISIC_0035164.jpg,benign,benign,0.9715441097293623
ISIC_0035165.jpg,benign,benign,0.9798581087596604
ISIC_0035166.jpg,benign,benign,0.9748849716004204
ISIC_0035167.jpg,benign,benign,0.990511382549696
ISIC_0035169.jpg,benign,benign,0.9963742830361172
ISIC_0035170.jpg,benign,benign,0.6852784280576302
ISIC_0035172.jpg,benign,benign,0.977429977133778
ISIC_0035173.jpg,benign,benign,0.9921250344509043
ISIC_0035175.jpg,benign,benign,0.9931467149086262
ISIC_0035176.jpg,benign,benign,0.9554212666210564
ISIC_0035177.jpg,malignant,benign,0.8400593032928659
ISIC_0035178.jpg,benign,benign,0.8661027066463192
ISIC_0035181.jpg,benign,benign,0.9927769862777748
ISIC_0035182.jpg,benign,benign,0.9824148478348488
ISIC_0035184.jpg,benign,benign,0.9517427070845876
ISIC_0035186.jpg,benign,benign,0.9655078899837697
ISIC_0035187.jpg,benign,benign,0.975762207128298
ISIC_0035188.jpg,benign,benign,0.9789799753601349
ISIC_0035189.jpg,benign,benign,0.9551509975076251
ISIC_0035191.jpg,benign,benign,0.9062217301744901
ISIC_0035192.jpg,benign,benign,0.9889252695615198
ISIC_0035193.jpg,benign,benign,0.9914480306610071
ISIC_0035195.jpg,benign,benign,0.9989371739814142
ISIC_0035196.jpg,malignant,malignant,0.8216253497420023
ISIC_0035197.jpg,benign,benign,0.8604349461305758
ISIC_0035198.jpg,benign,benign,0.992829198533434
ISIC_0035199.jpg,benign,malignant,0.8004117083468058
ISIC_0035200.jpg,benign,malignant,0.6861928282182435
ISIC_0035201.jpg,benign,benign,0.9903764332249861
ISIC_0035204.jpg,benign,benign,0.9234121299912289
ISIC_0035205.jpg,benign,benign,0.9891260404511799
ISIC_0035207.jpg,malignant,malignant,0.8534926308882185
ISIC_0035208.jpg,benign,benign,0.9710700680361535
ISIC_0035209.jpg,benign,benign,0.9929589071568777
ISIC_0035211.jpg,benign,benign,0.9871098071667109
ISIC_0035213.jpg,benign,benign,0.8603933112162822
ISIC_0035214.jpg,benign,benign,0.9716404373099975
ISIC_0035215.jpg,benign,benign,0.9958209239644199
ISIC_0035216.jpg,malignant,malignant,0.6802027818010841
ISIC_0035217.jpg,benign,benign,0.9604380098037594
ISIC_0035219.jpg,benign,benign,0.9946580849448886
ISIC_0035220.jpg,benign,benign,0.9273474995278093
ISIC_0035221.jpg,benign,benign,0.9609838678353161
ISIC_0035222.jpg,benign,benign,0.9379494632713233
ISIC_0035223.jpg,benign,benign,0.9844753328375654
ISIC_0035224.jpg,malignant,malignant,0.6702221802155306
ISIC_0035225.jpg,benign,benign,0.9385181985087601
ISIC_0035227.jpg,benign,benign,0.9712914256110139
ISIC_0035228.jpg,benign,benign,0.9952210432281301
ISIC_0035229.jpg,malignant,malignant,0.7202879187731887
ISIC_0035230.jpg,benign,benign,0.9944351894094102
ISIC_0035231.jpg,benign,benign,0.9928566015468807
ISIC_0035232.jpg,malignant,malignant,0.8645121986674097
ISIC_0035233.jpg,benign,benign,0.9928351699770621
ISIC_0035234.jpg,benign,benign,0.9904531449782975
ISIC_0035235.jpg,benign,benign,0.9506179344844157
ISIC_0035236.jpg,benign,benign,0.9246795981760211
ISIC_0035237.jpg,benign,benign,0.9732761022327754
ISIC_0035238.jpg,benign,benign,0.9973969990624622
ISIC_0035240.jpg,malignant,malignant,0.9684896246493665
ISIC_0035241.jpg,benign,benign,0.9186680809299108
ISIC_0035242.jpg,benign,benign,0.9882103303350986
ISIC_0035244.jpg,benign,benign,0.9472985551318966
ISIC_0035245.jpg,benign,malignant,0.48191025320722125
ISIC_0035246.jpg,benign,malignant,0.5824900786128357
ISIC_0035248.jpg,malignant,malignant,0.6861533733574555
ISIC_0035250.jpg,benign,benign,0.9759755362077844
ISIC_0035253.jpg,benign,benign,0.9865740391578153
ISIC_0035255.jpg,benign,benign,0.9934825532278551
ISIC_0035256.jpg,benign,benign,0.9735259969291824
ISIC_0035257.jpg,benign,benign,0.9876273590210605
ISIC_0035260.jpg,benign,benign,0.9617362299655396
ISIC_0035263.jpg,malignant,malignant,0.8297976447749227
ISIC_0035265.jpg,benign,benign,0.9787862750631318
ISIC_0035266.jpg,benign,benign,0.9965546215332827
ISIC_0035267.jpg,benign,malignant,0.49387495599194486
ISIC_0035268.jpg,benign,benign,0.9955008164971928
ISIC_0035271.jpg,malignant,malignant,0.7668459412843033
ISIC_0035272.jpg,benign,benign,0.983865827337354
ISIC_0035273.jpg,benign,benign,0.962276657481132
ISIC_0035274.jpg,benign,benign,0.9574704737343728
ISIC_0035275.jpg,benign,benign,0.887294535422919
ISIC_0035278.jpg,benign,benign,0.9853654927911932
ISIC_0035280.jpg,malignant,benign,0.7725640807039208
ISIC_0035281.jpg,benign,benign,0.995680404065642
ISIC_0035282.jpg,benign,benign,0.9922497029202832
ISIC_0035283.jpg,benign,benign,0.9934342400369911
ISIC_0035285.jpg,benign,benign,0.9932129517609334
ISIC_0035286.jpg,benign,benign,0.9834960650863733
ISIC_0035288.jpg,benign,benign,0.984949382779874
ISIC_0035289.jpg,benign,malignant,0.36545250272037816
ISIC_0035290.jpg,benign,malignant,0.6377919505932829
ISIC_0035292.jpg,benign,benign,0.9928186055231023
ISIC_0035294.jpg,benign,benign,0.9956412945974951
ISIC_0035295.jpg,benign,benign,0.9775926438716273
ISIC_0035296.jpg,benign,benign,0.920887468452942
ISIC_0035297.jpg,benign,benign,0.9793727855272183
ISIC_0035298.jpg,benign,benign,0.9940839051033957
ISIC_0035299.jpg,benign,benign,0.9537498241763268
ISIC_0035300.jpg,benign,benign,0.9920376553443594
ISIC_0035301.jpg,benign,benign,0.9513891731594893
ISIC_0035302.jpg,benign,benign,0.9361970687978964
ISIC_0035303.jpg,benign,benign,0.9694885380316953
ISIC_0035304.jpg,benign,benign,0.9824841275087445
ISIC_0035306.jpg,malignant,malignant,0.6315992476805554
ISIC_0035307.jpg,benign,benign,0.9980400414337811
ISIC_0035309.jpg,benign,benign,0.9956537974659554
ISIC_0035311.jpg,benign,benign,0.9941985202578738
ISIC_0035312.jpg,benign,benign,0.9961675699531898
ISIC_0035313.jpg,malignant,malignant,0.9184455120281034
ISIC_0035314.jpg,benign,benign,0.9883793985491731
ISIC_0035315.jpg,benign,benign,0.97979491397523
ISIC_0035319.jpg,benign,benign,0.9044206133610199
ISIC_0035320.jpg,benign,benign,0.9917691657079364
ISIC_0035323.jpg,benign,benign,0.9917269243616116
ISIC_0035324.jpg,benign,benign,0.7969422932781294
ISIC_0035325.jpg,benign,benign,0.9948726675878546
ISIC_0035326.jpg,malignant,malignant,0.7169177559673899
ISIC_0035327.jpg,benign,malignant,0.3338144033365955
ISIC_0035328.jpg,benign,benign,0.9939867081740703
ISIC_0035329.jpg,benign,benign,0.9842047434096868
ISIC_0035333.jpg,benign,benign,0.9941274424385953
ISIC_0035335.jpg,benign,benign,0.9866538398680955
ISIC_0035336.jpg,benign,benign,0.9479024925151011
ISIC_0035337.jpg,benign,benign,0.9538780041178871
ISIC_0035339.jpg,benign,benign,0.9958119787187606
ISIC_0035341.jpg,benign,benign,0.9975795345880748
ISIC_0035342.jpg,benign,benign,0.9929938061709057
ISIC_0035343.jpg,benign,benign,0.945381236948585
ISIC_0035344.jpg,benign,benign,0.9400148600439008
ISIC_0035345.jpg,malignant,malignant,0.8619198820066752
ISIC_0035346.jpg,benign,benign,0.8576598822066361
ISIC_0035347.jpg,benign,benign,0.9927576162645724
ISIC_0035349.jpg,benign,benign,0.965387899993312
ISIC_0035350.jpg,benign,benign,0.9066649157562074
ISIC_0035351.jpg,malignant,malignant,0.42836109911730735
ISIC_0035352.jpg,benign,benign,0.993545402608269
ISIC_0035353.jpg,benign,benign,0.9950791284004398
ISIC_0035354.jpg,benign,benign,0.9791901199375561
ISIC_0035356.jpg,benign,benign,0.8010248049711022
ISIC_0035358.jpg,benign,benign,0.9952140937858696
ISIC_0035359.jpg,benign,benign,0.995683420409066
ISIC_0035361.jpg,benign,benign,0.9964154452857881
ISIC_0035362.jpg,malignant,malignant,0.7853411868363661
ISIC_0035363.jpg,benign,benign,0.9877634651499428
ISIC_0035365.jpg,benign,benign,0.9888566155053875
ISIC_0035366.jpg,malignant,benign,0.8231413908881579
ISIC_0035367.jpg,benign,benign,0.9848135294031082
ISIC_0035369.jpg,benign,benign,0.9970000462047451
ISIC_0035370.jpg,benign,benign,0.8594217315452813
ISIC_0035373.jpg,benign,benign,0.9664983379376474
ISIC_0035375.jpg,benign,benign,0.9748563326229581
ISIC_0035377.jpg,benign,benign,0.9939130749891497
ISIC_0035378.jpg,benign,benign,0.7958535494475798
ISIC_0035379.jpg,benign,benign,0.9871271619783373
ISIC_0035380.jpg,benign,benign,0.995222228406572
ISIC_0035381.jpg,benign,benign,0.8018386771951831
ISIC_0035382.jpg,benign,benign,0.9734315620633411
ISIC_0035383.jpg,benign,benign,0.9938071168322444
ISIC_0035384.jpg,benign,benign,0.9939602088292666
ISIC_0035385.jpg,benign,benign,0.8710281742738271
ISIC_0035386.jpg,benign,benign,0.9869468645870856
ISIC_0035387.jpg,benign,benign,0.8254938400054611
ISIC_0035390.jpg,benign,benign,0.9553420689904765
ISIC_0035392.jpg,benign,malignant,0.378168160674559
ISIC_0035393.jpg,malignant,malignant,0.7636520150633912
ISIC_0035394.jpg,benign,malignant,0.7528521507974787
ISIC_0035395.jpg,benign,benign,0.9592367872029144
ISIC_0035396.jpg,benign,benign,0.9948370744624051
ISIC_0035397.jpg,malignant,malignant,0.7114173165729785
ISIC_0035398.jpg,benign,benign,0.7685124886103397
ISIC_0035399.jpg,benign,benign,0.9648838259082605
ISIC_0035400.jpg,benign,benign,0.9614033792626533
ISIC_0035401.jpg,benign,benign,0.957606879787627
ISIC_0035402.jpg,benign,benign,0.9838141552002417
ISIC_0035404.jpg,benign,benign,0.9512284441280087
ISIC_0035405.jpg,benign,benign,0.9600923005836941
ISIC_0035406.jpg,malignant,benign,0.890397706391466
ISIC_0035407.jpg,benign,benign,0.8822622569346016
ISIC_0035408.jpg,benign,benign,0.9816447894232389
ISIC_0035409.jpg,benign,benign,0.8955552104493739
ISIC_0035410.jpg,benign,benign,0.9503623882739822
ISIC_0035411.jpg,benign,benign,0.9985399972097827
ISIC_0035412.jpg,benign,benign,0.9938469787920375
ISIC_0035413.jpg,benign,benign,0.9790914680340252
ISIC_0035414.jpg,malignant,malignant,0.6209246733460411
ISIC_0035417.jpg,benign,benign,0.98785678963905
ISIC_0035418.jpg,benign,benign,0.9767931221918281
ISIC_0035419.jpg,benign,benign,0.8680958401497133
ISIC_0035420.jpg,malignant,malignant,0.8655298649727692
ISIC_0035422.jpg,benign,benign,0.9968642055835158
ISIC_0035423.jpg,benign,benign,0.808608047852562
ISIC_0035425.jpg,benign,benign,0.7447920832923006
ISIC_0035427.jpg,benign,benign,0.9637116513859462
ISIC_0035428.jpg,benign,benign,0.9971844904152248
ISIC_0035429.jpg,benign,benign,0.9513113016377156
ISIC_0035430.jpg,malignant,malignant,0.9748235893578356
ISIC_0035431.jpg,benign,benign,0.9806282427047881
ISIC_0035433.jpg,benign,malignant,0.464918119330851
ISIC_0035434.jpg,malignant,malignant,0.3392281944330478
ISIC_0035435.jpg,benign,benign,0.9882902947946598
ISIC_0035437.jpg,benign,benign,0.9931544658739925
ISIC_0035438.jpg,benign,benign,0.9928478059254328
ISIC_0035441.jpg,benign,benign,0.9860183664990066
ISIC_0035442.jpg,benign,benign,0.9410837613406589
ISIC_0035444.jpg,benign,benign,0.9764461592882265
ISIC_0035445.jpg,benign,benign,0.9267212259959557
ISIC_0035447.jpg,benign,benign,0.9882566278272766
ISIC_0035448.jpg,benign,benign,0.9553493564743332
ISIC_0035449.jpg,benign,benign,0.9612594971767855
ISIC_0035452.jpg,benign,benign,0.9106528543990196
ISIC_0035453.jpg,benign,benign,0.9920565935374047
ISIC_0035455.jpg,benign,benign,0.9655254374829708
ISIC_0035456.jpg,benign,benign,0.984755404986119
ISIC_0035457.jpg,benign,malignant,0.3727432422100932
ISIC_0035458.jpg,benign,benign,0.8319384365997109
ISIC_0035459.jpg,malignant,malignant,0.8548869834330531
ISIC_0035460.jpg,malignant,malignant,0.6810384002643274
ISIC_0035461.jpg,benign,benign,0.9826534824239798
ISIC_0035462.jpg,malignant,malignant,0.5843263742387692
ISIC_0035465.jpg,benign,malignant,0.8260823172317947
ISIC_0035467.jpg,benign,benign,0.9940967657265944
ISIC_0035469.jpg,benign,benign,0.9878465506083295
ISIC_0035470.jpg,benign,benign,0.9557250819685986
ISIC_0035473.jpg,benign,benign,0.9939853182956365
ISIC_0035474.jpg,benign,benign,0.9341509045830124
ISIC_0035476.jpg,benign,benign,0.9935121488374996
ISIC_0035477.jpg,benign,benign,0.9862986572938859
ISIC_0035478.jpg,malignant,malignant,0.7841066268520256
ISIC_0035479.jpg,benign,benign,0.9903014543505192
ISIC_0035480.jpg,benign,benign,0.9932566885319182
ISIC_0035481.jpg,benign,benign,0.9285322283560161
ISIC_0035482.jpg,benign,benign,0.9950582873715923
ISIC_0035483.jpg,benign,benign,0.9905871364768544
ISIC_0035484.jpg,benign,benign,0.9703355324860398
ISIC_0035485.jpg,benign,benign,0.9582496419706559
ISIC_0035486.jpg,malignant,malignant,0.9226000285226856
ISIC_0035488.jpg,benign,benign,0.9745749187470116
ISIC_0035489.jpg,benign,benign,0.9220330359493316
ISIC_0035491.jpg,benign,benign,0.8936966980324441
ISIC_0035492.jpg,benign,benign,0.9967234618062284
ISIC_0035493.jpg,benign,benign,0.9424850627715748
ISIC_0035494.jpg,benign,benign,0.9321324433329153
ISIC_0035495.jpg,benign,benign,0.9281473415142868
ISIC_0035496.jpg,benign,benign,0.9817787005432342
ISIC_0035497.jpg,benign,benign,0.9910945658472873
ISIC_0035498.jpg,benign,benign,0.9865666563414562
ISIC_0035499.jpg,benign,benign,0.9908464280612919
ISIC_0035500.jpg,benign,benign,0.9875579266626503
ISIC_0035501.jpg,benign,benign,0.9914376013502699
ISIC_0035503.jpg,benign,benign,0.9938343965460195
ISIC_0035505.jpg,malignant,malignant,0.9138202257355719
ISIC_0035506.jpg,benign,benign,0.9779672085529546
ISIC_0035507.jpg,benign,benign,0.9787504600448257
ISIC_0035508.jpg,benign,benign,0.9789554058593454
ISIC_0035509.jpg,benign,benign,0.9294253302795779
ISIC_0035510.jpg,malignant,malignant,0.48930483623243226
ISIC_0035512.jpg,benign,benign,0.9912474080148987
ISIC_0035513.jpg,benign,benign,0.9870042087333759
ISIC_0035515.jpg,benign,benign,0.7896375032965898
ISIC_0035516.jpg,benign,benign,0.8922109830978586
ISIC_0035518.jpg,benign,benign,0.9804294660710731
ISIC_0035519.jpg,benign,benign,0.9802915137417003
ISIC_0035520.jpg,benign,benign,0.9832532818516622
ISIC_0035521.jpg,benign,benign,0.9733710971236704
ISIC_0035522.jpg,malignant,malignant,0.9229476144475518
ISIC_0035523.jpg,benign,benign,0.9913185508916733
ISIC_0035524.jpg,benign,benign,0.9824081738568392
ISIC_0035525.jpg,malignant,malignant,0.7882535013953854
ISIC_0035526.jpg,benign,benign,0.9880307719620969
ISIC_0035527.jpg,benign,benign,0.9768222186881356
ISIC_0035528.jpg,benign,benign,0.9403470748814565
ISIC_0035529.jpg,benign,benign,0.989107504965272
ISIC_0035530.jpg,benign,benign,0.9960898734084852
ISIC_0035531.jpg,benign,benign,0.9542125971758559
ISIC_0035532.jpg,benign,benign,0.9746394688775493
ISIC_0035534.jpg,benign,benign,0.9887217348088466
ISIC_0035535.jpg,benign,benign,0.9828822406970421
ISIC_0035536.jpg,benign,benign,0.9831603365045902
ISIC_0035537.jpg,benign,benign,0.9898241542749563
ISIC_0035539.jpg,benign,benign,0.9151775432483085
ISIC_0035540.jpg,benign,benign,0.9932392529989487
ISIC_0035541.jpg,benign,benign,0.95067579114593
ISIC_0035542.jpg,benign,benign,0.9500519067414847
ISIC_0035543.jpg,benign,benign,0.9343851754508353
ISIC_0035544.jpg,benign,benign,0.9953426974948677
ISIC_0035545.jpg,benign,benign,0.8498790261388703
ISIC_0035546.jpg,benign,benign,0.9889002941577154
ISIC_0035548.jpg,benign,benign,0.9973485266985069
ISIC_0035550.jpg,malignant,malignant,0.7023866627208034
ISIC_0035551.jpg,benign,benign,0.990346727062002
ISIC_0035554.jpg,benign,benign,0.9380427892364652
ISIC_0035555.jpg,benign,benign,0.9746387751110893
ISIC_0035557.jpg,benign,benign,0.9617895145147094
ISIC_0035558.jpg,malignant,malignant,0.5
ISIC_0035559.jpg,benign,benign,0.9919402551222486
ISIC_0035560.jpg,benign,benign,0.9908059301768658
ISIC_0035561.jpg,malignant,malignant,0.725974680816847
ISIC_0035562.jpg,malignant,malignant,0.8889712824286973
ISIC_0035563.jpg,benign,benign,0.9971882676996525
ISIC_0035565.jpg,benign,benign,0.9779490504382364
ISIC_0035566.jpg,benign,benign,0.9421069626737226
ISIC_0035567.jpg,benign,benign,0.9877480891512767
ISIC_0035568.jpg,benign,benign,0.9974098412339821
ISIC_0035569.jpg,benign,benign,0.9947630794445061
ISIC_0035571.jpg,benign,benign,0.8718714169482077
ISIC_0035572.jpg,benign,benign,0.9943212473306029
ISIC_0035573.jpg,benign,benign,0.9727393463397963
ISIC_0035574.jpg,benign,benign,0.9558332067028724
ISIC_0035575.jpg,benign,benign,0.9960831586616621
ISIC_0035576.jpg,benign,benign,0.9976496111145992
ISIC_0035577.jpg,benign,benign,0.9673220953511483
ISIC_0035578.jpg,benign,benign,0.9867687709822858
ISIC_0035579.jpg,benign,benign,0.9737604997002802
ISIC_0035580.jpg,benign,benign,0.9967962119495047
ISIC_0035581.jpg,benign,benign,0.9826132636670124
ISIC_0035582.jpg,benign,benign,0.8106267735291238
ISIC_0035583.jpg,benign,benign,0.8694835518687384
ISIC_0035587.jpg,benign,benign,0.9919264028777297
ISIC_0035591.jpg,benign,benign,0.9943067937086871
ISIC_0035592.jpg,benign,benign,0.9611893644260867
ISIC_0035596.jpg,benign,benign,0.9902191153421349
ISIC_0035597.jpg,benign,benign,0.7687308605635171
ISIC_0035598.jpg,benign,benign,0.991305654259632
ISIC_0035600.jpg,benign,benign,0.976827808757892
ISIC_0035601.jpg,benign,benign,0.9390894956066167
ISIC_0035602.jpg,malignant,malignant,0.521645141846483
ISIC_0035604.jpg,benign,benign,0.993765220031171
ISIC_0035605.jpg,malignant,benign,0.9167539353811273
ISIC_0035606.jpg,malignant,malignant,0.5711897757036569
ISIC_0035609.jpg,benign,benign,0.9774842433450975
ISIC_0035610.jpg,malignant,benign,0.8302446271822022
ISIC_0035611.jpg,benign,benign,0.9975875101075107
ISIC_0035614.jpg,benign,benign,0.9819477095065893
ISIC_0035615.jpg,benign,benign,0.967276371306347
ISIC_0035616.jpg,benign,benign,0.9763175023754787
ISIC_0035617.jpg,benign,benign,0.9496776640864237
ISIC_0035618.jpg,benign,benign,0.9935593433291865
ISIC_0035621.jpg,benign,benign,0.9917351845270826
ISIC_0035623.jpg,benign,benign,0.9485613526370488
ISIC_0035628.jpg,benign,benign,0.9975237323347469
ISIC_0035629.jpg,malignant,benign,0.923138865687251
ISIC_0035632.jpg,benign,malignant,0.6111539312809434
ISIC_0035636.jpg,malignant,benign,0.837988279500461
ISIC_0035637.jpg,malignant,malignant,0.8298046841955677
ISIC_0035638.jpg,benign,benign,0.9860020737337439
ISIC_0035639.jpg,benign,benign,0.9654170552132886
ISIC_0035640.jpg,malignant,malignant,0.4442763714568797
ISIC_0035641.jpg,benign,benign,0.9941448561091917
ISIC_0035644.jpg,benign,benign,0.9325469534962767
ISIC_0035646.jpg,benign,benign,0.9831143914825542
ISIC_0035647.jpg,benign,benign,0.9944195071498729
ISIC_0035648.jpg,benign,benign,0.8309152532835891
ISIC_0035649.jpg,benign,benign,0.9949045448702143
ISIC_0035651.jpg,malignant,malignant,0.5864956091266542
ISIC_0035652.jpg,benign,benign,0.9308378995622284
ISIC_0035653.jpg,malignant,malignant,0.9628547357909166
ISIC_0035654.jpg,benign,benign,0.964934652017181
ISIC_0035656.jpg,benign,benign,0.7579336986184825
ISIC_0035657.jpg,benign,benign,0.8887334155528298
ISIC_0035659.jpg,benign,benign,0.9757452085246446
ISIC_0035662.jpg,benign,benign,0.9283430771868656
ISIC_0035663.jpg,malignant,malignant,0.6078632555598961
ISIC_0035665.jpg,benign,benign,0.9882239527650611
ISIC_0035666.jpg,benign,benign,0.727770481118113
ISIC_0035668.jpg,benign,malignant,0.4317046466450957
ISIC_0035670.jpg,malignant,benign,0.9372841169497947
ISIC_0035671.jpg,benign,benign,0.9385428086081469
ISIC_0035672.jpg,benign,benign,0.9905212277689511
ISIC_0035673.jpg,benign,benign,0.9338834222481907
ISIC_0035674.jpg,benign,benign,0.934378324646864
ISIC_0035678.jpg,benign,benign,0.9564572010235521
ISIC_0035680.jpg,malignant,benign,0.9290236051876006
ISIC_0035681.jpg,benign,benign,0.9833614513735567
ISIC_0035682.jpg,malignant,benign,0.6972975657017495
ISIC_0035684.jpg,benign,benign,0.9166114523486649
ISIC_0035686.jpg,benign,malignant,0.3231073661952611
ISIC_0035687.jpg,benign,benign,0.9719846119397479
ISIC_0035688.jpg,benign,benign,0.7490403238877302
ISIC_0035689.jpg,benign,benign,0.7384465769227445
ISIC_0035690.jpg,malignant,benign,0.8136224211173192
ISIC_0035693.jpg,benign,benign,0.8641631038112281
ISIC_0035696.jpg,malignant,malignant,0.9533588678364014
ISIC_0035697.jpg,benign,benign,0.989162373362664
ISIC_0035698.jpg,malignant,malignant,0.317762422417422
ISIC_0035699.jpg,benign,benign,0.8419946075811678
ISIC_0035700.jpg,malignant,benign,0.8438003731907152
ISIC_0035702.jpg,benign,benign,0.8794707050243802
ISIC_0035703.jpg,benign,benign,0.9622613226334361
ISIC_0035704.jpg,benign,malignant,0.5622163360306529
ISIC_0035705.jpg,malignant,benign,0.9328794137432984
ISIC_0035706.jpg,benign,benign,0.9397196246377508
ISIC_0035707.jpg,benign,benign,0.9673203354986089
ISIC_0035708.jpg,malignant,malignant,0.883064718474888
ISIC_0035709.jpg,benign,benign,0.9936207030297416
ISIC_0035710.jpg,benign,malignant,0.38339261824086757
ISIC_0035711.jpg,malignant,malignant,0.978820827520102
ISIC_0035712.jpg,benign,benign,0.7998357880827482
ISIC_0035713.jpg,benign,benign,0.9483518734019065
ISIC_0035714.jpg,malignant,benign,0.9245290775189495
ISIC_0035716.jpg,benign,benign,0.978380207499904
ISIC_0035717.jpg,benign,benign,0.8918011424443121
ISIC_0035719.jpg,malignant,benign,0.8081419926763749
ISIC_0035720.jpg,malignant,malignant,0.7180643450765425
ISIC_0035721.jpg,malignant,malignant,0.7771050026872508
ISIC_0035722.jpg,benign,benign,0.9068769190999011
ISIC_0035725.jpg,benign,benign,0.9778914495786698
ISIC_0035726.jpg,benign,benign,0.8467775247487078
ISIC_0035727.jpg,benign,benign,0.8899790848366825
ISIC_0035728.jpg,benign,benign,0.9285109744456279
ISIC_0035731.jpg,benign,benign,0.8808377769007562
ISIC_0035732.jpg,malignant,malignant,0.5
ISIC_0035734.jpg,benign,benign,0.9314979037891765
ISIC_0035736.jpg,malignant,malignant,0.9825702220871588
ISIC_0035738.jpg,benign,benign,0.9201325882844297
ISIC_0035740.jpg,benign,benign,0.7604802581744499
ISIC_0035742.jpg,benign,benign,0.881207287746145
ISIC_0035743.jpg,benign,benign,0.9538000416154703
ISIC_0035745.jpg,benign,benign,0.917615878771576
ISIC_0035746.jpg,benign,benign,0.9564558702772643
ISIC_0035747.jpg,malignant,benign,0.8722354924152673
ISIC_0035748.jpg,malignant,malignant,0.9232938125588105
ISIC_0035749.jpg,benign,benign,0.9701198366067512
ISIC_0035756.jpg,malignant,benign,0.6976558521982247
ISIC_0035757.jpg,benign,benign,0.9338958789777944
ISIC_0035758.jpg,benign,benign,0.9752040114224066
ISIC_0035760.jpg,benign,benign,0.834591901831294
ISIC_0035762.jpg,benign,benign,0.9400176369670894
ISIC_0035764.jpg,malignant,malignant,0.7322286720882467
ISIC_0035766.jpg,malignant,malignant,0.36816078860070867
ISIC_0035767.jpg,malignant,benign,0.9204493917884342
ISIC_0035769.jpg,benign,benign,0.9730584065575533
ISIC_0035770.jpg,benign,benign,0.9590590494027995
ISIC_0035771.jpg,benign,benign,0.8108367452456359
ISIC_0035773.jpg,benign,benign,0.8984402111406012
ISIC_0035774.jpg,benign,benign,0.9539840629110705
ISIC_0035775.jpg,benign,benign,0.770871241789982
ISIC_0035777.jpg,benign,benign,0.9663040447842514
ISIC_0035779.jpg,benign,benign,0.9809519131576431
ISIC_0035780.jpg,benign,benign,0.9412259417816877
ISIC_0035781.jpg,benign,benign,0.9506155314530494
ISIC_0035782.jpg,benign,benign,0.9075886662268926
ISIC_0035783.jpg,benign,benign,0.9072970568847287
ISIC_0035784.jpg,benign,benign,0.9831142509354032
ISIC_0035785.jpg,benign,benign,0.9816761275680831
ISIC_0035786.jpg,benign,benign,0.8997357705379493
ISIC_0035788.jpg,benign,benign,0.9874630959361144
ISIC_0035789.jpg,malignant,malignant,0.9720271272534132
ISIC_0035791.jpg,benign,benign,0.8688183434208153
ISIC_0035792.jpg,benign,benign,0.8156054415346722
ISIC_0035793.jpg,benign,benign,0.8721094040841431
ISIC_0035794.jpg,malignant,malignant,0.7442657137735409
ISIC_0035795.jpg,benign,benign,0.9450671406171306
ISIC_0035796.jpg,benign,malignant,0.38961997416233823
ISIC_0035797.jpg,benign,benign,0.9092924892919068
ISIC_0035798.jpg,benign,benign,0.8336262270782483
ISIC_0035800.jpg,benign,benign,0.878704733652689
ISIC_0035801.jpg,benign,benign,0.9779047580711357
ISIC_0035803.jpg,benign,malignant,0.5
ISIC_0035804.jpg,benign,benign,0.9547416057583674
ISIC_0035806.jpg,benign,malignant,0.4204569043037706
ISIC_0035808.jpg,benign,benign,0.9726035774984332
ISIC_0035809.jpg,benign,benign,0.9198914199235105
ISIC_0035811.jpg,benign,benign,0.7208334232147018
ISIC_0035812.jpg,benign,benign,0.9716110977962702
ISIC_0035813.jpg,benign,benign,0.9334392089118408
ISIC_0035815.jpg,benign,malignant,0.33211433485727565
ISIC_0035816.jpg,malignant,malignant,0.5674388826057863
ISIC_0035817.jpg,benign,benign,0.9717580657871466
ISIC_0035819.jpg,malignant,malignant,0.6863687710482727
ISIC_0035820.jpg,benign,benign,0.8412659932892514
ISIC_0035822.jpg,benign,benign,0.7656705344578418
ISIC_0035823.jpg,malignant,malignant,0.4425389312808918
ISIC_0035825.jpg,malignant,malignant,0.5587057632418926
ISIC_0035826.jpg,malignant,malignant,0.892779432804301
ISIC_0035827.jpg,malignant,malignant,0.8996070354560389
ISIC_0035828.jpg,benign,benign,0.9660007616449022
ISIC_0035830.jpg,benign,benign,0.9780195313568284
ISIC_0035832.jpg,benign,benign,0.7953845959884976
ISIC_0035835.jpg,benign,benign,0.9869842691239494
ISIC_0035836.jpg,benign,benign,0.9084999831613493
ISIC_0035837.jpg,benign,benign,0.9169856275638382
ISIC_0035838.jpg,benign,benign,0.9384209954013648
ISIC_0035839.jpg,benign,malignant,0.3550433108481458
ISIC_0035840.jpg,benign,benign,0.9753257578949289
ISIC_0035841.jpg,benign,benign,0.9538782244222568
ISIC_0035843.jpg,benign,benign,0.9550218724811587
ISIC_0035845.jpg,malignant,malignant,0.9077410954097728
ISIC_0035846.jpg,malignant,malignant,0.7733061303500285
ISIC_0035849.jpg,benign,benign,0.8490784004788826
ISIC_0035850.jpg,benign,benign,0.9613982376610143
ISIC_0035851.jpg,benign,benign,0.9182515355732934
ISIC_0035853.jpg,malignant,benign,0.9515697591441455
ISIC_0035854.jpg,malignant,malignant,0.7314655063307597
ISIC_0035856.jpg,benign,benign,0.939229001041096
ISIC_0035857.jpg,benign,benign,0.9113431355829961
ISIC_0035858.jpg,benign,benign,0.9360532063466512
ISIC_0035859.jpg,benign,malignant,0.40949203434356174
ISIC_0035860.jpg,benign,benign,0.899378123116908
ISIC_0035861.jpg,benign,malignant,0.48789679760351107
ISIC_0035862.jpg,benign,benign,0.9339201215110511
ISIC_0035864.jpg,benign,benign,0.9296577164461525
ISIC_0035867.jpg,benign,benign,0.9949657551724994
ISIC_0035868.jpg,malignant,benign,0.9687641487158293
ISIC_0035869.jpg,benign,benign,0.9349483172290414
ISIC_0035870.jpg,benign,benign,0.9814006465619737
ISIC_0035872.jpg,benign,benign,0.8697198577512163
ISIC_0035874.jpg,benign,malignant,0.6393615854233736
ISIC_0035875.jpg,benign,benign,0.9317826157748629
ISIC_0035877.jpg,malignant,malignant,0.5710419593716045
ISIC_0035879.jpg,benign,malignant,0.6412346084038233
ISIC_0035880.jpg,benign,malignant,0.3314563311168414
ISIC_0035883.jpg,benign,benign,0.9177971676534882
ISIC_0035884.jpg,benign,benign,0.9552780136551375
ISIC_0035885.jpg,benign,benign,0.7815754986285647
ISIC_0035886.jpg,benign,benign,0.9223982194784703
ISIC_0035887.jpg,malignant,malignant,0.9354225718290449
ISIC_0035888.jpg,malignant,malignant,0.4675502056103875
ISIC_0035889.jpg,malignant,malignant,0.9461533831155949
ISIC_0035891.jpg,benign,benign,0.9503634057488157
ISIC_0035892.jpg,benign,benign,0.7210715241606335
ISIC_0035893.jpg,benign,benign,0.970272350189285
ISIC_0035894.jpg,malignant,malignant,0.9437880626753408
ISIC_0035895.jpg,benign,benign,0.8872288024114362
ISIC_0035896.jpg,benign,benign,0.9388158282643402
ISIC_0035897.jpg,benign,benign,0.9531874953939488
ISIC_0035898.jpg,benign,benign,0.9900023669422195
ISIC_0035900.jpg,malignant,malignant,0.9715587253020659
ISIC_0035902.jpg,malignant,malignant,0.885756005073353
ISIC_0035903.jpg,benign,benign,0.974762144735665
ISIC_0035906.jpg,benign,benign,0.9356015230419965
ISIC_0035907.jpg,benign,benign,0.741877449583878
ISIC_0035909.jpg,benign,benign,0.9558128738755491
ISIC_0035911.jpg,malignant,malignant,0.9380121581698737
ISIC_0035912.jpg,benign,benign,0.9216370898866723
ISIC_0035913.jpg,malignant,malignant,0.8223611352767112
ISIC_0035914.jpg,malignant,malignant,0.9845812122114305
ISIC_0035916.jpg,benign,benign,0.950167765940995
ISIC_0035920.jpg,malignant,benign,0.8786598247210421
ISIC_0035921.jpg,benign,benign,0.9261700036932834
ISIC_0035922.jpg,malignant,malignant,0.9762178779181672
ISIC_0035923.jpg,malignant,malignant,0.7802451040159633
ISIC_0035924.jpg,benign,benign,0.9578855582033862
ISIC_0035927.jpg,benign,benign,0.968039050318436
ISIC_0035928.jpg,benign,benign,0.91013904062148
ISIC_0035929.jpg,malignant,benign,0.8831002905348134
ISIC_0035930.jpg,benign,benign,0.7301817896022769
ISIC_0035934.jpg,malignant,benign,0.7430301930316874
ISIC_0035935.jpg,benign,malignant,0.43833406790087076
ISIC_0035936.jpg,benign,benign,0.9048245106594087
ISIC_0035938.jpg,malignant,benign,0.8605661245212813
ISIC_0035939.jpg,benign,benign,0.8275255487778788
ISIC_0035941.jpg,benign,benign,0.95535805802328
ISIC_0035943.jpg,benign,benign,0.9611543333017799
ISIC_0035945.jpg,benign,benign,0.8514449304690973
ISIC_0035947.jpg,benign,benign,0.9557817781247441
ISIC_0035948.jpg,benign,benign,0.8544848873605788
ISIC_0035951.jpg,benign,benign,0.928332042818653
ISIC_0035954.jpg,benign,benign,0.8642879539054175
ISIC_0035956.jpg,malignant,malignant,0.9691537294546487
ISIC_0035958.jpg,benign,malignant,0.33829102304628483
ISIC_0035961.jpg,benign,benign,0.9863506904483009
ISIC_0035962.jpg,benign,benign,0.9255255208742007
ISIC_0035963.jpg,benign,benign,0.6933004842815724
ISIC_0035964.jpg,malignant,benign,0.8381975342725366
ISIC_0035965.jpg,benign,benign,0.9594599148628671
ISIC_0035966.jpg,benign,benign,0.9040229660589506
ISIC_0035967.jpg,benign,benign,0.89308585314845
ISIC_0035968.jpg,malignant,malignant,0.8122117138361546
ISIC_0035969.jpg,benign,malignant,0.3967812797038935
ISIC_0035970.jpg,benign,benign,0.9823250313011506
ISIC_0035971.jpg,benign,benign,0.8870515383837854
ISIC_0035972.jpg,benign,malignant,0.32123583566909203
ISIC_0035973.jpg,benign,benign,0.9890462481491167
ISIC_0035974.jpg,benign,benign,0.9228447983514202
ISIC_0035975.jpg,benign,benign,0.9337839221777143
ISIC_0035978.jpg,benign,benign,0.8338639114285872
ISIC_0035979.jpg,benign,benign,0.9908959924301088
ISIC_0035980.jpg,benign,malignant,0.8205397103560816
ISIC_0035981.jpg,benign,benign,0.9374050505188362
ISIC_0035983.jpg,benign,benign,0.9640125930197601
ISIC_0035984.jpg,benign,benign,0.7356247350756805
ISIC_0035985.jpg,benign,benign,0.9799616020672061
ISIC_0035986.jpg,malignant,malignant,0.9585581718988286
ISIC_0035987.jpg,benign,benign,0.9170157341652562
ISIC_0035988.jpg,benign,benign,0.8424800524658783
ISIC_0035989.jpg,benign,benign,0.8719811587596165
ISIC_0035990.jpg,benign,benign,0.9567896681787368
ISIC_0035991.jpg,benign,benign,0.946764013557111
ISIC_0035992.jpg,malignant,benign,0.8471915693243027
ISIC_0035994.jpg,benign,benign,0.9368832732533741
ISIC_0035995.jpg,benign,benign,0.9349189454674607
ISIC_0035997.jpg,malignant,malignant,0.5706340195816267
ISIC_0035998.jpg,benign,benign,0.7683740312236814
ISIC_0035999.jpg,benign,benign,0.9918735697882006
ISIC_0036001.jpg,benign,benign,0.9624598908743924
ISIC_0036005.jpg,malignant,benign,0.9010761803652898
ISIC_0036010.jpg,benign,benign,0.8413773536180488
ISIC_0036012.jpg,malignant,malignant,0.9663254891212347
ISIC_0036013.jpg,benign,benign,0.9456597480256335
ISIC_0036014.jpg,benign,benign,0.9653432344119142
ISIC_0036017.jpg,benign,malignant,0.35287350752307806
ISIC_0036020.jpg,benign,benign,0.9697623578684119
ISIC_0036024.jpg,benign,benign,0.9348906655327835
ISIC_0036026.jpg,malignant,malignant,0.9347062266049365
ISIC_0036027.jpg,benign,benign,0.953067501928952
ISIC_0036028.jpg,benign,malignant,0.36152747888002146
ISIC_0036029.jpg,malignant,benign,0.9198536321543277
ISIC_0036030.jpg,benign,benign,0.9248610768002713
ISIC_0036033.jpg,benign,benign,0.9410584695979279
ISIC_0036034.jpg,malignant,benign,0.8206369540191617
ISIC_0036036.jpg,benign,benign,0.9336556735275524
ISIC_0036037.jpg,benign,benign,0.9729307166213199
ISIC_0036038.jpg,benign,benign,0.9704828560810138
ISIC_0036039.jpg,benign,malignant,0.47146811590033105
ISIC_0036040.jpg,benign,benign,0.743499477251878
ISIC_0036041.jpg,benign,benign,0.9757723934948175
ISIC_0036042.jpg,benign,benign,0.989511236039019
ISIC_0036044.jpg,benign,benign,0.91270570201819
ISIC_0036045.jpg,benign,benign,0.9038602507159788
ISIC_0036046.jpg,benign,benign,0.9707960593450342
ISIC_0036047.jpg,benign,benign,0.7150604399526714
ISIC_0036048.jpg,benign,benign,0.9401294940162251
ISIC_0036049.jpg,benign,benign,0.9276420825237968
ISIC_0036051.jpg,malignant,malignant,0.7531949495139444
ISIC_0036052.jpg,benign,benign,0.9658300409309966
ISIC_0036054.jpg,benign,benign,0.9614826152125647
ISIC_0036055.jpg,benign,benign,0.9438463437449048
ISIC_0036056.jpg,malignant,malignant,0.3881207639854168
ISIC_0036057.jpg,malignant,benign,0.8553431763313372
ISIC_0036058.jpg,benign,benign,0.8981152239965994
ISIC_0036059.jpg,benign,benign,0.9790740154617547
ISIC_0036061.jpg,benign,benign,0.8831225101479864
ISIC_2061976.jpg,benign,benign,0.74622824702012
ISIC_1645097.jpg,malignant,malignant,0.8434665828023155
ISIC_6367358.jpg,malignant,malignant,0.8127081756059026
ISIC_6784337.jpg,malignant,malignant,0.939002548391461
ISIC_1105887.jpg,malignant,benign,0.7109409983184845
ISIC_5990594.jpg,malignant,malignant,0.7634162796946218
ISIC_6399573.jpg,malignant,malignant,0.9583539530429279
ISIC_3832733.jpg,malignant,benign,0.8847583156526966
ISIC_8638329.jpg,benign,malignant,0.5864932454928088
ISIC_4843324.jpg,malignant,malignant,0.6698295657020504
ISIC_4791649.jpg,benign,benign,0.9071769743840657
ISIC_9941636.jpg,malignant,benign,0.7214842603516961
ISIC_5820839.jpg,benign,benign,0.9381565811896567
ISIC_1246526.jpg,malignant,malignant,0.7421131692673905
ISIC_9127831.jpg,malignant,malignant,0.892767019866665
ISIC_6168000.jpg,benign,benign,0.9461806475156849
ISIC_7765155.jpg,benign,benign,0.9363098607110493
ISIC_0905720.jpg,benign,benign,0.9539030943282895
ISIC_4511541.jpg,benign,benign,0.72491488559642
ISIC_6923107.jpg,benign,malignant,0.42779606537507275
ISIC_4840630.jpg,benign,benign,0.8023866105582862
ISIC_1467892.jpg,benign,benign,0.9455677684549856
ISIC_9972649.jpg,malignant,malignant,0.9690607917252332
ISIC_3744161.jpg,malignant,malignant,0.6759024315046249
ISIC_4335526.jpg,benign,benign,0.7309108246214463
ISIC_9000489.jpg,benign,benign,0.898973203485319
ISIC_4586629.jpg,malignant,malignant,0.5771027989440929
ISIC_7530668.jpg,benign,benign,0.9586176749924076
ISIC_0822843.jpg,benign,benign,0.7273550148631346
ISIC_8866387.jpg,benign,malignant,0.5313285425958342
ISIC_4543581.jpg,benign,benign,0.9729546322362664
ISIC_4023678.jpg,malignant,benign,0.9095006171466694
ISIC_6303907.jpg,benign,malignant,0.8185066478518132
ISIC_4620217.jpg,malignant,malignant,0.8818064197132465
ISIC_0321944.jpg,malignant,benign,0.783091207909194
ISIC_2411589.jpg,benign,benign,0.7723760619274715
ISIC_7878308.jpg,benign,malignant,0.8851654443739968
ISIC_4425681.jpg,malignant,malignant,0.6518439403113524
ISIC_0157465.jpg,benign,malignant,0.6259529844870091
ISIC_4867539.jpg,malignant,benign,0.9628205015815546
ISIC_5206103.jpg,malignant,malignant,0.3611240862535877
ISIC_4064127.jpg,benign,benign,0.8757792047401008
ISIC_8546843.jpg,malignant,benign,0.6948329687490571
ISIC_6149388.jpg,malignant,malignant,0.8472693949049804
ISIC_7496552.jpg,benign,malignant,0.32211109980742914
ISIC_2358370.jpg,benign,benign,0.953472766162978
ISIC_9859545.jpg,benign,benign,0.9897477768434275
ISIC_0467830.jpg,malignant,malignant,0.6814200064276926
ISIC_0415769.jpg,benign,benign,0.9884950246006947
ISIC_2977188.jpg,benign,benign,0.7601801218594714
ISIC_7611157.jpg,benign,benign,0.8695694767495925
ISIC_7254126.jpg,benign,malignant,0.609973004022889
ISIC_3581982.jpg,malignant,malignant,0.3868550716376401
ISIC_1563382.jpg,benign,benign,0.978494021833007
ISIC_6763419.jpg,benign,benign,0.812996720857017
ISIC_5672303.jpg,benign,malignant,0.6136495060816909
ISIC_6269100.jpg,malignant,malignant,0.3753283838797641
ISIC_7660464.jpg,benign,benign,0.91301215469681
ISIC_3777678.jpg,benign,malignant,0.7616444866293528
ISIC_0698589.jpg,benign,benign,0.9550234791966855
ISIC_4272793.jpg,benign,benign,0.7140315576664072
ISIC_6389793.jpg,benign,benign,0.9833192783253695
ISIC_8966407.jpg,malignant,malignant,0.934082078607215
ISIC_9912548.jpg,benign,benign,0.7329841105057058
ISIC_1969370.jpg,benign,malignant,0.7104649053773893
ISIC_7140852.jpg,benign,benign,0.9926692510580968
ISIC_0793445.jpg,malignant,malignant,0.9406467667428662
ISIC_5668296.jpg,benign,benign,0.9782833508247314
ISIC_6095295.jpg,malignant,benign,0.9580731664672484
ISIC_3159183.jpg,benign,benign,0.9419925691779316
ISIC_9019695.jpg,benign,benign,0.9291603156654783
ISIC_1662809.jpg,malignant,benign,0.9717100120525315
ISIC_9504403.jpg,benign,malignant,0.732003605186053
ISIC_2346081.jpg,malignant,malignant,0.34038005882365263
ISIC_8929221.jpg,benign,benign,0.7732387592485881
ISIC_2329180.jpg,benign,malignant,0.5317014198109197
ISIC_8662001.jpg,malignant,malignant,0.5101374014213718
ISIC_3955939.jpg,benign,benign,0.9183071894206841
ISIC_3721080.jpg,malignant,malignant,0.9098243152849939
ISIC_1365846.jpg,benign,benign,0.984330839568653
ISIC_0328731.jpg,benign,benign,0.9211819434562268
ISIC_5939568.jpg,benign,malignant,0.3678072898603863
ISIC_4384129.jpg,malignant,malignant,0.40721265059557127
ISIC_0994345.jpg,benign,benign,0.9304709104348373
ISIC_4112120.jpg,benign,benign,0.959279289419077
ISIC_1376941.jpg,benign,benign,0.8429870491996322
ISIC_1418706.jpg,benign,benign,0.9911912490037328
ISIC_2235682.jpg,malignant,benign,0.9163586294361722
ISIC_0104229.jpg,malignant,malignant,0.9845129690547239
ISIC_1396065.jpg,benign,benign,0.7396064030335605
ISIC_4856683.jpg,benign,malignant,0.520512350788372
ISIC_9153490.jpg,benign,benign,0.9752216728341369
ISIC_8039893.jpg,benign,benign,0.9672560003872456
ISIC_1790470.jpg,benign,benign,0.8340609018766234
ISIC_9452490.jpg,malignant,benign,0.9447248487436772
ISIC_7235721.jpg,malignant,malignant,0.6398386464721031
ISIC_7474544.jpg,benign,benign,0.8627611504445247
ISIC_6798316.jpg,malignant,malignant,0.32899812938199263
ISIC_2581432.jpg,malignant,malignant,0.6078013586999261
ISIC_3615873.jpg,benign,benign,0.8757959657585325
ISIC_7417402.jpg,malignant,malignant,0.902570215394266
ISIC_5035285.jpg,benign,benign,0.9201053908910928
ISIC_6242031.jpg,malignant,malignant,0.846645685464132
ISIC_1216673.jpg,benign,benign,0.9834346169801008
ISIC_8568371.jpg,benign,benign,0.8243181797141241
ISIC_8080250.jpg,malignant,malignant,0.7857556450006027
ISIC_0967587.jpg,benign,benign,0.9619416551577954
ISIC_9830559.jpg,benign,malignant,0.5610304408256604
ISIC_1211710.jpg,malignant,malignant,0.7813874775242896
ISIC_2857123.jpg,malignant,benign,0.7406826959153567
ISIC_4853631.jpg,benign,malignant,0.34534159926553043
ISIC_2887867.jpg,benign,benign,0.9720193614100399
ISIC_4806646.jpg,benign,benign,0.9789347026954967
ISIC_3190920.jpg,malignant,malignant,0.8703022359115513
ISIC_3631780.jpg,malignant,malignant,0.8952992157290252
ISIC_7144229.jpg,benign,benign,0.9619649409998691
ISIC_6998510.jpg,benign,benign,0.8600399913156744
ISIC_4527534.jpg,benign,benign,0.9318101255675736
ISIC_6553846.jpg,malignant,malignant,0.7543720233643194
ISIC_8321085.jpg,benign,benign,0.899083873717541
ISIC_0406160.jpg,benign,benign,0.9822423508284814
ISIC_1512054.jpg,benign,benign,0.7663440374300514
ISIC_8336318.jpg,malignant,benign,0.7640796098332804
ISIC_7538059.jpg,malignant,malignant,0.836225615844623
ISIC_7687199.jpg,benign,malignant,0.5444279862557704
ISIC_6334282.jpg,malignant,malignant,0.6530324108348122
ISIC_7733134.jpg,benign,benign,0.7785867620806787
ISIC_5532418.jpg,benign,malignant,0.7629515022585589
ISIC_2266220.jpg,benign,benign,0.9660980863258669
ISIC_9168295.jpg,benign,benign,0.9761076861324623
ISIC_2043443.jpg,malignant,malignant,0.9409232298288108
ISIC_5011827.jpg,benign,malignant,0.7057783977922912
ISIC_5956582.jpg,malignant,benign,0.8947783895368495
ISIC_0995119.jpg,benign,benign,0.9465639860395024
ISIC_6424909.jpg,malignant,malignant,0.7664712654720172
ISIC_5366444.jpg,malignant,malignant,0.9345931263088623
ISIC_9413613.jpg,benign,benign,0.9952256394206858
ISIC_7959932.jpg,benign,benign,0.9535603711067246
ISIC_2577098.jpg,malignant,benign,0.8176733623777048
ISIC_1274177.jpg,benign,malignant,0.3530190092634342
ISIC_7105211.jpg,malignant,malignant,0.4610339801082119
ISIC_1735538.jpg,benign,benign,0.9827470130297832
ISIC_7646845.jpg,benign,benign,0.7060270305633991
ISIC_2364514.jpg,malignant,malignant,0.4508561332202512
ISIC_6294286.jpg,malignant,malignant,0.9329127247588597
ISIC_9096346.jpg,benign,benign,0.9531950569602455
ISIC_9767196.jpg,benign,benign,0.8931944957895781
ISIC_3229915.jpg,benign,benign,0.9799607176696786
ISIC_9702543.jpg,benign,benign,0.8192266261775581
ISIC_2620684.jpg,malignant,malignant,0.7049926240152037
PAT_74_112_729.png,malignant,malignant,0.9343709725754092
PAT_1978_4004_82.png,benign,benign,0.7313595580945054
PAT_397_797_638.png,malignant,malignant,0.9309293422780316
PAT_572_1086_130.png,malignant,malignant,0.9289926704900271
PAT_701_1321_156.png,benign,benign,0.9427285407941345
PAT_2142_4733_13.png,benign,malignant,0.7920548281799601
PAT_1708_3157_518.png,benign,malignant,0.85110780466591
PAT_630_1196_710.png,malignant,malignant,0.9851884118751687
PAT_382_776_986.png,malignant,malignant,0.9530001987802995
PAT_1089_375_60.png,benign,benign,0.9911291575387433
PAT_1326_1156_783.png,benign,benign,0.9319813854286818
PAT_936_1772_886.png,malignant,malignant,0.9427388939017134
PAT_478_916_806.png,malignant,malignant,0.9433518912377086
PAT_183_283_495.png,malignant,malignant,0.7181557195149892
PAT_885_1687_204.png,malignant,malignant,0.9767430273249444
PAT_1252_866_852.png,benign,benign,0.9399466530691256
PAT_1349_1229_828.png,benign,benign,0.9838566755623527
PAT_1881_3717_785.png,benign,benign,0.9954627805882718
PAT_361_1568_456.png,malignant,malignant,0.6185390146462937
PAT_837_1583_124.png,malignant,malignant,0.960270099935519
PAT_801_1518_78.png,malignant,malignant,0.46086116918967596
PAT_1694_3110_213.png,benign,benign,0.9611754440243977
PAT_715_1339_508.png,benign,malignant,0.7757641538066467
PAT_876_1665_569.png,malignant,malignant,0.9450128568277328
PAT_467_904_235.png,malignant,malignant,0.9180573867494338
PAT_1451_1562_545.png,benign,benign,0.967067237236521
PAT_1770_3344_274.png,benign,malignant,0.7013319465796259
PAT_456_888_961.png,malignant,malignant,0.9650580495936619
PAT_430_847_315.png,malignant,malignant,0.9650705936450484
PAT_1245_844_471.png,benign,benign,0.7375886698821892
PAT_810_1526_67.png,malignant,malignant,0.9224996201216213
PAT_858_1632_977.png,malignant,malignant,0.8807220021817116
PAT_1971_3984_534.png,benign,malignant,0.5415244512925314
PAT_149_221_679.png,malignant,malignant,0.9360998964439288
PAT_756_1495_858.png,benign,benign,0.9384265033161201
PAT_8_15_820.png,malignant,malignant,0.9678119386650023
PAT_340_714_68.png,malignant,malignant,0.9043526089576995
PAT_679_1286_933.png,malignant,malignant,0.9539280218422005
PAT_89_135_11.png,malignant,malignant,0.9376723461975994
PAT_699_1320_901.png,malignant,malignant,0.5354553161067271
PAT_338_709_306.png,malignant,malignant,0.5906823282943251
PAT_547_1033_911.png,malignant,malignant,0.9456667240464316
PAT_945_1796_583.png,malignant,malignant,0.9020289148830881
PAT_962_1823_942.png,malignant,malignant,0.9158921201661483
PAT_891_1701_36.png,malignant,malignant,0.8520634736529719
PAT_206_312_595.png,malignant,malignant,0.8874313598405957
PAT_243_372_640.png,malignant,malignant,0.7664490353472256
PAT_164_255_130.png,malignant,malignant,0.9396367649366635
PAT_759_1538_566.png,malignant,malignant,0.9463818480407165
PAT_456_887_499.png,malignant,malignant,0.9675667425311177
PAT_806_1520_708.png,malignant,malignant,0.9678299913038519
PAT_904_1736_851.png,malignant,malignant,0.8696173303938549
PAT_193_297_295.png,malignant,malignant,0.31689118356147616
PAT_204_310_975.png,malignant,malignant,0.9270317299658788
PAT_147_219_206.png,malignant,malignant,0.7620808517278674
PAT_1350_1230_925.png,benign,benign,0.7016296300437458
PAT_510_959_174.png,malignant,malignant,0.8668189563337623
PAT_494_939_518.png,malignant,malignant,0.9434087060303327
PAT_736_1392_562.png,malignant,malignant,0.8906140289855039
PAT_142_210_904.png,malignant,malignant,0.9656940672492793
PAT_272_420_10.png,malignant,malignant,0.8755596367120135
PAT_705_1326_82.png,malignant,malignant,0.9181608240284213
PAT_918_1742_456.png,malignant,malignant,0.9307911144821578
PAT_545_1029_650.png,malignant,malignant,0.977189162720388
PAT_267_412_275.png,malignant,malignant,0.9578661107146141
PAT_146_217_187.png,malignant,malignant,0.9241484426160437
PAT_435_854_68.png,malignant,malignant,0.9754171232718077
PAT_36_49_935.png,malignant,malignant,0.944873346256976
PAT_972_1843_756.png,malignant,benign,0.8721730577102293
PAT_486_929_317.png,malignant,malignant,0.9010938701470338
PAT_357_737_77.png,malignant,malignant,0.9826970537097304
PAT_419_2768_910.png,benign,malignant,0.4272781422047384
PAT_1350_1230_878.png,benign,benign,0.9273370115559005
PAT_319_680_166.png,malignant,malignant,0.8944275662382823
PAT_165_256_460.png,malignant,malignant,0.9121155992522709
PAT_1946_3924_627.png,benign,benign,0.9862717758181675
PAT_677_1349_851.png,malignant,malignant,0.9291581919112785
PAT_325_689_528.png,malignant,malignant,0.9449011225924899
PAT_419_833_148.png,malignant,malignant,0.8988176884181469
PAT_1008_59_297.png,benign,benign,0.8503702661256473
PAT_288_441_312.png,malignant,malignant,0.7651924737263943
PAT_131_197_260.png,malignant,malignant,0.9697189904941197
PAT_216_331_678.png,malignant,malignant,0.9673173500630947
PAT_844_1605_308.png,malignant,malignant,0.841347367917089
PAT_551_1047_567.png,malignant,malignant,0.9273958739482709
PAT_837_1584_745.png,malignant,malignant,0.8609423789283536
PAT_314_672_909.png,malignant,malignant,0.7474637339770845
PAT_99_153_636.png,malignant,malignant,0.9595291087249893
PAT_689_1306_772.png,malignant,malignant,0.9289893793104337
PAT_730_1383_535.png,malignant,malignant,0.9120908323208554
PAT_1721_3219_737.png,benign,benign,0.8744069591282371
PAT_482_924_134.png,malignant,malignant,0.8573997513172043
PAT_1636_2869_595.png,benign,malignant,0.8929608374037861
PAT_527_1360_225.png,malignant,malignant,0.8728978447790735
PAT_1364_1246_143.png,benign,benign,0.9763811896050525
PAT_1109_436_141.png,benign,benign,0.9676085004546444
PAT_1186_680_578.png,benign,benign,0.9734674762974106
PAT_406_808_975.png,malignant,malignant,0.9176433360790315
PAT_841_1603_667.png,malignant,malignant,0.8267419037036888
PAT_311_667_416.png,malignant,malignant,0.9317146116187247
PAT_87_133_159.png,benign,benign,0.9405195337997849
PAT_993_1865_559.png,malignant,malignant,0.9404891765949002
PAT_601_1147_943.png,malignant,malignant,0.8885480423938011
PAT_377_768_643.png,malignant,malignant,0.9003295973787812
PAT_242_369_930.png,malignant,malignant,0.9600673551328727
PAT_251_382_576.png,malignant,malignant,0.9471793534774591
PAT_1731_3237_919.png,benign,benign,0.8859714840906184
PAT_613_1164_827.png,malignant,malignant,0.9104333913848549
PAT_789_1483_793.png,malignant,malignant,0.8258339647258374
PAT_978_1844_715.png,malignant,malignant,0.933408621277155
PAT_2161_4818_501.png,benign,benign,0.934219826108777
PAT_324_1465_43.png,malignant,malignant,0.8582638440403907
PAT_1658_2933_322.png,benign,benign,0.8099655721623773
PAT_1904_3794_215.png,benign,benign,0.95487362969904
PAT_1730_3236_201.png,benign,benign,0.9603274943563638
PAT_974_1841_693.png,malignant,malignant,0.9301550803408686
PAT_1942_3915_388.png,benign,malignant,0.6409056763502181
PAT_315_673_227.png,malignant,malignant,0.8797622286093301
PAT_814_1532_545.png,malignant,malignant,0.9458078678759214
PAT_544_3299_671.png,benign,benign,0.9814034717966131
PAT_535_1011_567.png,malignant,malignant,0.9610108541943403
PAT_270_417_257.png,malignant,malignant,0.8924345204372081
PAT_1801_3461_351.png,benign,benign,0.781786083155606
PAT_50_76_296.png,malignant,malignant,0.9594980174479548
PAT_267_1062_418.png,malignant,malignant,0.9484633560865389
PAT_2162_4820_913.png,benign,benign,0.9872062107969197
PAT_649_1233_229.png,benign,benign,0.952352134883995
PAT_395_795_43.png,malignant,malignant,0.8353288480244844
PAT_275_424_966.png,malignant,malignant,0.5113059079690792
PAT_756_1496_599.png,benign,benign,0.9895235419648335
PAT_115_175_283.png,malignant,malignant,0.9694088876765519
PAT_171_265_757.png,malignant,malignant,0.92088228482442
PAT_711_1334_480.png,malignant,malignant,0.5419222420986293
PAT_514_968_269.png,malignant,malignant,0.8923102926570142
PAT_40_56_499.png,malignant,malignant,0.89997709338295
PAT_720_1362_700.png,malignant,malignant,0.9125944132765303
PAT_191_293_314.png,malignant,malignant,0.9396381075555417
PAT_1944_3921_281.png,benign,benign,0.8472557046801024
PAT_520_983_221.png,malignant,malignant,0.9559640533643878
PAT_467_904_776.png,malignant,malignant,0.8936803018149937
PAT_1494_1707_125.png,benign,malignant,0.6035298633278292
PAT_320_681_410.png,malignant,benign,0.7761671652679144
PAT_687_1304_898.png,malignant,malignant,0.4088537722176968
PAT_155_240_211.png,malignant,malignant,0.9298059536361074
PAT_158_243_947.png,malignant,malignant,0.9497129381114727
PAT_860_1641_440.png,malignant,benign,0.7949219570116552
PAT_683_1296_237.png,malignant,malignant,0.7935080768747835
PAT_441_861_415.png,malignant,malignant,0.580140527560552
PAT_1418_1448_307.png,benign,benign,0.6981598503742549
PAT_198_853_778.png,benign,benign,0.904503253646986
PAT_834_1574_397.png,malignant,malignant,0.9420386430777524
PAT_160_248_254.png,malignant,malignant,0.897982562027513
PAT_1331_1173_380.png,benign,benign,0.9284243154630606
PAT_281_1517_293.png,benign,benign,0.8698478747234998
PAT_465_901_627.png,benign,benign,0.8130282696287195
PAT_678_1287_652.png,malignant,malignant,0.905313161553411
PAT_981_1848_486.png,malignant,malignant,0.9150261824114673
PAT_894_1679_640.png,malignant,malignant,0.5159911978892979
PAT_1569_2456_393.png,benign,malignant,0.8246824942104694
PAT_2088_4525_507.png,benign,benign,0.9743507140421752
PAT_950_1804_64.png,malignant,malignant,0.9361941204250745
PAT_632_1206_634.png,malignant,malignant,0.9876602653932043
PAT_770_1451_136.png,malignant,malignant,0.9562697305879634
PAT_523_988_851.png,malignant,malignant,0.9293797240500885
PAT_624_1180_803.png,malignant,malignant,0.9336595627739458
PAT_645_1223_443.png,malignant,malignant,0.9646945733660578
PAT_115_1138_870.png,malignant,malignant,0.8007591446618716
PAT_605_1152_536.png,malignant,malignant,0.9316373340696765
PAT_682_1292_986.png,malignant,malignant,0.9113870460854819
PAT_190_291_366.png,malignant,malignant,0.9076473683610865
PAT_139_207_342.png,malignant,malignant,0.9672451280633859
PAT_761_1435_561.png,malignant,malignant,0.9813304457683002
PAT_962_1823_857.png,malignant,malignant,0.9515857534105195
PAT_191_294_629.png,malignant,malignant,0.9486508257673757
PAT_191_294_419.png,malignant,malignant,0.9435664949946697
PAT_636_1204_666.png,malignant,malignant,0.8777883664268964
PAT_905_1721_327.png,malignant,malignant,0.9166756092405219
PAT_161_250_197.png,malignant,malignant,0.902638868821324
PAT_337_706_254.png,malignant,malignant,0.8402420770754093
PAT_426_842_458.png,malignant,malignant,0.9153890904047128
PAT_924_1757_704.png,malignant,malignant,0.9277449829275024
PAT_935_1781_920.png,malignant,malignant,0.8806785846610948
PAT_838_1585_282.png,malignant,malignant,0.9433964834770162
PAT_980_1851_351.png,malignant,malignant,0.9417832794074131
PAT_423_839_717.png,malignant,malignant,0.9554212715538187
PAT_255_388_77.png,malignant,malignant,0.8697565723097678
PAT_486_929_274.png,malignant,malignant,0.8821646694255839
PAT_178_276_465.png,malignant,malignant,0.9333846626354106
PAT_645_1224_768.png,malignant,malignant,0.9426669456897984
PAT_920_1747_19.png,malignant,malignant,0.9178293280040755
PAT_271_418_92.png,malignant,malignant,0.904091921688252
PAT_954_1808_415.png,malignant,malignant,0.6763203953625692
PAT_406_1542_754.png,malignant,malignant,0.7916207246846266
PAT_887_1688_436.png,malignant,malignant,0.736906382878132
PAT_62_97_868.png,malignant,malignant,0.9928017750336793
PAT_1305_4097_251.png,benign,benign,0.9892183741387313
PAT_611_1158_156.png,malignant,malignant,0.8213120056382094
PAT_185_285_862.png,malignant,malignant,0.9035109224197705
PAT_856_1626_523.png,malignant,malignant,0.9480161821471584
PAT_1273_952_89.png,benign,benign,0.9788845395830906
PAT_1731_3237_197.png,benign,malignant,0.3959062989645482
dc2fabd3-d0b3-4f97-9422-1689f0cc8ead.png,malignant,malignant,0.8694610901625119
a7f11865-a615-45c8-ba1d-af3210a9aeb8.png,benign,benign,0.8702777010567542
80cf5ca4-17a0-45f5-8d88-6068792975d9.png,benign,benign,0.7468601386273604
b0a1a9ff-4676-409d-9da5-c767d4d249b0.png,benign,benign,0.8540706099823145
e791bcdf-f49e-4a70-b78f-9593ed8426c3.png,benign,benign,0.9081777029533403
813cf123-3bde-4bd4-84e9-8c5c204effa3.png,malignant,malignant,0.9257351762891369
c49d8702-68d5-4006-a7cc-998af2fc6557.png,benign,benign,0.9617920261898126
7f05cc46-0798-4e91-af66-fe87837b7f67.png,benign,benign,0.9955844663221134
d93cb6a1-862e-41d0-ab51-cc69e7969f58.png,malignant,malignant,0.8857646030681483
2361ca88-5c90-4e2c-a6ab-fdb3585a98b9.png,benign,malignant,0.5195546655857559
ed3dd40a-0743-4440-8375-817558dd429a.png,benign,benign,0.9203013609449733
9c7289a0-fd78-41d0-96e5-6998acee595f.png,benign,benign,0.9535802198098563
e47d887e-aa21-40a8-b772-10792a3805a1.png,malignant,benign,0.9517540641601914
d199a863-4f8a-4a28-9638-e5655bb8cefa.png,malignant,malignant,0.930952797576072
52a3bfda-8358-436d-86b7-66f9d326b09b.png,benign,benign,0.896012141828719
7d270825-30de-4f78-9269-949c3270abd6.png,benign,benign,0.7971773199738577
d8f39a2b-6d8b-4900-888a-5e4c3ed8e5fa.png,malignant,benign,0.7028075333086627
0e8b3967-78a6-4ef1-90bc-2fd80c257e2e.png,malignant,malignant,0.8125527356013487
62cf61c7-4b2b-452a-8207-1d24ff3c92b0.png,malignant,malignant,0.8888316456307027
22a8064a-4411-422b-a0c0-1d629d9007ab.png,malignant,malignant,0.7834838393154753
21e5fbe1-823c-4d10-bf29-1488154352be.png,malignant,malignant,0.9600620468778331
6670e267-f5cc-42ab-abdb-6dd791ca5269.png,benign,benign,0.9901661670334287
f28264fd-20e8-4498-acf6-3b605fe088bc.png,malignant,malignant,0.9724297526304176
f015f556-e4cb-4a6f-9af3-388b878c0560.png,benign,malignant,0.5365967656649707
0e81889b-56f6-467e-a7eb-a9b1f6619ed7.png,malignant,malignant,0.705064142172804
bd9d4044-1e8e-46ba-82bf-88c303418629.png,malignant,malignant,0.8210153857657083
f38393e7-1f2f-4938-aed4-0d105cd77b0d.png,malignant,malignant,0.5181551726499896
dc6577bb-e46a-4054-8204-3b254d5aeede.png,benign,benign,0.9090826527497143
1f9f2c0f-a1b1-4bdb-b58c-cd6e3a07d0d7.png,benign,benign,0.9825458594589891
31c41cce-fca2-4ad7-be41-6d57d6333f72.png,benign,benign,0.8042083419959624
64e3b54c-2625-4f35-8a05-7634eb2a013e.png,benign,benign,0.9945566545550527
e3045002-cdca-44e0-938c-7652d8dca133.png,malignant,malignant,0.5930943201737581
adc4afac-84d0-4444-9e13-67211bb8c3aa.png,benign,malignant,0.8421896951425358
bd05c5cf-20cc-484c-b318-1fbc73f6d241.png,malignant,malignant,0.8125734104477247
520d14bd-54dd-453d-a712-632dc74923e3.png,benign,malignant,0.8827025281606267
fd936f26-eb98-45cf-8e45-68f52a81cc24.png,malignant,malignant,0.8115993946444765
296b2aa3-1167-46db-8e2f-a0abfea3ca7e.png,malignant,malignant,0.7793977891570469
12bb071b-3e9f-4079-97cc-38befde82ba9.png,malignant,malignant,0.4159583549996352
6ddb3cad-d034-4700-9652-671141806388.png,benign,benign,0.9947275463092032
c350d1cb-dfa2-4b42-81d6-665354705a0c.png,malignant,malignant,0.5
98450561-8fa1-471b-ba66-3ad407e5c235.png,malignant,malignant,0.9409653904966606
efe79beb-a72b-4455-8206-6a83bac6393c.png,benign,benign,0.9941466939959104
7d058cc7-e82f-4c5d-a3e1-cbc103e31e06.png,malignant,benign,0.7771764716507683
6c64d815-ee7e-45e9-8223-65758ce55454.png,malignant,malignant,0.8414418131137223
6b97582b-1b95-4336-a513-dcfd13c5559e.png,malignant,malignant,0.9265492338389479
f3e3ed27-aa54-4ed5-97be-9e0fba8cdbed.png,malignant,malignant,0.7535695597513463
7fe050e5-499c-464d-ad87-c23254e16af0.png,benign,malignant,0.8579356699169325
0d099994-2407-4897-bcdd-5bb0c26be310.png,malignant,benign,0.8723410463022969
95cddf39-8896-4a6e-b2df-e4039f88481d.png,benign,benign,0.9767605562472227
2b97f68d-0bd2-41c4-bb09-bbc7a1b57e13.png,benign,benign,0.9390413941734174
edf5c784-4cc1-46d5-938c-e287ce7cbabb.png,benign,malignant,0.6542313167064348
8ecc0158-59f6-4110-9afa-277a9ef8e67f.png,benign,benign,0.8076292573497665
c74306b8-5900-4706-b6e0-01cb49a5f8ec.png,benign,benign,0.9715045052653821
09811c05-6cb0-49ff-ab4c-c3b230c4b720.png,benign,malignant,0.3231745398595703
ab811374-c659-4815-909d-84be8a2d9db6.png,benign,benign,0.9453130615405946
c5cbc9e8-f0a4-46b6-b3f7-b0b480a5f434.png,benign,benign,0.8580255397512797
01fd860c-2501-42b3-98b1-4c885b432648.png,benign,benign,0.9778845544489625
dc791a9d-6ecb-41c3-83f3-14e2bb2d6800.png,malignant,malignant,0.931384442330493
fc2e631d-ed13-4bee-ab5a-fe18ad068f74.png,malignant,malignant,0.9480691243222862
c443f8c3-c1ed-4936-84b5-e0b73368e550.png,benign,benign,0.693511606239963
4e781904-b73d-4f79-a980-05685368308f.png,benign,benign,0.9872252190581844
4e79c701-e24c-4f1f-a13d-62acf57b7f91.png,benign,benign,0.8998140540586335
28b73db5-0548-4d46-9250-e957848a1c4b.png,benign,benign,0.7013736705674821
3acd7d09-7b20-4998-aceb-fc61b3ffe3f3.png,malignant,malignant,0.9269441863996885
14153cdb-95c1-4936-ad88-b3cee231067e.png,benign,benign,0.9617133393835876
b10bfdc7-6a97-4982-855b-53ebe0affc28.png,malignant,malignant,0.3430709765195126
91a74dc3-70c5-47f5-835d-0439ca237a1d.png,malignant,malignant,0.8976563612860201
5e29986f-cc4c-4649-9988-c6aea8fca38b.png,malignant,malignant,0.8722226105091255
d55e2a86-d526-4af5-908c-bd3678961f4b.png,malignant,benign,0.7673716190355794
b6f5449f-4cb5-4364-8e38-2947080e0e60.png,benign,benign,0.9400808153414465
1600637c-bdbd-4e17-9099-d20d2317afe9.png,benign,benign,0.9834235298914316
2e4e43b9-da54-492d-a2c3-e10ca00ae5eb.png,benign,benign,0.9722457956855728
7241c3a8-f409-42e0-9bfc-4e8d8fbe3e93.png,malignant,malignant,0.932547301446365
e4314b79-e59d-4ad9-bb81-508dd8a10ebd.png,benign,benign,0.9388860251901056
4d9cf37a-db98-4042-9b7a-29564e17dba1.png,benign,benign,0.9951409912168693
13dac258-d079-489f-b5b0-2121352623c8.png,benign,benign,0.9403507406453419
96b097d4-323d-4b8d-8f2a-32b7ae5e3ce2.png,malignant,malignant,0.6636294452095769
26541014-ef95-4ef2-afa4-9b5dd1d0ab63.png,benign,benign,0.8258594397176212
9d772da5-b81e-40c0-a5d7-d61e27b4b6ac.png,malignant,malignant,0.6737038620445004
c8ce8a8a-b3dc-4bf6-ad1b-7e3792f9e1d7.png,malignant,benign,0.9162943926660787
bfd367fa-5fe0-4785-b2f9-1d868189464d.png,benign,benign,0.9717409933847428
91378a29-96d9-4c75-b805-af513b9d13e4.png,malignant,malignant,0.6005776193704426
af43a98c-836c-4053-8161-c41e9b0645b4.png,benign,malignant,0.38585846093872644
14f477ce-b53e-4c81-8be8-36c9630d7aa0.png,malignant,malignant,0.7597618528696398
a8b7bfe5-59cc-403a-b71d-273a1b1942b3.png,malignant,malignant,0.38544132035219375
424b3f86-446f-418b-b626-958e4ba49333.png,malignant,benign,0.8018268024578016
b1b78c10-e7ae-4a57-b08d-0ffcba8b85d8.png,benign,benign,0.9818396188283774
15fd4e68-4082-4f2f-b620-7ea5fca047a1.png,malignant,malignant,0.6749592875989309
6eef71cd-d2a9-43c3-961c-3d52af560120.png,benign,malignant,0.738763748267891
1a1df3a5-f1c0-43eb-a778-c43b258b3e11.png,benign,benign,0.9721901211408213
64472f0d-0d55-4574-b1a7-adcb9452ae76.png,malignant,malignant,0.7296165141265128
d7c47153-38c8-488b-a6e2-384ea26c8e78.png,malignant,malignant,0.8021182027945859
022a52d2-9210-46d8-b97d-f9a78790ffc4.png,malignant,malignant,0.9757533906029463
01620c44-3cfb-4fcd-a8d9-b6ad991783b0.png,malignant,malignant,0.8204116403557309
7a82e8d5-15e6-42d6-8d43-b35e2158a592.png,malignant,malignant,0.8702046627947609
41fdd74b-a98e-4c59-ae44-a0ff61454422.png,benign,benign,0.9917910890651822
2ba7189e-9ffa-446e-9450-caaca8baffd2.png,malignant,benign,0.6963985200734871
d53eff88-45fc-42d2-9ef0-7913edb607b3.png,benign,benign,0.9724541668215536
3382f96a-daf0-4b40-83ea-ffb31b3bf187.png,benign,benign,0.8283030844452071
837331ad-9524-4790-b55b-1966d290a0d7.png,benign,malignant,0.6943905005664274
ef4b371a-650a-46bb-ae94-acf74e0a11b5.png,malignant,malignant,0.9603852878980973
50453632-1f97-4cc2-a648-959aa89cdbc1.png,benign,benign,0.9895596675909331
baa1dff7-a39e-4e7e-af94-3232bf0d2813.png,benign,malignant,0.7294404252181552
dddecdcd-4cb5-4ddc-bdc0-cf69506cc5e3.png,benign,benign,0.9872056532396508
ce7fb216-a8fa-4893-a027-293fcff360cb.png,benign,benign,0.9503855854922117
3d7be66f-0abb-424b-a32e-be3d02f365ea.png,malignant,malignant,0.7135063285983684
1f5b985a-3b76-4377-9a52-ff6f95fd5155.png,benign,malignant,0.7946748472102937
fc04fb60-3a68-40f1-b3e3-de9f0ac14cdf.png,benign,malignant,0.5
0ccea8b5-d45f-4545-ac64-0d589d51d706.png,benign,benign,0.8986566698508367
06c85032-9add-44b7-91f7-5b476bfc3029.png,malignant,malignant,0.9087165503936836
82bd73f2-24fb-4fae-9069-9e9e17a2c256.png,malignant,malignant,0.6653676198386644
714b2567-da40-4647-b42a-31b7032fb606.png,benign,benign,0.86660545348785
a4075ece-4c7b-4ce4-af5a-0350b59db6e3.png,malignant,malignant,0.7805958067877626
72c233f2-d9fa-4615-832b-1f320b51625c.png,benign,malignant,0.48404784959967645
e08128b6-b8a4-4842-9bf1-36a1c566b8a2.png,benign,benign,0.9806756260897286
96b2a9b2-6340-4735-95a7-2b86d120863e.png,malignant,malignant,0.4017898081849755
9d4ce1d4-3556-4032-8d19-a0d092ff485b.png,malignant,malignant,0.9535572949530067
0f4d06d5-05ce-4bf5-a15d-b1b7e1527eb1.png,benign,benign,0.7689082713357217
3bc1f6a1-3cd0-43ac-bf8e-3dc2eff7f500.png,benign,malignant,0.8779645269939526
10ed66e0-2b13-4d30-a39a-98751010dc1a.png,malignant,malignant,0.8324095794697153
9c884701-8145-46d5-a48a-9f763bc22e42.png,benign,benign,0.9479866608309825
49e19636-2eb8-4256-92a4-3b0d991f5593.png,malignant,benign,0.6991741521308131
ef55c005-25ce-4f08-a3dd-a311a3f6ed7d.png,benign,benign,0.9697244082238052
fad1d18f-ee7d-429c-adb1-a4c5fca581db.png,benign,malignant,0.456035581179215
d9ce7199-8f67-4ff6-8131-3cedcaafb0a3.png,malignant,malignant,0.7589348084204939
081daca6-6b2a-49e6-b8ba-4b594c236bc0.png,benign,benign,0.9935958223382944
7d8673f9-73fe-47d3-bf02-c01014e53e38.png,benign,benign,0.9910771512958007
3a0e85ff-7a0b-4b9f-943c-27b2e39c8969.png,malignant,malignant,0.908454951989715
115b4e4e-c8dc-48f4-8688-8ffe29b342ed.png,benign,benign,0.9679252841715464
0f3cf985-25e3-45a5-83a5-b5c8b4ef22d0.png,benign,benign,0.9209224342563349
61a07909-4196-4624-a9e3-b2f590960267.png,benign,benign,0.9009643982554049
9bf7768e-ac37-4ad2-aa90-05f4740a5742.png,malignant,malignant,0.8210681964680279
f15a2775-e21a-4100-91f4-80481cc68c00.png,benign,benign,0.8696520199274553
6890383e-c2fe-44ba-864a-16d121fdccc2.png,malignant,malignant,0.745027715668305
63e3b4b9-1821-4785-9426-4113e5a20586.png,malignant,malignant,0.8282838808410597
b3268c0d-88a5-46be-8120-b15fbdb33775.png,malignant,benign,0.6876449723884293
93a6baac-4986-4d6b-b4bd-b9206bfe07ba.png,benign,benign,0.7537903504852457
dd4ddecb-3268-4a4d-8865-a2b027f7a6d2.png,benign,benign,0.9726930023076538
a0b52142-89e0-452c-8eb2-442b5c1696b2.png,malignant,malignant,0.9192367841228726
fab3e653-8d75-4027-8608-5690faf34b90.png,malignant,malignant,0.9777345619805761
cdf478cc-c113-4c5c-94b3-0a94b95f719e.png,benign,malignant,0.8031724274210338
79b263f6-bc35-4cf0-8297-ec6e8b082bb4.png,malignant,malignant,0.9079572110728974
7f515d75-65b6-4f4d-bdcb-fdac3242c717.png,malignant,malignant,0.34202891423716664
707d57c9-b162-46b2-a19d-d00d1863a444.png,benign,benign,0.768719411595456
c347d979-5a84-41ee-a3f6-174e2620c9b8.png,benign,benign,0.9830601551911369
f0713206-4e1e-45de-9c2e-244a7da9e9cb.png,benign,benign,0.9062012728880121
071d7532-ad69-4176-bdde-6fccd056957a.png,benign,benign,0.9524452612717104
5253d8b3-ef61-4621-aca0-07ca8753f80b.png,benign,benign,0.9798111041072288
f80aa689-afea-4bc8-acc7-23156337dcf4.png,benign,benign,0.9889241316151302
76964f22-9c50-44b7-9a73-61b8c979bff7.png,benign,benign,0.9796586126186636
e31701df-93d4-46fd-b8e4-acb96547ac2c.png,malignant,malignant,0.7170958778109883
788e192b-bfcd-4107-af7b-7e8911bf3c1b.png,malignant,malignant,0.8451320958057321
6692a3b2-9993-45a0-96ef-297966e7fb6c.png,malignant,benign,0.7775177278601685
6b25eb19-4af2-4de3-8518-d39f1cd8d39c.png,malignant,malignant,0.9352398012407077
48d67342-a025-4dc2-8db7-535bec8b0a97.png,benign,benign,0.9915459058668394
955354f9-a2e3-4587-90b0-9539f465878b.png,benign,benign,0.8662832818345751
3e079d63-6687-4f47-981d-305c5af3be3a.png,benign,benign,0.9839828467812195
98f82416-8b63-490f-b41f-2a644ed3ed65.png,malignant,malignant,0.8207385188035442
710cc059-5722-43c1-b803-4f2e96bc5aa0.png,malignant,malignant,0.9434275853954618
b0efb4b5-bd54-4a09-95bb-04743fb2b6a8.png,benign,benign,0.8370980165775297
63aa969b-90d7-47df-a696-5f1a31187cfa.png,malignant,malignant,0.8729088670912387
d9987618-1fa7-4702-b086-f2e28470fabd.png,malignant,malignant,0.8696784380425209
fe146c47-8f74-4308-8a64-db2cdd4eaafe.png,malignant,malignant,0.9711590287367134
c7b8bbea-02c8-4b67-94a6-ff5c4a6e5044.png,benign,benign,0.8092962641689129
6c58e7ef-7a58-4518-921f-8779c8bb7446.png,malignant,malignant,0.5728423580091534
84a34293-fe3c-4b38-bb7e-654232b5d128.png,benign,benign,0.9776469014035729
e4c4e7e4-e028-4edf-9911-7c02b4a6dbbf.png,benign,malignant,0.46257404036206773
b1ee3f71-fa64-4bd1-8165-484d9dd734e7.png,malignant,malignant,0.5687411665352216
3ae9a7da-5437-4309-b09a-df58d777a586.png,malignant,malignant,0.8405273360511719
648b397b-7abf-4a57-84b3-a37285ff2c90.png,malignant,malignant,0.7941519721274001
1f4d30f1-c6d4-42ec-bf23-54ebabde58bf.png,malignant,malignant,0.810358985260651
97fc2b62-e464-478c-aad3-a3bac5f1203f.png,benign,benign,0.9945080758633301
055b7a27-50da-4009-992f-8902823bfb52.png,malignant,malignant,0.9502568414198166
f71b334d-aeb5-436b-af49-30ffcd63e14c.png,malignant,malignant,0.9383924163071165
af2c9b1d-7b00-43c5-85c5-274473e9bd75.png,malignant,malignant,0.9063763314181043
9352e110-35f1-4aa1-b964-9c5dae446997.png,benign,benign,0.9545254859382298
099142c9-be31-49bd-b590-e53e1a9acb7f.png,malignant,malignant,0.7292641699003256
67a5d30d-e8d4-447e-ace3-4b0bb70d01a9.png,benign,benign,0.8170534823559136
e54db9be-6d0d-4ee6-bedc-74f8c6e307f6.png,benign,benign,0.9183358282947669
c7bcf29b-fc46-47d5-b21f-54a37701b632.png,benign,benign,0.7807566375572322
a9cbd4a4-9aa8-4a4a-b292-f4d771b274cb.png,benign,benign,0.9791873027899759
c2d4df77-42f6-4aa5-914c-11d122f22a4c.png,malignant,malignant,0.8686739893238367
0bce332b-1d74-4096-8817-cc2da0ef2e99.png,benign,benign,0.9959265606944238
da3c2921-6e89-477b-b1b0-e06fe7a239f5.png,benign,benign,0.9551748843566427
9a08a0cf-f45e-40ba-9ac2-4a8204b5429c.png,benign,benign,0.9629913194467976
e8fa499c-61b3-44c0-878b-f410aecaca9a.png,malignant,benign,0.6891668578730141
8966a717-c8f7-44f9-830d-d44867fef6f5.png,benign,benign,0.9709327443657525
75ea6a64-c46b-40c6-b5fa-a1a5459e0cdf.png,malignant,benign,0.8559583107906976
5eb8a38c-5c80-41ef-b1a9-54826edcac1e.png,benign,benign,0.7374588529309245
d36db547-f384-463c-9e47-d94b84b6e4d2.png,benign,benign,0.9450402329612344
4761d3b5-65ce-4b00-8920-97c98c88e7f3.png,benign,benign,0.7154192059485527
46a522bd-95fc-4225-8e3f-ae29d24a502f.png,benign,benign,0.9824727560741949
72537069-51c8-4ab9-b1fd-cb6345f4fed1.png,benign,benign,0.9375905094015909
7da0f48e-2f39-499b-ac93-387ac69ca712.png,malignant,malignant,0.8546224090241378
ad065702-2c53-455a-bd40-dc29cf53cad3.png,benign,benign,0.9900442971230424
3375688b-bba6-4ca4-aa6f-9341cae58c10.png,malignant,malignant,0.5195598714442513
7f1b5ee2-6a34-4f3f-bd37-9d1b936e2c6e.png,malignant,malignant,0.8692283364302844
f88fcb01-877f-4f84-8adb-5a7b4ed23f38.png,benign,benign,0.9481098587113307
d5af4eac-3c23-4fad-9d14-0069df822b86.png,benign,benign,0.8684978150515815
952ef3ba-c052-45bc-8918-16b283a57223.png,benign,benign,0.9714003500463714
1a64870f-8bde-4f92-970c-ee69a96a373e.png,malignant,malignant,0.8983127671332565
d8051a7b-5a5e-42fa-b2e6-54512c8a41d9.png,malignant,malignant,0.7573814733537695
715f5d63-e55d-46dd-90de-3ef949c58a47.png,benign,malignant,0.3697030857227024
9fe3f510-d0ec-47fe-97fb-db3a9e266126.png,malignant,malignant,0.8822990141458624
0a44b1c7-c8e9-4fdf-8559-177e51b7d9da.png,benign,malignant,0.7522510936534537
ea5857de-7b24-41a9-b69f-c6eb9e595bd2.png,benign,malignant,0.8258808062224126
b21d0db0-253b-46af-b1c9-e904c9cd2bd7.png,benign,malignant,0.8587436345862773
0aa5c55c-fcfa-41ee-8453-a157c21a5bd6.png,malignant,malignant,0.7045032628518183
64961a2f-4df5-4357-9df1-8292b952d71e.png,malignant,malignant,0.590091890340195
73f3f4ec-5bda-4778-b6ee-3f583887e6bd.png,benign,benign,0.9723257049625215
422c12f3-ff23-41f4-b011-1f814d7b8f81.png,benign,benign,0.940400315736297
e7ee5dde-e5f3-4ff8-823a-fd4f133919fb.png,malignant,malignant,0.4152986601328288
5de9155c-2cbe-4f35-a5d5-1949c377f3ab.png,malignant,benign,0.7770519907907136
d7855bba-8691-4da2-9fae-2821f40b9977.png,benign,benign,0.8707220358098399
3be3d5ed-920c-45b8-aa98-4682bb0983bf.png,benign,benign,0.9548921796730081
2e7e6435-4ac6-4564-b7ff-23047edbeadc.png,benign,benign,0.9190346551861084
1cfece0f-5ad7-498e-823f-3e77ba8c2f66.png,benign,benign,0.9938336450826833
4ad4d2e4-2a64-40bb-8bc4-4d9cb330ba0b.png,malignant,malignant,0.8926910075872004
3d8757c8-1c35-4a69-af20-87e0fff0e20c.png,benign,benign,0.760496518833141
73ef11cb-a934-4e51-ab96-7dba002d88cf.png,benign,benign,0.7717668736760824
d2e3ce4d-3180-40eb-b592-511c4dd2a145.png,benign,benign,0.9800552311661948
cef51235-70cd-4d11-8335-cbb19bc88ce8.png,benign,benign,0.9854699492780924
ef1b87c8-ff7b-4698-80b2-2bfa10048e47.png,malignant,malignant,0.41947881632818707
3c1393d2-8d07-48c5-a69e-d8bdb681c0f1.png,malignant,malignant,0.718541482847953
3f39d356-3e70-4153-b13b-d445ae3908a8.png,benign,benign,0.9657789326776722
3a515f96-8dd2-405e-b2dc-4040d5909ca9.png,benign,benign,0.9757455316112804
5b2b7ca8-f3d9-46f3-80e9-0f53abfcf46f.png,benign,malignant,0.374443107044242
702dfcc8-71f4-4163-a378-dc26635626db.png,malignant,malignant,0.8391688665924136
d5ef62db-d4ef-4d18-bc6c-33dd553c86b9.png,benign,benign,0.9435233681956307
9c8d746d-26d5-49dd-a4ed-4eadc3d0a6af.png,malignant,benign,0.8013326891047484
c7fe82cb-e8d0-411b-916e-1909d132053d.png,malignant,malignant,0.9295339007555882
61acaa26-e07b-40d2-90d3-b87290bc191a.png,malignant,malignant,0.747058209555289
a2ed37fe-2234-477f-8d12-4cda006e5f89.png,malignant,malignant,0.9365537966979796
b4da7475-e846-4fd4-96da-01a6debd7890.png,malignant,malignant,0.6542468162543934
1fc4db22-72a9-4f15-8365-0cb73066b09a.png,benign,malignant,0.6164124882930961
3380002d-c9be-48dc-a2b2-988533b1fd51.png,malignant,malignant,0.9597389770179133
142bd97c-e453-4354-a3e3-f9c3d67bc271.png,malignant,malignant,0.971460753452319
4cf11f3e-8e87-4feb-8645-d115018a834c.png,malignant,malignant,0.9730249555842696
3fc00765-fa36-4aca-aac3-ab9be4056807.png,benign,benign,0.9464089174426126
9666cfc0-28ee-4859-8c1d-e51186be1f8e.png,benign,benign,0.736696723520186
66c680ec-6dfe-4921-8f5b-6a336f7b5326.png,benign,benign,0.8962648266748203
73f4ced0-7385-4dd0-a820-60421660feb4.png,benign,malignant,0.8474040385330507
747bb8c5-a5ec-4510-8776-ef22705bcc11.png,benign,benign,0.8147181388233383
4fcf5cf3-588f-47ff-8ee9-1bc2e2b806a1.png,benign,benign,0.9478934571580991
cb9e58de-107c-4ffe-b26f-6f95c95f238d.png,benign,malignant,0.7259563761067628
cda8d9c9-a680-40d3-b157-7c38f52c299d.png,malignant,malignant,0.8984895453866398
02a9c8b3-cede-447d-8a17-31604aaff04b.png,malignant,malignant,0.8794530972701816
14e2f6e1-fd5a-4f9e-b604-cc512113747c.png,malignant,malignant,0.8269912802233748
5e0c46a3-b166-486f-98a6-4ebc2323d9dc.png,malignant,malignant,0.9485262608847173
7206826a-6dc8-42d9-bb33-f7f838528ad5.png,benign,benign,0.7895674285795455
cfff0b1a-94e1-46d7-a82d-87c867e3f161.png,benign,benign,0.8954991501996954
059107b2-33aa-41a9-a3d5-9b5c3cb9d87f.png,benign,benign,0.9929095986115022
cf944ca1-5f49-4555-9aac-13e626d0ebed.png,benign,benign,0.9527580342533941
a1b726b9-dcb9-4fb1-8de0-6e4a934c5905.png,benign,malignant,0.598544342718947
a0432fde-c63d-4070-b84a-3f98c60c5d45.png,malignant,malignant,0.4612674581252529
40b58d27-dd7c-406e-916f-08db8a56bc7b.png,benign,benign,0.8390599894765234
9f072b42-51ce-4df4-94cd-572ab660fe89.png,malignant,malignant,0.880184743601851
157c35e1-a69a-4786-a5a2-74368d275006.png,benign,benign,0.9529359477865728
4396b67f-1f38-47b9-bd51-e7b478b57ce7.png,benign,benign,0.9836806455090136
f9b1f165-bec1-4812-a120-5d6eb9b16be5.png,benign,benign,0.8901270157142838
1e37cdf4-75f7-45a8-b44b-c80393e42810.png,benign,benign,0.9627286831494196
092c1a32-508e-4ff3-a44c-849a883ae2e3.png,benign,benign,0.8223333625189154
f6565aad-837a-40ea-a11d-632e751f3a96.png,benign,benign,0.9933554406730171
0fa17225-5836-4d9c-b217-efe35abe453e.png,benign,benign,0.9631897023394361
458efd6a-48c9-42bc-b469-3f661524568b.png,benign,benign,0.9777644817351169
a54322c9-e0ee-422c-bb68-555479931867.png,benign,malignant,0.6895565696704716
75439596-2265-4612-b4bb-1fbf06c8537d.png,benign,benign,0.945966356201901
7bfa515f-956c-491a-a893-f030d6c2ea3f.png,malignant,malignant,0.8888275920414016
ef7e44a9-6526-4d18-9ad2-fa98242d03c9.png,benign,benign,0.7289871673338377
3f6c5b5d-8a21-4d7d-bf52-6fdecd4de090.png,malignant,malignant,0.49381896836261097
382d7dd3-aec4-451e-b4e1-7f3cb8e68a83.png,malignant,malignant,0.9479243499062651
b13a775f-941c-4b1c-ad70-dc52531a60f8.png,benign,benign,0.9471123414436068
9c11050d-5a6d-4290-a3a4-070a0f1faec3.png,malignant,malignant,0.9035287030314796
36c2a632-cded-445f-940f-41fcfd6c38c8.png,benign,benign,0.8162871079380463
d73509a2-37e1-44ab-a417-8197b939ca08.png,benign,benign,0.7590359193105262
5fa7e971-42a7-4cda-b94a-3ac7b4e48aec.png,malignant,malignant,0.9196333340800142
11c9c949-0de1-4839-afee-c88205476fb0.png,benign,benign,0.9834018260043891
047b302c-1f64-4569-b2e5-822d0bce6a51.png,benign,benign,0.7887716996296125
6698a4df-4282-416d-9181-1b96fd2f94c4.png,benign,benign,0.984377476148872
e6546be1-1dba-4f42-a442-844e9807f1dd.png,benign,malignant,0.32806164619201617
b6f2fbb8-e3ae-44af-99d9-4d7b684d50a9.png,malignant,malignant,0.8810052842210228
d438ed02-5367-43a9-b314-944fab3d09cc.png,malignant,malignant,0.670865661098156
4b00d3fc-e004-4691-a377-376b39da865b.png,malignant,malignant,0.8320318342000345
11329c26-77e0-4125-a93c-d0edffe190d5.png,benign,benign,0.7292574046821424
b1837324-112a-4a76-9c79-2edd654620d4.png,malignant,malignant,0.9601875757982532
33f6114e-d98e-45d6-b321-049a2aa10e98.png,malignant,malignant,0.34559534286985816
06642142-c54c-45ab-b64b-19bed26531a7.png,benign,benign,0.8731417735556081
cbb1019b-08e0-4ddf-a04f-7e27608c2a65.png,benign,benign,0.9811967513546541
c2a65a44-b2ea-4e42-b68f-ab24ca63b100.png,malignant,benign,0.970826234856696
5b2b0feb-74d6-4a6d-a4cc-190596a1f3ab.png,malignant,malignant,0.9508688912452711
e9ae2c22-03d7-43a2-8b3a-dd555e93ef0d.png,benign,malignant,0.6900392460307031
78ba1df4-6a31-4bbf-83c6-86f3554c551b.png,benign,malignant,0.6362468860875304
cb991d21-0c46-4328-b38c-30f4fe47249b.png,malignant,malignant,0.5894994217864119
eb95b2a8-adc1-4644-8671-c60173075559.png,malignant,malignant,0.8639907202774934
f61c001c-0360-4fea-9ba8-75fbec5be819.png,benign,benign,0.986680734612168
b0e4143c-fd53-4f2d-956c-dabcfd2d3f42.png,malignant,malignant,0.9421133373487544
65c9e6db-3c78-49a2-bccf-c29dd8ff49ec.png,malignant,malignant,0.8921776667888636
b23eafff-0d33-4b50-b3b7-2e7540ebb1d5.png,benign,benign,0.8715334067240157
46b50329-c592-4d92-8755-dac527fea9d5.png,benign,malignant,0.4624857299427429
9a2510cf-56d4-4393-9737-a40b4d092873.png,malignant,malignant,0.8497239576623868
04f4504d-b94a-48e2-b21c-9421479c8c1e.png,benign,benign,0.9108601283298996
3376f6c6-4ec5-4750-9693-445f2159bde8.png,benign,benign,0.957202747847812
56823a47-051a-4d99-8e17-c004fe2b0854.png,benign,malignant,0.7612490612747939
b68dbbe5-7ac7-4e69-85a7-70a36bc5260e.png,benign,malignant,0.5
03594454-6b33-4958-b808-8dfdd7968461.png,benign,benign,0.7842789046578825
1e11a04a-27cd-4d01-b6ed-274b9c2c8237.png,malignant,malignant,0.47540726907351544
4ab3fa89-4c50-42c3-ab1d-e267202b4f8c.png,benign,benign,0.9836948115025427
758284ab-ffac-497c-acc9-c4fb34246403.png,benign,malignant,0.8652813736799907
8aeb25cb-c873-4ba1-9503-1109c7fb12fa.png,benign,benign,0.9785197644446414
95a25611-69f4-4e7e-83e4-3a7db7e773ed.png,malignant,malignant,0.7407415763382929
26fcedc5-17b0-402f-92a1-99928f9fb19d.png,malignant,malignant,0.5819281018563052
e0f349fe-f21d-418e-89b8-f6aa851d0d5f.png,malignant,malignant,0.924828762619123
a18dccc8-7ea8-459f-ac4b-ae5a90dff3c8.png,benign,benign,0.8944252322904692
d452fd59-8288-4030-b77e-b2eefbaa1d3f.png,benign,benign,0.8947537059559182
7ebba921-b125-4ec8-b042-62bce47f8b98.png,malignant,malignant,0.7695974211882809
29476683-7b4a-439f-8522-0af70e892b81.png,malignant,malignant,0.6379771069951542
75543e37-18a7-41d6-b65d-b892755683b4.png,malignant,malignant,0.31758004057447076
e8b3d232-4ee6-4d2c-b297-3faff1c0d679.png,benign,benign,0.9833011330617001
f3955aef-d2e9-4a4c-9f24-b001c88c2bdd.png,malignant,benign,0.704613021570585
2605f622-fa19-4971-909f-8aaec7906429.png,malignant,malignant,0.7031748028665024
1dc0a9f0-d4a9-404b-9bb3-bdbd18ac8a62.png,malignant,malignant,0.8993267078543846
b338ffff-c631-4925-bdad-134c4a9d06e4.png,benign,benign,0.9808399495309228
8471ce91-56d4-4b19-9638-d2134d57e4d0.png,malignant,malignant,0.9296679742511701
05ab2527-1147-4b97-8a9f-916b2c8bb928.png,benign,benign,0.9570902060936589
23bfd4cd-20f5-4682-8bd7-32fccebdfbea.png,benign,benign,0.9909157932490674
9c2b5ae0-06ce-4aef-b1dc-041ef5ed4c0a.png,malignant,malignant,0.9720430208354061
461458d5-5bf4-4c6b-bbe5-10d0403f7303.png,benign,malignant,0.4574437902458904
64d4c598-e072-409c-a388-70a8c0ccd4f9.png,benign,benign,0.7933086561070192
83459b4d-4216-46b3-b573-4021c6e1692f.png,benign,malignant,0.3804904543531752
bb207dc3-de0e-4b36-a4eb-054c5ce50b5b.png,malignant,malignant,0.9205036946969168
24e63a61-2156-403d-ab2c-6b35ec89fecf.png,benign,benign,0.9812851086277787
fa7e8f59-4585-4a6c-b9ec-59e929a7eb6e.png,malignant,malignant,0.9128374425912036
99b785cc-53d9-40e9-87e5-f39eb8c58043.png,malignant,malignant,0.7443169369574459
c9344ccc-bb98-41f5-a06e-15f61e83bf9b.png,benign,benign,0.9056010839934282
d9af0e73-637a-455d-b753-9735431e348c.png,benign,malignant,0.9385991711176014
5f7d32f0-c5e7-4940-a912-fcc6feaa3e5b.png,benign,benign,0.9688800592286014
3a7a5ced-2b39-4de3-8e98-cf7f73eda24e.png,benign,benign,0.7421428864967304
5614ed8e-6f0b-4d7e-b8ed-e7e8823987e2.png,malignant,malignant,0.8549320602395798
9f324201-0de7-429d-a2f8-6990129fd5e8.png,benign,benign,0.8401720019369772
42ea76a1-7181-4321-8c25-9510c4305fba.png,malignant,malignant,0.7512134442256746
034545ad-7c30-4717-8f7e-f06df0ae3fca.png,benign,benign,0.9841918921081118
821c40b1-a280-4a99-9f8d-278a9e3bd166.png,malignant,malignant,0.8420652080290727
08e67e31-75dd-463b-8b10-fe16903a046b.png,benign,malignant,0.6216556394270379
fe9cd23a-8222-409b-8f37-bbec20d04044.png,benign,benign,0.8135160897307245
55098b1f-e19a-4197-9139-dd0401e03866.png,malignant,malignant,0.9327647564788882
9ee23521-1941-43fd-8374-8dc389a53476.png,malignant,malignant,0.9833434248476326
5fab4292-5ffe-4c75-bf11-983fd70e90ec.png,malignant,malignant,0.9290160066331045
a21f0893-2e66-4aa6-9dd3-4d1ac8f1055b.png,benign,benign,0.9716167854862235
49fd53a3-a3dd-4db5-a700-3c24c5efaa16.png,benign,benign,0.7677228771995065
758d6c48-1063-4a43-b4d7-04c3da38f111.png,benign,benign,0.9136896661061035
5f5d8e31-3e1b-4324-b7ae-5bdb72cb3808.png,malignant,malignant,0.9159226622153066
154102f4-b590-459f-9a2c-69143b9973ff.png,benign,benign,0.823395024379006
1368a68c-532b-4d59-90f1-dfc864f565ef.png,malignant,malignant,0.8337975737760086
41bd999b-d50f-4fc9-b8a1-b24d64e9067a.png,benign,benign,0.9783493144614048
b6c6643f-6f5f-43aa-936f-8412169cb083.png,benign,benign,0.9834673703907089
5f336717-b887-4662-bbf9-5141f71c94b6.png,malignant,malignant,0.9119329514339131
cb44e1cc-08e8-4bfe-b8bd-17eff4bba0f0.png,benign,benign,0.9658199082065201
906f6a80-a4f2-4131-9ed8-990c8af6e36b.png,benign,malignant,0.652107264895968
b73b0881-8c78-4bdb-9729-c6f706bb2b17.png,malignant,malignant,0.6900813445350958
9b1605fc-c4fc-4f99-b226-34c30d2d7702.png,benign,benign,0.8907976102167875
fb4c031e-c8c5-4db7-939c-f0a685283442.png,benign,malignant,0.5
52f0789d-9ae3-4db5-8bae-8cbcb3af1eed.png,malignant,malignant,0.9245133510840216
94b3fe95-47ba-45ab-91c3-cfe144a53fda.png,benign,malignant,0.44576446005887754
fa8d600c-f1e0-4cdb-918a-f6c4c706142b.png,malignant,malignant,0.7605999463150707
afa1f59f-7886-41d5-9f58-84d43a30f698.png,benign,benign,0.9675813136319906
c707a396-232a-4bbf-8367-5cbf2c202af7.png,benign,malignant,0.5462754950135765
544a83ef-8f59-4abb-83d1-13c6634ea398.png,malignant,malignant,0.8297275281504537
34e5655a-ddd4-4ca9-9a75-ab021bd26fcd.png,benign,benign,0.8301557199933314
52924db9-ce4d-49b7-9cc1-7449dca0a35a.png,malignant,malignant,0.7851344530073234
24f52487-36e4-4af8-a94f-ec49c0a8017c.png,malignant,malignant,0.9542900537066725
1e37a626-0fd5-4dcf-b217-a6942d953c46.png,malignant,malignant,0.893637267381824
1d2d5932-f8db-496c-9d79-575083fdf7ae.png,malignant,malignant,0.9273841855102293
7f5dd37f-8823-4663-9ba4-220ecbee35ad.png,malignant,malignant,0.5412964619636508
665c99db-3a1f-45ce-831d-5f62d654b089.png,malignant,malignant,0.952434191524517
000493.png,malignant,benign,0.9507731207009187
000014.png,malignant,malignant,0.3458439480874355
000158.png,malignant,malignant,0.4774534329993032
000244.png,malignant,benign,0.9253070246185477
000359.png,malignant,malignant,0.8540194228972382
000072.png,malignant,malignant,0.7384163115480086
000406.png,malignant,malignant,0.6758913866113381
000478.png,malignant,malignant,0.7593331752015123
000109.png,benign,benign,0.9720576669215361
000282.png,benign,benign,0.8226873136190077
000284.png,benign,benign,0.8442604561496053
000311.png,benign,benign,0.9689828193338439
000324.png,benign,benign,0.6852222825978286
000439.png,benign,benign,0.9715536109135807
000495.png,benign,malignant,0.6784796167458906
000632.png,benign,benign,0.9308417395603465
000642.png,benign,benign,0.9383479362221484
000111.png,benign,benign,0.8732539443900987
000172.png,benign,benign,0.8574849599406565
000259.png,benign,benign,0.8700153864345204
000602.png,benign,benign,0.9810663262075197
000605.png,benign,benign,0.987388034664964
000473.png,benign,benign,0.9305604075195485
000375.png,benign,benign,0.9636220984537484
000549.png,benign,benign,0.9320138149674915
000513.png,benign,benign,0.9078184086190519
000603.png,benign,benign,0.6916922029643562
019823VB.jpg,malignant,malignant,0.7280537142395718
040272HB.jpg,benign,malignant,0.3274798961351939
10191-1.jpg,benign,benign,0.881093154523775
015565HB.jpg,malignant,benign,0.8043867834760006
023442VB.jpg,benign,malignant,0.3292220625346569
040074VB.jpg,benign,benign,0.758166460055635
015977HB.jpg,malignant,malignant,0.9574454062971486
015677HB.jpg,malignant,malignant,0.96655382678146
015540VB.jpg,malignant,malignant,0.4818011275360927
037759VB.jpg,benign,benign,0.7148880993635149
019468HB.jpg,malignant,malignant,0.6290382260842292
020248HB.jpg,malignant,malignant,0.9210599326603978
015952HB.jpg,malignant,malignant,0.966807633809202
029529HB.jpg,benign,benign,0.93943572841693
040770HB.jpg,benign,benign,0.9602765707489281
10522-DSC02271.jpg,benign,benign,0.8737680872305248
043383VB.jpg,benign,benign,0.8286653626434198
003086HB.jpg,malignant,malignant,0.8611769758851338
001018HB.jpg,malignant,malignant,0.9271797945821274
015839HB.jpg,malignant,malignant,0.9760104576946222
029767HB.jpg,benign,benign,0.9224110679495094
019373HB.jpg,malignant,malignant,0.7324965108485705
044507VB.jpg,benign,benign,0.9617848251290441
020181HB.jpg,malignant,malignant,0.9439944120869838
019256HB.jpg,malignant,malignant,0.6257794201692362
015851HB.jpg,malignant,benign,0.721173774414532
019443VB.jpg,malignant,malignant,0.7917042787093898
040503VB.jpg,benign,benign,0.9507413274309516
019328HB.jpg,malignant,malignant,0.9221493354410595
042637VB.jpg,benign,benign,0.8100902428476928
003441HB.jpg,malignant,malignant,0.6784438977909776
045653VB.jpg,benign,benign,0.9830081711188043
10280-DSC02447.jpg,benign,benign,0.8996457813202585
019405VB.jpg,malignant,malignant,0.4067562746888698
038246HB.jpg,benign,benign,0.8998325163491605
019305HB.jpg,malignant,benign,0.7363038371888674
046288VB.jpg,malignant,malignant,0.8608613920404986
044541HB.jpg,benign,benign,0.9502062022963427
015769HB.jpg,malignant,malignant,0.8298257324006428
004827VB.jpg,benign,malignant,0.47266841460156256
025704VB.jpg,benign,benign,0.9272038686656786
020186HB.jpg,malignant,malignant,0.8897278897484284
009877HB.jpg,benign,benign,0.941072279343745
039818HB.jpg,benign,benign,0.9646946678882588
019581HB.jpg,malignant,malignant,0.5426253120449261
009379HB.jpg,benign,benign,0.9550694226422193
020237HB.jpg,malignant,malignant,0.7412732754913232
015840HB.jpg,malignant,malignant,0.8481333773175871
011001HB.jpg,benign,benign,0.9853979307831064
015832HB.jpg,malignant,malignant,0.4782768420699966
001618HB.jpg,malignant,malignant,0.9542430576204228
015472VB.jpg,malignant,malignant,0.9438693309844086
019956HB.jpg,malignant,malignant,0.9727849802852365
015831HB.jpg,malignant,benign,0.937024647767116
026800VB.jpg,benign,benign,0.8638082676310856
043940VB.jpg,benign,benign,0.9286450927960263
019221HB.jpg,malignant,malignant,0.6399412345451517
002833HB.jpg,malignant,malignant,0.9229486941302688
029069HB.jpg,benign,benign,0.8379931213052229
003510VB.jpg,malignant,malignant,0.9178613932346589
043395HB.jpg,benign,benign,0.8341337887840212
002829HB.jpg,malignant,malignant,0.6940034225107574
031856HB.jpg,benign,benign,0.9442231242493139
024681HB.jpg,benign,benign,0.7256827197404502
010069HB.jpg,benign,benign,0.813786237546738
000607HB.jpg,malignant,malignant,0.9643844385396173
040273HB.jpg,benign,benign,0.7439748277520356
015670HB.jpg,malignant,malignant,0.925474364788
039117HB.jpg,benign,benign,0.6866962977090274
033598HB.jpg,benign,benign,0.9745224053504509
038408HB.jpg,benign,benign,0.796154695415991
006045VB.jpg,malignant,malignant,0.8915328079693907
009989HB.jpg,benign,malignant,0.3570027462632397
041818HB.jpg,benign,benign,0.7701199137401514
012170HB.jpg,benign,benign,0.7402112969678933
024166HB.jpg,benign,benign,0.8786605852803042
020185HB.jpg,malignant,malignant,0.84696190895652
029060VB.jpg,benign,benign,0.9556321806480798
020151HB.jpg,malignant,malignant,0.8512443344655909
037093HB.jpg,benign,benign,0.9517385426338123
028698VB.jpg,benign,malignant,0.6340025932104152
020009VB.jpg,malignant,malignant,0.7756053171963622
024991HB.jpg,benign,malignant,0.35461583982713485
