img_id,true_label,pred_label,prob
ISIC_0034524.jpg,benign,benign,0.9941430515333406
ISIC_0034525.jpg,benign,benign,0.9784234473890531
ISIC_0034527.jpg,benign,malignant,0.3972957089767092
ISIC_0034528.jpg,benign,benign,0.962442632984084
ISIC_0034529.jpg,malignant,malignant,0.7822342109002134
ISIC_0034530.jpg,benign,benign,0.9991459288087514
ISIC_0034532.jpg,benign,benign,0.9694782509891076
ISIC_0034533.jpg,benign,benign,0.9969731864037972
ISIC_0034534.jpg,benign,benign,0.9991451546902899
ISIC_0034537.jpg,benign,benign,0.9421311159337596
ISIC_0034540.jpg,benign,benign,0.9949464133623459
ISIC_0034541.jpg,benign,benign,0.9844789307015503
ISIC_0034543.jpg,benign,benign,0.9947828328210183
ISIC_0034544.jpg,benign,benign,0.9421333962083104
ISIC_0034548.jpg,malignant,malignant,0.950358652991965
ISIC_0034551.jpg,benign,benign,0.9936520095705168
ISIC_0034552.jpg,benign,benign,0.8149564949834154
ISIC_0034553.jpg,benign,benign,0.9936265555813834
ISIC_0034556.jpg,benign,benign,0.996025040897626
ISIC_0034557.jpg,benign,benign,0.9861876923119978
ISIC_0034558.jpg,benign,benign,0.9886994436882277
ISIC_0034559.jpg,benign,benign,0.9952209252523884
ISIC_0034560.jpg,benign,benign,0.9892299887180211
ISIC_0034562.jpg,benign,benign,0.9981482420979948
ISIC_0034563.jpg,benign,benign,0.998342824845924
ISIC_0034564.jpg,benign,benign,0.994427365521155
ISIC_0034566.jpg,benign,benign,0.9987054715305625
ISIC_0034567.jpg,benign,benign,0.9936131945950623
ISIC_0034568.jpg,benign,benign,0.9942017418812322
ISIC_0034569.jpg,benign,benign,0.9666304881261829
ISIC_0034572.jpg,malignant,malignant,0.8963533204021832
ISIC_0034573.jpg,malignant,malignant,0.9288692218123018
ISIC_0034576.jpg,benign,benign,0.9985456917999089
ISIC_0034577.jpg,benign,benign,0.9856635574282913
ISIC_0034580.jpg,benign,benign,0.9854554679387748
ISIC_0034581.jpg,benign,benign,0.9961333326391855
ISIC_0034582.jpg,benign,benign,0.9923279065318978
ISIC_0034583.jpg,benign,benign,0.9650758917967266
ISIC_0034584.jpg,malignant,benign,0.9794180183364801
ISIC_0034586.jpg,benign,benign,0.7982039914867917
ISIC_0034587.jpg,benign,benign,0.9930894903904199
ISIC_0034589.jpg,benign,benign,0.9986086284675798
ISIC_0034590.jpg,benign,benign,0.862314124465533
ISIC_0034592.jpg,benign,benign,0.9888615636369272
ISIC_0034593.jpg,benign,benign,0.8983361406113858
ISIC_0034594.jpg,benign,benign,0.9989061690785431
ISIC_0034595.jpg,malignant,malignant,0.8374971213990046
ISIC_0034599.jpg,benign,benign,0.8956472108445922
ISIC_0034600.jpg,benign,benign,0.9892594767462392
ISIC_0034601.jpg,benign,benign,0.9978343244192611
ISIC_0034602.jpg,benign,benign,0.9962264526497615
ISIC_0034603.jpg,benign,benign,0.9403642239165765
ISIC_0034604.jpg,benign,benign,0.994908463869539
ISIC_0034605.jpg,malignant,benign,0.7495025020784407
ISIC_0034607.jpg,benign,benign,0.9995531271110043
ISIC_0034609.jpg,benign,benign,0.9897694963026433
ISIC_0034610.jpg,benign,benign,0.9970098728288989
ISIC_0034611.jpg,benign,benign,0.9971618467003797
ISIC_0034613.jpg,benign,benign,0.9452756373735725
ISIC_0034616.jpg,benign,benign,0.9987502963157633
ISIC_0034617.jpg,benign,benign,0.8247433780892371
ISIC_0034619.jpg,benign,benign,0.9977510165802608
ISIC_0034620.jpg,benign,benign,0.994270466158603
ISIC_0034621.jpg,benign,benign,0.99552073420322
ISIC_0034623.jpg,benign,benign,0.9989558442871345
ISIC_0034624.jpg,benign,benign,0.9927954833195339
ISIC_0034625.jpg,benign,benign,0.9972382914436495
ISIC_0034626.jpg,benign,benign,0.9975446482474885
ISIC_0034627.jpg,benign,benign,0.8895845550135055
ISIC_0034628.jpg,malignant,malignant,0.7788227804053826
ISIC_0034629.jpg,benign,malignant,0.3170569036120692
ISIC_0034630.jpg,malignant,benign,0.9430970007037917
ISIC_0034632.jpg,benign,malignant,0.8195598685890343
ISIC_0034633.jpg,malignant,malignant,0.8138486469181033
ISIC_0034634.jpg,benign,benign,0.991737112891139
ISIC_0034635.jpg,benign,malignant,0.4207677944020989
ISIC_0034636.jpg,benign,benign,0.9988906071824831
ISIC_0034637.jpg,benign,benign,0.8695309470280946
ISIC_0034638.jpg,malignant,malignant,0.7617930158852751
ISIC_0034639.jpg,benign,benign,0.9957772452559063
ISIC_0034640.jpg,benign,benign,0.9938616285189233
ISIC_0034641.jpg,benign,benign,0.9921497908996599
ISIC_0034643.jpg,benign,benign,0.998949997054017
ISIC_0034644.jpg,malignant,benign,0.9851383070614381
ISIC_0034645.jpg,benign,benign,0.9676751696742283
ISIC_0034648.jpg,benign,benign,0.9957375836646885
ISIC_0034649.jpg,benign,benign,0.9860395575598419
ISIC_0034650.jpg,malignant,malignant,0.9619895967139761
ISIC_0034653.jpg,benign,benign,0.9773171725481777
ISIC_0034654.jpg,benign,benign,0.9609944826915122
ISIC_0034655.jpg,malignant,malignant,0.918284497703056
ISIC_0034657.jpg,malignant,malignant,0.3233127610238576
ISIC_0034658.jpg,benign,benign,0.9856934340893132
ISIC_0034659.jpg,benign,benign,0.9979097087641787
ISIC_0034660.jpg,benign,benign,0.9849700220241427
ISIC_0034661.jpg,benign,benign,0.9034479661369215
ISIC_0034662.jpg,benign,benign,0.8857279437990201
ISIC_0034664.jpg,benign,benign,0.9968266686391464
ISIC_0034665.jpg,benign,benign,0.9983984103793098
ISIC_0034667.jpg,benign,benign,0.9951826350156194
ISIC_0034668.jpg,benign,benign,0.9988162497862805
ISIC_0034670.jpg,benign,benign,0.8606885271862543
ISIC_0034671.jpg,benign,benign,0.998979573353243
ISIC_0034672.jpg,benign,benign,0.9859908087861664
ISIC_0034674.jpg,benign,benign,0.9304330708670678
ISIC_0034676.jpg,benign,benign,0.9976856217805169
ISIC_0034677.jpg,benign,benign,0.9818484684988682
ISIC_0034678.jpg,benign,benign,0.9957286036346313
ISIC_0034680.jpg,benign,benign,0.9002024786505959
ISIC_0034681.jpg,benign,benign,0.9924442279434739
ISIC_0034683.jpg,benign,benign,0.9989694690032034
ISIC_0034687.jpg,malignant,malignant,0.5107179933749918
ISIC_0034688.jpg,benign,benign,0.9811161385399852
ISIC_0034689.jpg,benign,benign,0.929914826308903
ISIC_0034690.jpg,benign,benign,0.9581672443744355
ISIC_0034696.jpg,benign,benign,0.9832325561928634
ISIC_0034697.jpg,benign,benign,0.9400629299528535
ISIC_0034698.jpg,benign,benign,0.9939624493306138
ISIC_0034700.jpg,benign,benign,0.9985777829841666
ISIC_0034701.jpg,benign,benign,0.9949987457872658
ISIC_0034702.jpg,benign,benign,0.9994313482825903
ISIC_0034703.jpg,benign,benign,0.9851033787649385
ISIC_0034704.jpg,benign,benign,0.997575532171856
ISIC_0034705.jpg,benign,benign,0.7736983515387508
ISIC_0034707.jpg,benign,benign,0.99449336531274
ISIC_0034708.jpg,benign,benign,0.9954086827864171
ISIC_0034709.jpg,benign,benign,0.992822384317241
ISIC_0034713.jpg,malignant,malignant,0.8251630083179272
ISIC_0034714.jpg,malignant,malignant,0.3851776552715942
ISIC_0034715.jpg,benign,benign,0.9979257494898242
ISIC_0034716.jpg,benign,benign,0.9993669459137188
ISIC_0034717.jpg,benign,benign,0.9782707326960118
ISIC_0034718.jpg,benign,benign,0.9930648557342648
ISIC_0034721.jpg,benign,benign,0.996789254912548
ISIC_0034722.jpg,benign,benign,0.9947819477850608
ISIC_0034725.jpg,benign,benign,0.9587329242870543
ISIC_0034726.jpg,benign,benign,0.9891109664882718
ISIC_0034727.jpg,benign,benign,0.9872918088309206
ISIC_0034728.jpg,benign,benign,0.992244103476918
ISIC_0034729.jpg,benign,benign,0.9993237569308432
ISIC_0034730.jpg,benign,benign,0.8559295655808684
ISIC_0034731.jpg,benign,malignant,0.6859544367458881
ISIC_0034732.jpg,benign,benign,0.9289643485553025
ISIC_0034735.jpg,benign,benign,0.9973570094538857
ISIC_0034736.jpg,benign,benign,0.9881690235116928
ISIC_0034737.jpg,malignant,malignant,0.9572628877576244
ISIC_0034738.jpg,benign,benign,0.9897793703997226
ISIC_0034740.jpg,benign,benign,0.9971934871903123
ISIC_0034741.jpg,benign,benign,0.9767988094022749
ISIC_0034742.jpg,benign,benign,0.9936792736213618
ISIC_0034743.jpg,benign,benign,0.9923062591629801
ISIC_0034744.jpg,benign,benign,0.9990166787142101
ISIC_0034745.jpg,benign,benign,0.9641969041240477
ISIC_0034747.jpg,benign,benign,0.9235998824293086
ISIC_0034749.jpg,benign,benign,0.9555219518304984
ISIC_0034752.jpg,benign,benign,0.9946669730269787
ISIC_0034754.jpg,benign,benign,0.970313322090999
ISIC_0034756.jpg,benign,benign,0.9870586410900574
ISIC_0034757.jpg,benign,benign,0.985311767273752
ISIC_0034761.jpg,benign,benign,0.9835357601940791
ISIC_0034762.jpg,benign,benign,0.9912014593896159
ISIC_0034763.jpg,benign,benign,0.9930917742954908
ISIC_0034764.jpg,malignant,malignant,0.7919137860357629
ISIC_0034765.jpg,benign,malignant,0.5472509882843626
ISIC_0034767.jpg,benign,benign,0.988964951260209
ISIC_0034768.jpg,benign,benign,0.9977590844064179
ISIC_0034769.jpg,benign,benign,0.9912592909775407
ISIC_0034771.jpg,malignant,malignant,0.7955739374241205
ISIC_0034772.jpg,benign,benign,0.9974474430901736
ISIC_0034773.jpg,benign,malignant,0.45493921382732133
ISIC_0034774.jpg,benign,benign,0.9932106999174137
ISIC_0034776.jpg,benign,benign,0.9738494981067835
ISIC_0034777.jpg,benign,benign,0.9881481525521921
ISIC_0034778.jpg,benign,benign,0.9063868423078391
ISIC_0034779.jpg,benign,benign,0.9952042264188896
ISIC_0034780.jpg,benign,benign,0.996682273500294
ISIC_0034781.jpg,benign,benign,0.9963954772595047
ISIC_0034783.jpg,benign,benign,0.9725788339014243
ISIC_0034784.jpg,malignant,benign,0.8240225059037419
ISIC_0034786.jpg,benign,benign,0.96159459274843
ISIC_0034787.jpg,benign,benign,0.9918889065599823
ISIC_0034788.jpg,benign,benign,0.9970297433245741
ISIC_0034789.jpg,benign,benign,0.830419087738536
ISIC_0034790.jpg,benign,benign,0.9845193626669395
ISIC_0034791.jpg,benign,benign,0.8506720798076901
ISIC_0034792.jpg,benign,benign,0.9293088808154158
ISIC_0034793.jpg,benign,malignant,0.3138545760733159
ISIC_0034795.jpg,benign,benign,0.9959218073713881
ISIC_0034797.jpg,benign,malignant,0.6468824748140609
ISIC_0034798.jpg,benign,benign,0.9957635011323241
ISIC_0034800.jpg,benign,benign,0.9963714467730229
ISIC_0034801.jpg,benign,benign,0.9760338290786484
ISIC_0034803.jpg,benign,benign,0.9586317058190262
ISIC_0034804.jpg,malignant,malignant,0.7214486746969638
ISIC_0034806.jpg,benign,benign,0.8791630147189079
ISIC_0034807.jpg,benign,benign,0.9987456608494804
ISIC_0034808.jpg,benign,benign,0.991227911799058
ISIC_0034809.jpg,benign,benign,0.9928240213198606
ISIC_0034810.jpg,benign,benign,0.9990896880003062
ISIC_0034811.jpg,benign,benign,0.9844124467643566
ISIC_0034813.jpg,benign,benign,0.8591923909690183
ISIC_0034815.jpg,benign,benign,0.9384163827140477
ISIC_0034816.jpg,benign,benign,0.9619333165773358
ISIC_0034817.jpg,malignant,benign,0.9169121856479914
ISIC_0034818.jpg,benign,benign,0.961372899673706
ISIC_0034819.jpg,malignant,malignant,0.9830531894576285
ISIC_0034821.jpg,benign,benign,0.9960237982506029
ISIC_0034823.jpg,benign,benign,0.9989318388193911
ISIC_0034824.jpg,benign,benign,0.9990000310120083
ISIC_0034827.jpg,benign,benign,0.9984063504152711
ISIC_0034828.jpg,benign,benign,0.9933373289460466
ISIC_0034829.jpg,benign,benign,0.998040151978339
ISIC_0034830.jpg,benign,benign,0.9954655004039429
ISIC_0034831.jpg,benign,benign,0.996369213588686
ISIC_0034832.jpg,benign,benign,0.875951479674804
ISIC_0034834.jpg,benign,benign,0.9635590773193453
ISIC_0034835.jpg,benign,benign,0.9750395088375564
ISIC_0034836.jpg,benign,malignant,0.649263613400206
ISIC_0034837.jpg,benign,benign,0.9982662507009838
ISIC_0034838.jpg,benign,benign,0.8751763767090555
ISIC_0034839.jpg,benign,benign,0.9877547812770424
ISIC_0034841.jpg,benign,benign,0.9681056407123539
ISIC_0034843.jpg,benign,benign,0.8616806635582321
ISIC_0034844.jpg,benign,benign,0.9982655209029782
ISIC_0034845.jpg,benign,benign,0.9948962070010204
ISIC_0034846.jpg,benign,benign,0.9850175317297328
ISIC_0034847.jpg,benign,benign,0.9847195299597306
ISIC_0034848.jpg,benign,benign,0.9975753172772553
ISIC_0034851.jpg,benign,benign,0.9874531249803762
ISIC_0034852.jpg,benign,benign,0.9920047541391926
ISIC_0034853.jpg,benign,benign,0.9930882996318217
ISIC_0034854.jpg,benign,benign,0.9993887839305238
ISIC_0034855.jpg,benign,benign,0.9569150654095365
ISIC_0034856.jpg,benign,benign,0.7425212572444613
ISIC_0034857.jpg,benign,benign,0.9879359296447239
ISIC_0034859.jpg,malignant,malignant,0.7580809278290371
ISIC_0034860.jpg,benign,benign,0.9956276899180716
ISIC_0034861.jpg,benign,benign,0.9598064270861705
ISIC_0034862.jpg,benign,benign,0.8580915502640646
ISIC_0034863.jpg,malignant,malignant,0.451417653894763
ISIC_0034864.jpg,benign,benign,0.9324293927795864
ISIC_0034865.jpg,benign,benign,0.9936785297161935
ISIC_0034866.jpg,benign,benign,0.9650764425487285
ISIC_0034867.jpg,benign,benign,0.9666522145243839
ISIC_0034868.jpg,benign,benign,0.9992084147378844
ISIC_0034869.jpg,benign,benign,0.9987210546280461
ISIC_0034871.jpg,malignant,malignant,0.584192061582432
ISIC_0034872.jpg,benign,benign,0.9734879403641633
ISIC_0034873.jpg,malignant,benign,0.9207822039420176
ISIC_0034874.jpg,malignant,malignant,0.913009104052057
ISIC_0034875.jpg,malignant,malignant,0.7160523018486961
ISIC_0034877.jpg,benign,benign,0.9985897157944698
ISIC_0034878.jpg,benign,benign,0.9914599533945224
ISIC_0034880.jpg,benign,benign,0.9906345744448063
ISIC_0034881.jpg,benign,benign,0.9892688808720986
ISIC_0034882.jpg,malignant,malignant,0.4359035339869039
ISIC_0034883.jpg,benign,benign,0.9833506566341823
ISIC_0034884.jpg,benign,benign,0.9045682057023506
ISIC_0034885.jpg,benign,benign,0.9381622576784567
ISIC_0034886.jpg,benign,benign,0.9969499161590415
ISIC_0034889.jpg,benign,benign,0.9940222443350862
ISIC_0034890.jpg,benign,benign,0.995912537696224
ISIC_0034892.jpg,benign,benign,0.9868232891593984
ISIC_0034893.jpg,benign,benign,0.9944992740048376
ISIC_0034894.jpg,benign,benign,0.9764970503059774
ISIC_0034895.jpg,malignant,malignant,0.879523946850086
ISIC_0034897.jpg,benign,benign,0.9924382915927937
ISIC_0034900.jpg,benign,benign,0.9695259074053718
ISIC_0034901.jpg,benign,benign,0.9424694971231258
ISIC_0034902.jpg,benign,benign,0.998934626341671
ISIC_0034903.jpg,benign,benign,0.9937239308472143
ISIC_0034904.jpg,malignant,malignant,0.5662154557939993
ISIC_0034907.jpg,benign,benign,0.8021643445410527
ISIC_0034908.jpg,benign,benign,0.9919779684943573
ISIC_0034909.jpg,benign,malignant,0.37498709285740467
ISIC_0034912.jpg,benign,benign,0.9918063011082507
ISIC_0034913.jpg,benign,benign,0.9987611221051503
ISIC_0034916.jpg,benign,benign,0.9892590522101121
ISIC_0034917.jpg,benign,benign,0.9990638389901122
ISIC_0034918.jpg,malignant,benign,0.8144235284496237
ISIC_0034919.jpg,benign,benign,0.9978782830980445
ISIC_0034920.jpg,benign,benign,0.9597230175341465
ISIC_0034921.jpg,benign,malignant,0.4850435310498033
ISIC_0034922.jpg,benign,benign,0.9980709696323486
ISIC_0034923.jpg,benign,benign,0.9761768972559123
ISIC_0034924.jpg,benign,benign,0.9905732781149174
ISIC_0034925.jpg,benign,benign,0.8793773043278644
ISIC_0034926.jpg,malignant,malignant,0.9891342113601209
ISIC_0034927.jpg,benign,malignant,0.38464000268004556
ISIC_0034928.jpg,benign,benign,0.9988412540900975
ISIC_0034932.jpg,benign,benign,0.9913540775817993
ISIC_0034933.jpg,benign,benign,0.9793290962951887
ISIC_0034934.jpg,malignant,malignant,0.7493577521605329
ISIC_0034935.jpg,benign,benign,0.7298593193941243
ISIC_0034938.jpg,benign,benign,0.9378997302465202
ISIC_0034940.jpg,benign,benign,0.9952379592969376
ISIC_0034941.jpg,benign,benign,0.9804329398565301
ISIC_0034942.jpg,benign,benign,0.996840882132327
ISIC_0034943.jpg,benign,benign,0.9974723795762254
ISIC_0034944.jpg,benign,benign,0.7240871159663751
ISIC_0034945.jpg,benign,benign,0.9838895631304222
ISIC_0034947.jpg,benign,benign,0.9982852003510222
ISIC_0034949.jpg,malignant,malignant,0.9898860637555534
ISIC_0034950.jpg,benign,benign,0.9810065403935792
ISIC_0034955.jpg,benign,malignant,0.483204124601023
ISIC_0034956.jpg,benign,benign,0.9529383911279323
ISIC_0034957.jpg,malignant,malignant,0.7776230453950513
ISIC_0034958.jpg,malignant,malignant,0.9932346238686057
ISIC_0034959.jpg,malignant,malignant,0.7722977303004239
ISIC_0034962.jpg,benign,benign,0.9971238309591458
ISIC_0034964.jpg,benign,benign,0.8842528575984562
ISIC_0034965.jpg,benign,benign,0.9983049020518129
ISIC_0034967.jpg,benign,malignant,0.4352733688066102
ISIC_0034968.jpg,benign,benign,0.9881877972616911
ISIC_0034971.jpg,malignant,malignant,0.6170599853327114
ISIC_0034973.jpg,benign,benign,0.9976083473875947
ISIC_0034974.jpg,benign,benign,0.995504794940694
ISIC_0034975.jpg,benign,benign,0.9788915123666986
ISIC_0034976.jpg,benign,benign,0.9867028696715732
ISIC_0034977.jpg,benign,benign,0.995885443955142
ISIC_0034978.jpg,benign,benign,0.9935302840845571
ISIC_0034979.jpg,benign,benign,0.9960048298584764
ISIC_0034983.jpg,benign,benign,0.9940802660743009
ISIC_0034984.jpg,benign,benign,0.9936373957333704
ISIC_0034985.jpg,benign,benign,0.9892951887683317
ISIC_0034986.jpg,benign,benign,0.9993406679571957
ISIC_0034988.jpg,malignant,malignant,0.6829266830424022
ISIC_0034989.jpg,benign,benign,0.977972577276068
ISIC_0034990.jpg,benign,benign,0.995835198374778
ISIC_0034991.jpg,benign,benign,0.9935647904636178
ISIC_0034992.jpg,benign,benign,0.9608011088476747
ISIC_0034996.jpg,benign,benign,0.962129680141941
ISIC_0034998.jpg,malignant,malignant,0.6239619641065078
ISIC_0035000.jpg,malignant,malignant,0.5798683298485134
ISIC_0035002.jpg,benign,benign,0.9857252302581982
ISIC_0035003.jpg,benign,benign,0.998988099395155
ISIC_0035005.jpg,benign,benign,0.9118370172075198
ISIC_0035006.jpg,benign,benign,0.989617753660294
ISIC_0035007.jpg,benign,benign,0.7919127315371794
ISIC_0035009.jpg,benign,benign,0.9542325662817094
ISIC_0035011.jpg,benign,benign,0.7818674053032727
ISIC_0035013.jpg,benign,benign,0.9965302990279022
ISIC_0035014.jpg,benign,benign,0.9967401629233043
ISIC_0035015.jpg,benign,benign,0.9992747432204948
ISIC_0035016.jpg,benign,benign,0.985156668122481
ISIC_0035017.jpg,benign,benign,0.998622724238183
ISIC_0035019.jpg,benign,benign,0.932746698049161
ISIC_0035020.jpg,benign,benign,0.9926161138826041
ISIC_0035021.jpg,malignant,benign,0.8433322092592308
ISIC_0035022.jpg,benign,benign,0.9891255404807742
ISIC_0035023.jpg,benign,malignant,0.4444277083834943
ISIC_0035024.jpg,benign,benign,0.9831107997025683
ISIC_0035025.jpg,benign,benign,0.9943628609164241
ISIC_0035027.jpg,benign,benign,0.9945936954975131
ISIC_0035030.jpg,benign,benign,0.9976690141032857
ISIC_0035031.jpg,benign,benign,0.98905379230807
ISIC_0035034.jpg,benign,benign,0.9805544392409749
ISIC_0035036.jpg,benign,benign,0.9954002339829391
ISIC_0035038.jpg,benign,benign,0.8442608255963734
ISIC_0035044.jpg,benign,malignant,0.3402475645399329
ISIC_0035045.jpg,benign,benign,0.9916255905463376
ISIC_0035046.jpg,benign,benign,0.8774548624878139
ISIC_0035047.jpg,malignant,malignant,0.9550967293832555
ISIC_0035048.jpg,malignant,malignant,0.3162017470784588
ISIC_0035049.jpg,benign,benign,0.983033831311159
ISIC_0035050.jpg,benign,benign,0.8135763286883948
ISIC_0035051.jpg,benign,benign,0.9663286973683777
ISIC_0035052.jpg,benign,benign,0.9944147381446019
ISIC_0035053.jpg,benign,benign,0.9989673212615698
ISIC_0035055.jpg,benign,benign,0.9941878387115929
ISIC_0035056.jpg,benign,benign,0.9962313377066623
ISIC_0035058.jpg,benign,benign,0.9990063955216695
ISIC_0035059.jpg,benign,benign,0.8827800280190019
ISIC_0035060.jpg,benign,benign,0.9898263249586515
ISIC_0035061.jpg,benign,benign,0.9419817434686882
ISIC_0035062.jpg,benign,benign,0.9993909622525733
ISIC_0035063.jpg,benign,benign,0.9267000594293505
ISIC_0035065.jpg,benign,benign,0.9987818348085091
ISIC_0035066.jpg,benign,benign,0.9933224099039547
ISIC_0035067.jpg,benign,malignant,0.519153273294361
ISIC_0035068.jpg,benign,benign,0.9329690114008345
ISIC_0035070.jpg,malignant,benign,0.9319148228700284
ISIC_0035071.jpg,benign,benign,0.9975449110416026
ISIC_0035073.jpg,benign,benign,0.9977782586453763
ISIC_0035074.jpg,benign,benign,0.99118488269037
ISIC_0035077.jpg,benign,benign,0.9944455628428436
ISIC_0035079.jpg,benign,benign,0.9954535530094507
ISIC_0035080.jpg,benign,benign,0.9951010178120038
ISIC_0035081.jpg,malignant,malignant,0.8748140163285523
ISIC_0035082.jpg,benign,benign,0.9544462977246927
ISIC_0035083.jpg,benign,benign,0.9972172396584568
ISIC_0035084.jpg,benign,benign,0.9954962833589008
ISIC_0035085.jpg,benign,benign,0.9843529045361554
ISIC_0035086.jpg,benign,benign,0.9927601230122347
ISIC_0035087.jpg,benign,benign,0.9997527543726855
ISIC_0035088.jpg,benign,benign,0.9934928141537471
ISIC_0035089.jpg,malignant,malignant,0.352182336896242
ISIC_0035090.jpg,malignant,benign,0.8282219910669171
ISIC_0035091.jpg,benign,benign,0.8545088948018107
ISIC_0035092.jpg,benign,benign,0.9933066782823131
ISIC_0035093.jpg,benign,benign,0.9615992812475406
ISIC_0035094.jpg,benign,benign,0.8678728763542283
ISIC_0035096.jpg,benign,benign,0.997294833455708
ISIC_0035097.jpg,benign,benign,0.9390642223037099
ISIC_0035098.jpg,benign,benign,0.9854703494513078
ISIC_0035099.jpg,malignant,malignant,0.9297485314866684
ISIC_0035100.jpg,benign,benign,0.969427581633003
ISIC_0035101.jpg,benign,malignant,0.3831716854250975
ISIC_0035102.jpg,benign,benign,0.9982485410357824
ISIC_0035103.jpg,benign,benign,0.9977364902867116
ISIC_0035105.jpg,benign,benign,0.9276043039978068
ISIC_0035107.jpg,benign,benign,0.9949648095056071
ISIC_0035108.jpg,benign,benign,0.9890509708905022
ISIC_0035111.jpg,benign,benign,0.9964908106964783
ISIC_0035113.jpg,benign,benign,0.9987497032321042
ISIC_0035114.jpg,benign,benign,0.9724266480106661
ISIC_0035116.jpg,benign,benign,0.9860960068791532
ISIC_0035118.jpg,benign,benign,0.9859010113414102
ISIC_0035121.jpg,benign,benign,0.9937843721622628
ISIC_0035122.jpg,benign,benign,0.9376731879122971
ISIC_0035123.jpg,benign,benign,0.9379705356925668
ISIC_0035124.jpg,malignant,malignant,0.398634469613899
ISIC_0035126.jpg,benign,benign,0.9365603286961474
ISIC_0035129.jpg,benign,benign,0.9327457715209996
ISIC_0035130.jpg,malignant,benign,0.8190307969771701
ISIC_0035132.jpg,benign,benign,0.9409871125651885
ISIC_0035133.jpg,benign,benign,0.9749983656050806
ISIC_0035134.jpg,benign,benign,0.9910702338721992
ISIC_0035135.jpg,benign,benign,0.9973071084280077
ISIC_0035137.jpg,benign,benign,0.9952541855019728
ISIC_0035138.jpg,benign,benign,0.9913232640351397
ISIC_0035139.jpg,malignant,benign,0.8964393507561021
ISIC_0035140.jpg,benign,benign,0.9611768344070436
ISIC_0035143.jpg,benign,benign,0.9989997072781972
ISIC_0035144.jpg,benign,benign,0.9964658385859616
ISIC_0035145.jpg,benign,benign,0.9978337629125965
ISIC_0035146.jpg,benign,benign,0.9412083083451399
ISIC_0035148.jpg,benign,benign,0.9667320678532395
ISIC_0035150.jpg,benign,malignant,0.31112155162021043
ISIC_0035152.jpg,benign,malignant,0.3324296750323213
ISIC_0035153.jpg,benign,benign,0.9909034098008757
ISIC_0035156.jpg,benign,benign,0.9862410686146893
ISIC_0035157.jpg,benign,benign,0.9955910992674575
ISIC_0035158.jpg,benign,benign,0.9816720066647046
ISIC_0035160.jpg,benign,benign,0.9992641229149704
ISIC_0035161.jpg,benign,benign,0.9947918346377049
ISIC_0035162.jpg,benign,benign,0.7431876371492476
ISIC_0035164.jpg,benign,benign,0.9786180718793915
ISIC_0035165.jpg,benign,benign,0.997406505604599
ISIC_0035166.jpg,benign,benign,0.9432485960984608
ISIC_0035167.jpg,benign,benign,0.9938179745796986
ISIC_0035169.jpg,benign,benign,0.9964075020923848
ISIC_0035170.jpg,benign,benign,0.9369180942094838
ISIC_0035172.jpg,benign,benign,0.9874082151704123
ISIC_0035173.jpg,benign,benign,0.9997365763995887
ISIC_0035175.jpg,benign,benign,0.9993078639012669
ISIC_0035176.jpg,benign,benign,0.9466209460138592
ISIC_0035177.jpg,malignant,malignant,0.6289846772511314
ISIC_0035178.jpg,benign,benign,0.9352596778170065
ISIC_0035181.jpg,benign,benign,0.9889937503337445
ISIC_0035182.jpg,benign,benign,0.9949213613048842
ISIC_0035184.jpg,benign,benign,0.9950537635727797
ISIC_0035186.jpg,benign,benign,0.8649098891074242
ISIC_0035187.jpg,benign,benign,0.9694927046298651
ISIC_0035188.jpg,benign,benign,0.9942870897940196
ISIC_0035189.jpg,benign,benign,0.9358240415358572
ISIC_0035191.jpg,benign,benign,0.9925732154543719
ISIC_0035192.jpg,benign,benign,0.9985865494399385
ISIC_0035193.jpg,benign,benign,0.9910197194251885
ISIC_0035195.jpg,benign,benign,0.9969877127521692
ISIC_0035196.jpg,malignant,malignant,0.6802275600850073
ISIC_0035197.jpg,benign,benign,0.8265153034282072
ISIC_0035198.jpg,benign,benign,0.9968877497665678
ISIC_0035199.jpg,benign,benign,0.8888062654095588
ISIC_0035200.jpg,benign,malignant,0.5
ISIC_0035201.jpg,benign,benign,0.998537298712977
ISIC_0035204.jpg,benign,benign,0.9771698722322374
ISIC_0035205.jpg,benign,benign,0.9914834498645035
ISIC_0035207.jpg,malignant,malignant,0.7916527218483536
ISIC_0035208.jpg,benign,benign,0.9762770881415305
ISIC_0035209.jpg,benign,benign,0.9985323285376921
ISIC_0035211.jpg,benign,benign,0.9879388608233629
ISIC_0035213.jpg,benign,benign,0.9342533989773627
ISIC_0035214.jpg,benign,benign,0.9867712454850543
ISIC_0035215.jpg,benign,benign,0.9998870321917532
ISIC_0035216.jpg,malignant,malignant,0.8394737397262322
ISIC_0035217.jpg,benign,benign,0.8200834231422035
ISIC_0035219.jpg,benign,benign,0.9905996226415684
ISIC_0035220.jpg,benign,benign,0.8441500265845632
ISIC_0035221.jpg,benign,benign,0.9941078391567464
ISIC_0035222.jpg,benign,malignant,0.2914426113331734
ISIC_0035223.jpg,benign,benign,0.9174541712351985
ISIC_0035224.jpg,malignant,malignant,0.7893206238494814
ISIC_0035225.jpg,benign,benign,0.9478196930251556
ISIC_0035227.jpg,benign,benign,0.9650154735061008
ISIC_0035228.jpg,benign,benign,0.996936186036902
ISIC_0035229.jpg,malignant,malignant,0.584812136291369
ISIC_0035230.jpg,benign,benign,0.9960194032742806
ISIC_0035231.jpg,benign,benign,0.9998619928139092
ISIC_0035232.jpg,malignant,malignant,0.8490035182537534
ISIC_0035233.jpg,benign,benign,0.9926743496557886
ISIC_0035234.jpg,benign,benign,0.9983073512041785
ISIC_0035235.jpg,benign,benign,0.991221276219751
ISIC_0035236.jpg,benign,benign,0.9834163792859839
ISIC_0035237.jpg,benign,benign,0.9923594388373628
ISIC_0035238.jpg,benign,benign,0.9870980890306807
ISIC_0035240.jpg,malignant,malignant,0.6822903706686075
ISIC_0035241.jpg,benign,benign,0.8701595621210051
ISIC_0035242.jpg,benign,benign,0.9646443009337181
ISIC_0035244.jpg,benign,benign,0.9889333020533203
ISIC_0035245.jpg,benign,benign,0.7752786447704135
ISIC_0035246.jpg,benign,malignant,0.3947669800893805
ISIC_0035248.jpg,malignant,malignant,0.7907817782815103
ISIC_0035250.jpg,benign,benign,0.9936528533846045
ISIC_0035253.jpg,benign,benign,0.9719166955862467
ISIC_0035255.jpg,benign,benign,0.9943898882012318
ISIC_0035256.jpg,benign,benign,0.9904485692665527
ISIC_0035257.jpg,benign,benign,0.9870443504056053
ISIC_0035260.jpg,benign,benign,0.9748820528307304
ISIC_0035263.jpg,malignant,malignant,0.5722968451221596
ISIC_0035265.jpg,benign,malignant,0.29720041937188774
ISIC_0035266.jpg,benign,benign,0.993806029347998
ISIC_0035267.jpg,benign,benign,0.9131561027129124
ISIC_0035268.jpg,benign,benign,0.9973880600121572
ISIC_0035271.jpg,malignant,malignant,0.6898819601185578
ISIC_0035272.jpg,benign,benign,0.9890969273918125
ISIC_0035273.jpg,benign,benign,0.9957878541266828
ISIC_0035274.jpg,benign,benign,0.970854942197256
ISIC_0035275.jpg,benign,benign,0.942770713858491
ISIC_0035278.jpg,benign,benign,0.998014110408379
ISIC_0035280.jpg,malignant,malignant,0.7198487970294245
ISIC_0035281.jpg,benign,benign,0.9969233301368243
ISIC_0035282.jpg,benign,benign,0.9879206327717915
ISIC_0035283.jpg,benign,benign,0.991223170651787
ISIC_0035285.jpg,benign,benign,0.9976910771971521
ISIC_0035286.jpg,benign,benign,0.982840690334538
ISIC_0035288.jpg,benign,benign,0.9945633097834546
ISIC_0035289.jpg,benign,benign,0.9916736206297333
ISIC_0035290.jpg,benign,malignant,0.9140015823063318
ISIC_0035292.jpg,benign,benign,0.9939520483369166
ISIC_0035294.jpg,benign,benign,0.9985326992506242
ISIC_0035295.jpg,benign,benign,0.9821707000190135
ISIC_0035296.jpg,benign,benign,0.879238956527636
ISIC_0035297.jpg,benign,benign,0.9947308183371995
ISIC_0035298.jpg,benign,benign,0.9991872360008172
ISIC_0035299.jpg,benign,benign,0.9922950315479343
ISIC_0035300.jpg,benign,benign,0.9934308151989186
ISIC_0035301.jpg,benign,benign,0.8434207536211127
ISIC_0035302.jpg,benign,benign,0.9791891229467766
ISIC_0035303.jpg,benign,benign,0.9919534750390644
ISIC_0035304.jpg,benign,benign,0.974053468318472
ISIC_0035306.jpg,malignant,malignant,0.5749378100204778
ISIC_0035307.jpg,benign,benign,0.995916251212792
ISIC_0035309.jpg,benign,benign,0.9927007035777896
ISIC_0035311.jpg,benign,benign,0.9869437821740339
ISIC_0035312.jpg,benign,benign,0.9925265639473188
ISIC_0035313.jpg,malignant,malignant,0.9162020022173105
ISIC_0035314.jpg,benign,benign,0.9919276090088556
ISIC_0035315.jpg,benign,benign,0.9889583962190427
ISIC_0035319.jpg,benign,benign,0.9927109370569576
ISIC_0035320.jpg,benign,benign,0.9946058748592367
ISIC_0035323.jpg,benign,benign,0.9974722340180796
ISIC_0035324.jpg,benign,malignant,0.49473947697569015
ISIC_0035325.jpg,benign,benign,0.9979950742521011
ISIC_0035326.jpg,malignant,malignant,0.47128664431989914
ISIC_0035327.jpg,benign,malignant,0.42385031890131464
ISIC_0035328.jpg,benign,benign,0.999127382660004
ISIC_0035329.jpg,benign,benign,0.9917485964003437
ISIC_0035333.jpg,benign,benign,0.9992116352553105
ISIC_0035335.jpg,benign,benign,0.9907484332864163
ISIC_0035336.jpg,benign,benign,0.8638741103305112
ISIC_0035337.jpg,benign,benign,0.9880287655484317
ISIC_0035339.jpg,benign,benign,0.9975725149051149
ISIC_0035341.jpg,benign,benign,0.9965460676452224
ISIC_0035342.jpg,benign,benign,0.9972032159227315
ISIC_0035343.jpg,benign,benign,0.9629272782269025
ISIC_0035344.jpg,benign,benign,0.9830265771125788
ISIC_0035345.jpg,malignant,malignant,0.8505908104837573
ISIC_0035346.jpg,benign,malignant,0.7635613511914061
ISIC_0035347.jpg,benign,benign,0.9967838894121289
ISIC_0035349.jpg,benign,benign,0.9857644806514353
ISIC_0035350.jpg,benign,benign,0.9916135793224524
ISIC_0035351.jpg,malignant,malignant,0.9730101382893603
ISIC_0035352.jpg,benign,benign,0.9963196238205708
ISIC_0035353.jpg,benign,benign,0.9611105014947336
ISIC_0035354.jpg,benign,benign,0.9904506474569577
ISIC_0035356.jpg,benign,benign,0.8238503040751057
ISIC_0035358.jpg,benign,benign,0.9948957562579138
ISIC_0035359.jpg,benign,benign,0.9890880598509316
ISIC_0035361.jpg,benign,benign,0.9842443813683717
ISIC_0035362.jpg,malignant,malignant,0.8758973687265358
ISIC_0035363.jpg,benign,benign,0.9988581716772847
ISIC_0035365.jpg,benign,benign,0.994471961453007
ISIC_0035366.jpg,malignant,malignant,0.5496267738093343
ISIC_0035367.jpg,benign,benign,0.9941076453615256
ISIC_0035369.jpg,benign,benign,0.9950500491637021
ISIC_0035370.jpg,benign,benign,0.7918958675591219
ISIC_0035373.jpg,benign,benign,0.9400267916201352
ISIC_0035375.jpg,benign,benign,0.9928982082241713
ISIC_0035377.jpg,benign,benign,0.9965520092531047
ISIC_0035378.jpg,benign,benign,0.962138606101337
ISIC_0035379.jpg,benign,benign,0.9965049947409658
ISIC_0035380.jpg,benign,benign,0.9709244196379214
ISIC_0035381.jpg,benign,benign,0.8724130067870186
ISIC_0035382.jpg,benign,benign,0.9803985454641985
ISIC_0035383.jpg,benign,benign,0.9852077151137348
ISIC_0035384.jpg,benign,benign,0.9972819555561409
ISIC_0035385.jpg,benign,benign,0.9484144281111366
ISIC_0035386.jpg,benign,benign,0.9811139840713747
ISIC_0035387.jpg,benign,benign,0.992004219960345
ISIC_0035390.jpg,benign,benign,0.9970216670369039
ISIC_0035392.jpg,benign,malignant,0.33163052102431523
ISIC_0035393.jpg,malignant,malignant,0.4660954710125977
ISIC_0035394.jpg,benign,malignant,0.6803500710090923
ISIC_0035395.jpg,benign,benign,0.978747425597359
ISIC_0035396.jpg,benign,benign,0.9964951444065304
ISIC_0035397.jpg,malignant,malignant,0.5971535318330796
ISIC_0035398.jpg,benign,malignant,0.37249385418856196
ISIC_0035399.jpg,benign,benign,0.9874376551529422
ISIC_0035400.jpg,benign,benign,0.9941644379124865
ISIC_0035401.jpg,benign,benign,0.9925706534876492
ISIC_0035402.jpg,benign,benign,0.9927987688286405
ISIC_0035404.jpg,benign,benign,0.9975702630490438
ISIC_0035405.jpg,benign,benign,0.9902743196375335
ISIC_0035406.jpg,malignant,benign,0.9101508164354136
ISIC_0035407.jpg,benign,benign,0.9957778964710196
ISIC_0035408.jpg,benign,benign,0.9595545358835379
ISIC_0035409.jpg,benign,benign,0.9612493223877344
ISIC_0035410.jpg,benign,benign,0.9946442895221971
ISIC_0035411.jpg,benign,benign,0.993656625284239
ISIC_0035412.jpg,benign,benign,0.9815000840499682
ISIC_0035413.jpg,benign,benign,0.9921131510770506
ISIC_0035414.jpg,malignant,malignant,0.8691003887260556
ISIC_0035417.jpg,benign,benign,0.9931262130718236
ISIC_0035418.jpg,benign,benign,0.9811261713379331
ISIC_0035419.jpg,benign,benign,0.833978009666146
ISIC_0035420.jpg,malignant,malignant,0.4855863834995136
ISIC_0035422.jpg,benign,benign,0.9977859907508747
ISIC_0035423.jpg,benign,malignant,0.44418927527695423
ISIC_0035425.jpg,benign,malignant,0.3527401348038839
ISIC_0035427.jpg,benign,benign,0.9935896068857788
ISIC_0035428.jpg,benign,benign,0.9986826257712658
ISIC_0035429.jpg,benign,benign,0.9703275484780232
ISIC_0035430.jpg,malignant,malignant,0.9044068833485299
ISIC_0035431.jpg,benign,benign,0.9916134677888226
ISIC_0035433.jpg,benign,malignant,0.6755872851769045
ISIC_0035434.jpg,malignant,malignant,0.6901378489790759
ISIC_0035435.jpg,benign,benign,0.9963161920623825
ISIC_0035437.jpg,benign,benign,0.999156756297253
ISIC_0035438.jpg,benign,benign,0.992898212704425
ISIC_0035441.jpg,benign,benign,0.9848882165273561
ISIC_0035442.jpg,benign,benign,0.9749081311894786
ISIC_0035444.jpg,benign,benign,0.9925704811170597
ISIC_0035445.jpg,benign,benign,0.947337504290087
ISIC_0035447.jpg,benign,benign,0.9871590915716718
ISIC_0035448.jpg,benign,benign,0.8384468349094009
ISIC_0035449.jpg,benign,benign,0.9746894826041724
ISIC_0035452.jpg,benign,benign,0.9970789626595548
ISIC_0035453.jpg,benign,benign,0.994856426353819
ISIC_0035455.jpg,benign,benign,0.9923469527370901
ISIC_0035456.jpg,benign,benign,0.9731627316072053
ISIC_0035457.jpg,benign,malignant,0.28507639422689346
ISIC_0035458.jpg,benign,malignant,0.3289097126271701
ISIC_0035459.jpg,malignant,malignant,0.45227870453992725
ISIC_0035460.jpg,malignant,malignant,0.6922130995889715
ISIC_0035461.jpg,benign,benign,0.9811929632857708
ISIC_0035462.jpg,malignant,malignant,0.3317013728840393
ISIC_0035465.jpg,benign,malignant,0.4228141306719746
ISIC_0035467.jpg,benign,benign,0.9884792565152365
ISIC_0035469.jpg,benign,benign,0.9759419383176162
ISIC_0035470.jpg,benign,benign,0.9798638723195947
ISIC_0035473.jpg,benign,benign,0.9879635759795526
ISIC_0035474.jpg,benign,benign,0.9700253935968985
ISIC_0035476.jpg,benign,benign,0.9952931839641479
ISIC_0035477.jpg,benign,benign,0.9954233724403951
ISIC_0035478.jpg,malignant,malignant,0.620355222800744
ISIC_0035479.jpg,benign,benign,0.990577508741841
ISIC_0035480.jpg,benign,benign,0.9956778211923455
ISIC_0035481.jpg,benign,benign,0.936453044765514
ISIC_0035482.jpg,benign,benign,0.9956374352174828
ISIC_0035483.jpg,benign,benign,0.9584564619857278
ISIC_0035484.jpg,benign,benign,0.9114706709540017
ISIC_0035485.jpg,benign,benign,0.9931621884911471
ISIC_0035486.jpg,malignant,malignant,0.9064396723056011
ISIC_0035488.jpg,benign,benign,0.9926025777035217
ISIC_0035489.jpg,benign,benign,0.9051723145928632
ISIC_0035491.jpg,benign,benign,0.9401916088909836
ISIC_0035492.jpg,benign,benign,0.9905281242570495
ISIC_0035493.jpg,benign,benign,0.9343958754710888
ISIC_0035494.jpg,benign,benign,0.9323700504120154
ISIC_0035495.jpg,benign,benign,0.9728846994917264
ISIC_0035496.jpg,benign,benign,0.9903556364068162
ISIC_0035497.jpg,benign,benign,0.9936410442077193
ISIC_0035498.jpg,benign,benign,0.9931297420295712
ISIC_0035499.jpg,benign,benign,0.997833865712796
ISIC_0035500.jpg,benign,benign,0.9890720627477201
ISIC_0035501.jpg,benign,benign,0.9933409041496565
ISIC_0035503.jpg,benign,benign,0.9879744960504023
ISIC_0035505.jpg,malignant,malignant,0.9931925534216733
ISIC_0035506.jpg,benign,benign,0.987685281774377
ISIC_0035507.jpg,benign,benign,0.999301547119328
ISIC_0035508.jpg,benign,benign,0.9976376103200546
ISIC_0035509.jpg,benign,benign,0.8933595823388032
ISIC_0035510.jpg,malignant,malignant,0.35426737555508137
ISIC_0035512.jpg,benign,benign,0.9964324770267665
ISIC_0035513.jpg,benign,benign,0.9942857960791114
ISIC_0035515.jpg,benign,benign,0.9522342374725282
ISIC_0035516.jpg,benign,benign,0.9296834322332532
ISIC_0035518.jpg,benign,benign,0.9839216747858985
ISIC_0035519.jpg,benign,benign,0.9933521279749807
ISIC_0035520.jpg,benign,benign,0.9940015370990227
ISIC_0035521.jpg,benign,benign,0.8973975118042251
ISIC_0035522.jpg,malignant,malignant,0.8805026815629384
ISIC_0035523.jpg,benign,benign,0.9888380971876934
ISIC_0035524.jpg,benign,benign,0.9987418916902252
ISIC_0035525.jpg,malignant,malignant,0.29310605432606024
ISIC_0035526.jpg,benign,benign,0.9892937796724253
ISIC_0035527.jpg,benign,benign,0.9466660569681785
ISIC_0035528.jpg,benign,benign,0.9658725442535075
ISIC_0035529.jpg,benign,benign,0.9980383537037936
ISIC_0035530.jpg,benign,benign,0.9986444506845575
ISIC_0035531.jpg,benign,benign,0.9886403173857133
ISIC_0035532.jpg,benign,benign,0.9664375439685393
ISIC_0035534.jpg,benign,benign,0.9947559686224624
ISIC_0035535.jpg,benign,benign,0.9858480553118909
ISIC_0035536.jpg,benign,benign,0.9755304562567849
ISIC_0035537.jpg,benign,benign,0.9958930466601882
ISIC_0035539.jpg,benign,benign,0.9666485990092071
ISIC_0035540.jpg,benign,benign,0.9960453747566114
ISIC_0035541.jpg,benign,benign,0.9639379661477617
ISIC_0035542.jpg,benign,benign,0.9926659774026543
ISIC_0035543.jpg,benign,benign,0.9220419949810051
ISIC_0035544.jpg,benign,benign,0.9973195808693568
ISIC_0035545.jpg,benign,benign,0.9320334072132129
ISIC_0035546.jpg,benign,benign,0.9874353239177496
ISIC_0035548.jpg,benign,benign,0.9969126746491423
ISIC_0035550.jpg,malignant,malignant,0.7009121109139164
ISIC_0035551.jpg,benign,benign,0.9953256464117644
ISIC_0035554.jpg,benign,benign,0.9294517660362503
ISIC_0035555.jpg,benign,benign,0.9424316544810237
ISIC_0035557.jpg,benign,benign,0.998416777513194
ISIC_0035558.jpg,malignant,malignant,0.41857928385235965
ISIC_0035559.jpg,benign,benign,0.9965217362086652
ISIC_0035560.jpg,benign,benign,0.9911400787626371
ISIC_0035561.jpg,malignant,malignant,0.5672629166065528
ISIC_0035562.jpg,malignant,malignant,0.5530371972686547
ISIC_0035563.jpg,benign,benign,0.9984596011515291
ISIC_0035565.jpg,benign,benign,0.9937824882310775
ISIC_0035566.jpg,benign,benign,0.9721719305632798
ISIC_0035567.jpg,benign,benign,0.9994071960894947
ISIC_0035568.jpg,benign,benign,0.9986171325064249
ISIC_0035569.jpg,benign,benign,0.9970087942770021
ISIC_0035571.jpg,benign,benign,0.9252170002973495
ISIC_0035572.jpg,benign,benign,0.9975015826123554
ISIC_0035573.jpg,benign,benign,0.962059363483046
ISIC_0035574.jpg,benign,benign,0.9742735218610454
ISIC_0035575.jpg,benign,benign,0.9925528331388526
ISIC_0035576.jpg,benign,benign,0.9968346842306872
ISIC_0035577.jpg,benign,benign,0.9662530497408125
ISIC_0035578.jpg,benign,benign,0.9920216549130596
ISIC_0035579.jpg,benign,benign,0.921455149923039
ISIC_0035580.jpg,benign,benign,0.9946794908435164
ISIC_0035581.jpg,benign,benign,0.9791629374212569
ISIC_0035582.jpg,benign,benign,0.7945171521454629
ISIC_0035583.jpg,benign,benign,0.8075544390842198
ISIC_0035587.jpg,benign,benign,0.997079707225434
ISIC_0035591.jpg,benign,benign,0.9993543240762395
ISIC_0035592.jpg,benign,benign,0.9210552987659747
ISIC_0035596.jpg,benign,benign,0.9991379775184253
ISIC_0035597.jpg,benign,benign,0.7593430005050325
ISIC_0035598.jpg,benign,benign,0.999238707848178
ISIC_0035600.jpg,benign,benign,0.990356656130004
ISIC_0035601.jpg,benign,benign,0.9867867704266156
ISIC_0035602.jpg,malignant,malignant,0.6824493918721901
ISIC_0035604.jpg,benign,benign,0.9951206293481268
ISIC_0035605.jpg,malignant,malignant,0.3622595378977203
ISIC_0035606.jpg,malignant,malignant,0.6476691403257191
ISIC_0035609.jpg,benign,benign,0.9791303175364403
ISIC_0035610.jpg,malignant,benign,0.8503321393036487
ISIC_0035611.jpg,benign,benign,0.9940350045714804
ISIC_0035614.jpg,benign,benign,0.9784392794313093
ISIC_0035615.jpg,benign,benign,0.8645865489139062
ISIC_0035616.jpg,benign,benign,0.9922243713151456
ISIC_0035617.jpg,benign,benign,0.9861409989067597
ISIC_0035618.jpg,benign,benign,0.9974037200837593
ISIC_0035621.jpg,benign,benign,0.992125063106565
ISIC_0035623.jpg,benign,benign,0.9944885562938822
ISIC_0035628.jpg,benign,benign,0.9994280938069819
ISIC_0035629.jpg,malignant,benign,0.8887185800464771
ISIC_0035632.jpg,benign,malignant,0.5081672122581675
ISIC_0035636.jpg,malignant,benign,0.9401357503411795
ISIC_0035637.jpg,malignant,malignant,0.6918826670166381
ISIC_0035638.jpg,benign,benign,0.9972422169733706
ISIC_0035639.jpg,benign,benign,0.8593253618763523
ISIC_0035640.jpg,malignant,malignant,0.7417688437126252
ISIC_0035641.jpg,benign,benign,0.9959499421099065
ISIC_0035644.jpg,benign,benign,0.9825785432900698
ISIC_0035646.jpg,benign,benign,0.9771317664032539
ISIC_0035647.jpg,benign,benign,0.9967780986724745
ISIC_0035648.jpg,benign,malignant,0.4311608158002136
ISIC_0035649.jpg,benign,benign,0.997264409797043
ISIC_0035651.jpg,malignant,malignant,0.9554270198703774
ISIC_0035652.jpg,benign,benign,0.871510262095575
ISIC_0035653.jpg,malignant,malignant,0.8901524901901468
ISIC_0035654.jpg,benign,benign,0.9898765215582485
ISIC_0035656.jpg,benign,benign,0.945322920921701
ISIC_0035657.jpg,benign,benign,0.840157889401278
ISIC_0035659.jpg,benign,benign,0.9486263089359803
ISIC_0035662.jpg,benign,benign,0.9883460296094151
ISIC_0035663.jpg,malignant,benign,0.7771111692289672
ISIC_0035665.jpg,benign,benign,0.992686997709142
ISIC_0035666.jpg,benign,benign,0.8211127574105589
ISIC_0035668.jpg,benign,malignant,0.43017571610339944
ISIC_0035670.jpg,malignant,benign,0.9894327222845763
ISIC_0035671.jpg,benign,benign,0.9405721497926401
ISIC_0035672.jpg,benign,benign,0.987010099657373
ISIC_0035673.jpg,benign,benign,0.7912703004954509
ISIC_0035674.jpg,benign,benign,0.9954665149351589
ISIC_0035678.jpg,benign,benign,0.9877814355905078
ISIC_0035680.jpg,malignant,benign,0.8801322813872733
ISIC_0035681.jpg,benign,benign,0.9791903176590538
ISIC_0035682.jpg,malignant,benign,0.8219800667170639
ISIC_0035684.jpg,benign,benign,0.9259441209468202
ISIC_0035686.jpg,benign,benign,0.8981528926225746
ISIC_0035687.jpg,benign,benign,0.9715075332647493
ISIC_0035688.jpg,benign,benign,0.9107174797100782
ISIC_0035689.jpg,benign,malignant,0.3111698454263313
ISIC_0035690.jpg,malignant,malignant,0.581850916632514
ISIC_0035693.jpg,benign,benign,0.909135255531771
ISIC_0035696.jpg,malignant,malignant,0.9368110034913264
ISIC_0035697.jpg,benign,benign,0.9841995813785335
ISIC_0035698.jpg,malignant,malignant,0.6639011438579501
ISIC_0035699.jpg,benign,benign,0.972299107276306
ISIC_0035700.jpg,malignant,benign,0.9704847636622007
ISIC_0035702.jpg,benign,benign,0.9701841482425653
ISIC_0035703.jpg,benign,benign,0.9947243298939115
ISIC_0035704.jpg,benign,malignant,0.46936078908645584
ISIC_0035705.jpg,malignant,malignant,0.2977698665679282
ISIC_0035706.jpg,benign,benign,0.9969757609641507
ISIC_0035707.jpg,benign,benign,0.9715884520892123
ISIC_0035708.jpg,malignant,malignant,0.7321453837848735
ISIC_0035709.jpg,benign,benign,0.9513123896470915
ISIC_0035710.jpg,benign,benign,0.9119439466083934
ISIC_0035711.jpg,malignant,malignant,0.910587494596356
ISIC_0035712.jpg,benign,benign,0.9768222634983922
ISIC_0035713.jpg,benign,benign,0.9750829689907341
ISIC_0035714.jpg,malignant,benign,0.8133311570526393
ISIC_0035716.jpg,benign,benign,0.9163133399683269
ISIC_0035717.jpg,benign,benign,0.9572844306943942
ISIC_0035719.jpg,malignant,benign,0.8516257325120049
ISIC_0035720.jpg,malignant,malignant,0.6980039961990755
ISIC_0035721.jpg,malignant,malignant,0.713883204893261
ISIC_0035722.jpg,benign,benign,0.9887398207733684
ISIC_0035725.jpg,benign,benign,0.9709632228275746
ISIC_0035726.jpg,benign,benign,0.9813662407841772
ISIC_0035727.jpg,benign,benign,0.9269305870903357
ISIC_0035728.jpg,benign,benign,0.9464694636528256
ISIC_0035731.jpg,benign,benign,0.9909028824305596
ISIC_0035732.jpg,malignant,benign,0.8900095703185562
ISIC_0035734.jpg,benign,benign,0.9760359545158795
ISIC_0035736.jpg,malignant,malignant,0.9776827538577382
ISIC_0035738.jpg,benign,benign,0.9868413685263626
ISIC_0035740.jpg,benign,benign,0.9180891990709222
ISIC_0035742.jpg,benign,benign,0.8046450188664176
ISIC_0035743.jpg,benign,benign,0.9689425913528722
ISIC_0035745.jpg,benign,benign,0.8908742106124229
ISIC_0035746.jpg,benign,benign,0.8491851606955229
ISIC_0035747.jpg,malignant,benign,0.7374334139260729
ISIC_0035748.jpg,malignant,malignant,0.9369455382772283
ISIC_0035749.jpg,benign,benign,0.982537488456143
ISIC_0035756.jpg,malignant,benign,0.8735060157960589
ISIC_0035757.jpg,benign,benign,0.9159578166999963
ISIC_0035758.jpg,benign,benign,0.9407161255194454
ISIC_0035760.jpg,benign,benign,0.9922713434916335
ISIC_0035762.jpg,benign,benign,0.9694717983384872
ISIC_0035764.jpg,malignant,benign,0.8235139744626396
ISIC_0035766.jpg,malignant,benign,0.8002313057603903
ISIC_0035767.jpg,malignant,malignant,0.38189541248029485
ISIC_0035769.jpg,benign,benign,0.9815585599228361
ISIC_0035770.jpg,benign,benign,0.9523918650426425
ISIC_0035771.jpg,benign,benign,0.9820971905450194
ISIC_0035773.jpg,benign,benign,0.7770543807660487
ISIC_0035774.jpg,benign,benign,0.994232907339489
ISIC_0035775.jpg,benign,benign,0.9899017764635983
ISIC_0035777.jpg,benign,benign,0.9950101863312989
ISIC_0035779.jpg,benign,benign,0.9613340815113828
ISIC_0035780.jpg,benign,benign,0.9950654797794167
ISIC_0035781.jpg,benign,benign,0.8607247338984098
ISIC_0035782.jpg,benign,benign,0.9966440680077076
ISIC_0035783.jpg,benign,benign,0.9190807149954944
ISIC_0035784.jpg,benign,benign,0.9744315257027277
ISIC_0035785.jpg,benign,benign,0.9803734305609662
ISIC_0035786.jpg,benign,benign,0.9964783731393199
ISIC_0035788.jpg,benign,benign,0.9967222190389158
ISIC_0035789.jpg,malignant,malignant,0.7837713477622479
ISIC_0035791.jpg,benign,benign,0.9315590050882174
ISIC_0035792.jpg,benign,benign,0.8696962959962039
ISIC_0035793.jpg,benign,benign,0.991724960925621
ISIC_0035794.jpg,malignant,malignant,0.29424640115999273
ISIC_0035795.jpg,benign,benign,0.9453758304747059
ISIC_0035796.jpg,benign,benign,0.7880747980336826
ISIC_0035797.jpg,benign,benign,0.9504617127923585
ISIC_0035798.jpg,benign,benign,0.9783485831899286
ISIC_0035800.jpg,benign,benign,0.7770475864176773
ISIC_0035801.jpg,benign,benign,0.9801066591783757
ISIC_0035803.jpg,benign,malignant,0.4405796124200247
ISIC_0035804.jpg,benign,benign,0.9145957105094019
ISIC_0035806.jpg,benign,malignant,0.8555507020677993
ISIC_0035808.jpg,benign,benign,0.9697138526144546
ISIC_0035809.jpg,benign,benign,0.8170546892572997
ISIC_0035811.jpg,benign,benign,0.8296071525607078
ISIC_0035812.jpg,benign,benign,0.9683517435813993
ISIC_0035813.jpg,benign,benign,0.8761332601419306
ISIC_0035815.jpg,benign,benign,0.8663323967526134
ISIC_0035816.jpg,malignant,benign,0.7992817532787307
ISIC_0035817.jpg,benign,benign,0.9817600680783694
ISIC_0035819.jpg,malignant,malignant,0.3169889079097432
ISIC_0035820.jpg,benign,benign,0.9812913868435462
ISIC_0035822.jpg,benign,benign,0.7566329443500412
ISIC_0035823.jpg,malignant,benign,0.8701124871459519
ISIC_0035825.jpg,malignant,malignant,0.6899802057283045
ISIC_0035826.jpg,malignant,malignant,0.9835947561297423
ISIC_0035827.jpg,malignant,benign,0.8822714996851854
ISIC_0035828.jpg,benign,benign,0.9939066131977928
ISIC_0035830.jpg,benign,benign,0.9945825956612749
ISIC_0035832.jpg,benign,benign,0.8249593589188191
ISIC_0035835.jpg,benign,benign,0.9475574774233908
ISIC_0035836.jpg,benign,benign,0.7825046826679959
ISIC_0035837.jpg,benign,benign,0.9686509796072033
ISIC_0035838.jpg,benign,benign,0.9491824939860704
ISIC_0035839.jpg,benign,benign,0.968795018487084
ISIC_0035840.jpg,benign,benign,0.9095271056285182
ISIC_0035841.jpg,benign,benign,0.9898369312644382
ISIC_0035843.jpg,benign,benign,0.9898504031625236
ISIC_0035845.jpg,malignant,malignant,0.9478183996267641
ISIC_0035846.jpg,malignant,malignant,0.5779739333417215
ISIC_0035849.jpg,benign,benign,0.9820551481584878
ISIC_0035850.jpg,benign,benign,0.9788209682501493
ISIC_0035851.jpg,benign,malignant,0.2943256951789297
ISIC_0035853.jpg,malignant,benign,0.9294702288210058
ISIC_0035854.jpg,malignant,malignant,0.3380837316515989
ISIC_0035856.jpg,benign,benign,0.8673229941819844
ISIC_0035857.jpg,benign,benign,0.9938403220795584
ISIC_0035858.jpg,benign,benign,0.8360150438073756
ISIC_0035859.jpg,benign,benign,0.9415044243522006
ISIC_0035860.jpg,benign,benign,0.9737285264576931
ISIC_0035861.jpg,benign,malignant,0.45794872585534196
ISIC_0035862.jpg,benign,benign,0.9200854011561558
ISIC_0035864.jpg,benign,benign,0.9901072709040583
ISIC_0035867.jpg,benign,benign,0.973665842865733
ISIC_0035868.jpg,malignant,benign,0.7697103891184769
ISIC_0035869.jpg,benign,benign,0.8361942506393224
ISIC_0035870.jpg,benign,benign,0.9995645062089917
ISIC_0035872.jpg,benign,benign,0.8253481348571055
ISIC_0035874.jpg,benign,malignant,0.6024779435438775
ISIC_0035875.jpg,benign,benign,0.945105434522282
ISIC_0035877.jpg,malignant,benign,0.8078648281327063
ISIC_0035879.jpg,benign,benign,0.7828119815968742
ISIC_0035880.jpg,benign,benign,0.9982682962995243
ISIC_0035883.jpg,benign,benign,0.9722809964237759
ISIC_0035884.jpg,benign,benign,0.9124995207018839
ISIC_0035885.jpg,benign,benign,0.8339532982836283
ISIC_0035886.jpg,benign,benign,0.9809676864245065
ISIC_0035887.jpg,malignant,malignant,0.9635103993974483
ISIC_0035888.jpg,malignant,malignant,0.40369893840205345
ISIC_0035889.jpg,malignant,malignant,0.7943628557636586
ISIC_0035891.jpg,benign,benign,0.8362526947104656
ISIC_0035892.jpg,benign,malignant,0.4873622631064603
ISIC_0035893.jpg,benign,benign,0.9790691399402801
ISIC_0035894.jpg,malignant,malignant,0.8755462397410755
ISIC_0035895.jpg,benign,benign,0.9399217940668645
ISIC_0035896.jpg,benign,benign,0.9963547328574488
ISIC_0035897.jpg,benign,benign,0.7381247333564392
ISIC_0035898.jpg,benign,benign,0.9916664480283287
ISIC_0035900.jpg,malignant,malignant,0.8413369101191435
ISIC_0035902.jpg,malignant,malignant,0.5
ISIC_0035903.jpg,benign,benign,0.9614725588222827
ISIC_0035906.jpg,benign,benign,0.9770031567320306
ISIC_0035907.jpg,benign,benign,0.9408767129501441
ISIC_0035909.jpg,benign,benign,0.893165197499221
ISIC_0035911.jpg,malignant,malignant,0.9341677045687253
ISIC_0035912.jpg,benign,benign,0.9974199712651795
ISIC_0035913.jpg,malignant,malignant,0.8465385667031047
ISIC_0035914.jpg,malignant,malignant,0.9824201994108357
ISIC_0035916.jpg,benign,benign,0.9360704643167354
ISIC_0035920.jpg,malignant,benign,0.8662953582141364
ISIC_0035921.jpg,benign,benign,0.8021415914725893
ISIC_0035922.jpg,malignant,malignant,0.9874562340255656
ISIC_0035923.jpg,malignant,malignant,0.8714949821767709
ISIC_0035924.jpg,benign,benign,0.9488065949229405
ISIC_0035927.jpg,benign,benign,0.9087436201661183
ISIC_0035928.jpg,benign,benign,0.9840276023470562
ISIC_0035929.jpg,malignant,benign,0.930549754891833
ISIC_0035930.jpg,benign,benign,0.8789613904000932
ISIC_0035934.jpg,malignant,benign,0.9535378372285885
ISIC_0035935.jpg,benign,benign,0.9228229268239305
ISIC_0035936.jpg,benign,benign,0.8518820779941279
ISIC_0035938.jpg,malignant,benign,0.9163085634414339
ISIC_0035939.jpg,benign,benign,0.9705307620692125
ISIC_0035941.jpg,benign,benign,0.9814582234646522
ISIC_0035943.jpg,benign,benign,0.8970521799457326
ISIC_0035945.jpg,benign,benign,0.9940255043898782
ISIC_0035947.jpg,benign,benign,0.9946200710769456
ISIC_0035948.jpg,benign,benign,0.7383396086302576
ISIC_0035951.jpg,benign,benign,0.8271472032156467
ISIC_0035954.jpg,benign,benign,0.9865061668460343
ISIC_0035956.jpg,malignant,malignant,0.9756467333953172
ISIC_0035958.jpg,benign,malignant,0.9388296979600581
ISIC_0035961.jpg,benign,benign,0.9967837402351837
ISIC_0035962.jpg,benign,benign,0.800186038536106
ISIC_0035963.jpg,benign,benign,0.9001688191472134
ISIC_0035964.jpg,malignant,benign,0.8725405158473027
ISIC_0035965.jpg,benign,benign,0.9871693060653952
ISIC_0035966.jpg,benign,benign,0.8776549301861793
ISIC_0035967.jpg,benign,benign,0.8955798085121546
ISIC_0035968.jpg,malignant,malignant,0.5852704030357158
ISIC_0035969.jpg,benign,benign,0.785280408664168
ISIC_0035970.jpg,benign,benign,0.9588267839309923
ISIC_0035971.jpg,benign,benign,0.9246140465476991
ISIC_0035972.jpg,benign,benign,0.8682503007729111
ISIC_0035973.jpg,benign,benign,0.9589071589506213
ISIC_0035974.jpg,benign,benign,0.9878237490416447
ISIC_0035975.jpg,benign,benign,0.980127274709605
ISIC_0035978.jpg,benign,benign,0.9092017622908277
ISIC_0035979.jpg,benign,benign,0.9928073965337727
ISIC_0035980.jpg,benign,benign,0.8044664086885719
ISIC_0035981.jpg,benign,benign,0.9769957585987571
ISIC_0035983.jpg,benign,benign,0.9975428892523678
ISIC_0035984.jpg,benign,benign,0.7670244067776821
ISIC_0035985.jpg,benign,benign,0.9947383407915397
ISIC_0035986.jpg,malignant,malignant,0.8226756157245041
ISIC_0035987.jpg,benign,benign,0.9940531550995613
ISIC_0035988.jpg,benign,benign,0.9831108902128555
ISIC_0035989.jpg,benign,benign,0.8445721399100921
ISIC_0035990.jpg,benign,benign,0.995784799112004
ISIC_0035991.jpg,benign,benign,0.9933738062181029
ISIC_0035992.jpg,malignant,malignant,0.3543483298706432
ISIC_0035994.jpg,benign,benign,0.9541621218991618
ISIC_0035995.jpg,benign,benign,0.8725774827281816
ISIC_0035997.jpg,malignant,benign,0.8724556275458644
ISIC_0035998.jpg,benign,benign,0.9659958987967875
ISIC_0035999.jpg,benign,benign,0.9970876912300715
ISIC_0036001.jpg,benign,benign,0.8949661932354167
ISIC_0036005.jpg,malignant,benign,0.9062279959063808
ISIC_0036010.jpg,benign,benign,0.9895244901134025
ISIC_0036012.jpg,malignant,malignant,0.7488868526139912
ISIC_0036013.jpg,benign,benign,0.8371749405720019
ISIC_0036014.jpg,benign,benign,0.998698391508126
ISIC_0036017.jpg,benign,benign,0.9701710926365167
ISIC_0036020.jpg,benign,benign,0.9916656575801429
ISIC_0036024.jpg,benign,benign,0.9737980983033548
ISIC_0036026.jpg,malignant,malignant,0.9765708064112597
ISIC_0036027.jpg,benign,benign,0.9852671456175796
ISIC_0036028.jpg,benign,benign,0.9912180477312348
ISIC_0036029.jpg,malignant,malignant,0.330047154268947
ISIC_0036030.jpg,benign,benign,0.9559035495154184
ISIC_0036033.jpg,benign,benign,0.8902805615134343
ISIC_0036034.jpg,malignant,benign,0.9560794623038099
ISIC_0036036.jpg,benign,benign,0.8339069739913223
ISIC_0036037.jpg,benign,benign,0.9170292510824688
ISIC_0036038.jpg,benign,benign,0.8508515247526548
ISIC_0036039.jpg,benign,benign,0.8640710823918403
ISIC_0036040.jpg,benign,benign,0.9424692202126921
ISIC_0036041.jpg,benign,benign,0.9816145726917883
ISIC_0036042.jpg,benign,benign,0.9900232543077464
ISIC_0036044.jpg,benign,benign,0.9227418460164827
ISIC_0036045.jpg,benign,benign,0.9403695048365004
ISIC_0036046.jpg,benign,benign,0.9985578620633672
ISIC_0036047.jpg,benign,benign,0.9892840583209672
ISIC_0036048.jpg,benign,benign,0.9620834591610992
ISIC_0036049.jpg,benign,benign,0.9126621194089943
ISIC_0036051.jpg,malignant,malignant,0.35885630557907994
ISIC_0036052.jpg,benign,benign,0.9386091378786728
ISIC_0036054.jpg,benign,benign,0.9770356663362855
ISIC_0036055.jpg,benign,benign,0.9966295502489703
ISIC_0036056.jpg,malignant,benign,0.8397116984265909
ISIC_0036057.jpg,malignant,malignant,0.32918105753270716
ISIC_0036058.jpg,benign,malignant,0.33279118499946053
ISIC_0036059.jpg,benign,benign,0.9613370878354983
ISIC_0036061.jpg,benign,benign,0.982611365731234
ISIC_2061976.jpg,benign,malignant,0.7780429081018506
ISIC_1645097.jpg,malignant,malignant,0.8679389818137584
ISIC_6367358.jpg,malignant,malignant,0.5250886405590078
ISIC_6784337.jpg,malignant,malignant,0.9372136370229752
ISIC_1105887.jpg,malignant,benign,0.87654755642292
ISIC_5990594.jpg,malignant,malignant,0.66827949464179
ISIC_6399573.jpg,malignant,malignant,0.9830249996881902
ISIC_3832733.jpg,malignant,malignant,0.6121172904519553
ISIC_8638329.jpg,benign,malignant,0.306995807984296
ISIC_4843324.jpg,malignant,benign,0.8434811233291437
ISIC_4791649.jpg,benign,benign,0.959992540696195
ISIC_9941636.jpg,malignant,benign,0.8273343563765291
ISIC_5820839.jpg,benign,benign,0.7957148479604457
ISIC_1246526.jpg,malignant,malignant,0.849101228735416
ISIC_9127831.jpg,malignant,malignant,0.8040858267848033
ISIC_6168000.jpg,benign,benign,0.983100697131525
ISIC_7765155.jpg,benign,benign,0.9290189846230684
ISIC_0905720.jpg,benign,malignant,0.5454089196260079
ISIC_4511541.jpg,benign,malignant,0.6654758508227795
ISIC_6923107.jpg,benign,benign,0.8785188180157132
ISIC_4840630.jpg,benign,benign,0.9183230192279513
ISIC_1467892.jpg,benign,benign,0.9205800072856234
ISIC_9972649.jpg,malignant,malignant,0.8505963493185531
ISIC_3744161.jpg,malignant,malignant,0.9650774021789239
ISIC_4335526.jpg,benign,benign,0.931102803730094
ISIC_9000489.jpg,benign,benign,0.9789007516677859
ISIC_4586629.jpg,malignant,malignant,0.3618385347520764
ISIC_7530668.jpg,benign,benign,0.7846431988021758
ISIC_0822843.jpg,benign,benign,0.9729566307584259
ISIC_8866387.jpg,benign,malignant,0.5291661873888933
ISIC_4543581.jpg,benign,benign,0.7414242969781327
ISIC_4023678.jpg,malignant,benign,0.7636697347863415
ISIC_6303907.jpg,benign,benign,0.8207655460767601
ISIC_4620217.jpg,malignant,malignant,0.9276867175170692
ISIC_0321944.jpg,malignant,benign,0.7611932056959047
ISIC_2411589.jpg,benign,malignant,0.3462173991281507
ISIC_7878308.jpg,benign,malignant,0.9127034157687085
ISIC_4425681.jpg,malignant,malignant,0.8021246191108419
ISIC_0157465.jpg,benign,benign,0.8353297389469846
ISIC_4867539.jpg,malignant,benign,0.8906474007643586
ISIC_5206103.jpg,malignant,benign,0.7759917699632068
ISIC_4064127.jpg,benign,benign,0.9565339163093117
ISIC_8546843.jpg,malignant,malignant,0.6373507978191473
ISIC_6149388.jpg,malignant,malignant,0.7788659228818273
ISIC_7496552.jpg,benign,benign,0.9206324576156469
ISIC_2358370.jpg,benign,benign,0.7222339487660991
ISIC_9859545.jpg,benign,benign,0.9494595682466175
ISIC_0467830.jpg,malignant,malignant,0.3276768227614697
ISIC_0415769.jpg,benign,benign,0.9694363551106883
ISIC_2977188.jpg,benign,malignant,0.42492952335449863
ISIC_7611157.jpg,benign,benign,0.7453907172327233
ISIC_7254126.jpg,benign,malignant,0.4448353293858942
ISIC_3581982.jpg,malignant,malignant,0.3845618534676454
ISIC_1563382.jpg,benign,benign,0.9896976392232043
ISIC_6763419.jpg,benign,benign,0.8682288848970183
ISIC_5672303.jpg,benign,malignant,0.809746179270027
ISIC_6269100.jpg,malignant,malignant,0.7554249167190112
ISIC_7660464.jpg,benign,benign,0.9779399178279092
ISIC_3777678.jpg,benign,malignant,0.8223758764848527
ISIC_0698589.jpg,benign,benign,0.9900335507500853
ISIC_4272793.jpg,benign,malignant,0.2905199973974387
ISIC_6389793.jpg,benign,benign,0.9702036301978526
ISIC_8966407.jpg,malignant,malignant,0.9871366688892755
ISIC_9912548.jpg,benign,benign,0.7643010900685994
ISIC_1969370.jpg,benign,malignant,0.9721963428615472
ISIC_7140852.jpg,benign,benign,0.9821416226215987
ISIC_0793445.jpg,malignant,malignant,0.957975664177388
ISIC_5668296.jpg,benign,benign,0.9018468519898276
ISIC_6095295.jpg,malignant,benign,0.8884973514173684
ISIC_3159183.jpg,benign,benign,0.9562034515535748
ISIC_9019695.jpg,benign,benign,0.8205336152255471
ISIC_1662809.jpg,malignant,benign,0.952484845391661
ISIC_9504403.jpg,benign,malignant,0.6459402655077886
ISIC_2346081.jpg,malignant,malignant,0.6479903917380169
ISIC_8929221.jpg,benign,benign,0.8697812061848736
ISIC_2329180.jpg,benign,malignant,0.5052487530338118
ISIC_8662001.jpg,malignant,malignant,0.5907281446990619
ISIC_3955939.jpg,benign,benign,0.9915745237926747
ISIC_3721080.jpg,malignant,malignant,0.719209088292879
ISIC_1365846.jpg,benign,benign,0.8990042006505927
ISIC_0328731.jpg,benign,benign,0.8562516968347466
ISIC_5939568.jpg,benign,malignant,0.41210126433252636
ISIC_4384129.jpg,malignant,malignant,0.9658056799809973
ISIC_0994345.jpg,benign,benign,0.899824907981578
ISIC_4112120.jpg,benign,benign,0.9828494294865725
ISIC_1376941.jpg,benign,benign,0.8637590051923024
ISIC_1418706.jpg,benign,benign,0.8625097041598382
ISIC_2235682.jpg,malignant,benign,0.8401397076803501
ISIC_0104229.jpg,malignant,malignant,0.9593708327913841
ISIC_1396065.jpg,benign,malignant,0.38212266428126906
ISIC_4856683.jpg,benign,benign,0.7932365039015479
ISIC_9153490.jpg,benign,benign,0.9782440352737464
ISIC_8039893.jpg,benign,benign,0.9545577671526263
ISIC_1790470.jpg,benign,benign,0.9244228051072795
ISIC_9452490.jpg,malignant,benign,0.8119062823215334
ISIC_7235721.jpg,malignant,benign,0.7462460042987038
ISIC_7474544.jpg,benign,benign,0.8194657002145198
ISIC_6798316.jpg,malignant,malignant,0.6189574602510439
ISIC_2581432.jpg,malignant,malignant,0.3721251638591308
ISIC_3615873.jpg,benign,benign,0.9799128645095299
ISIC_7417402.jpg,malignant,malignant,0.8897540570658301
ISIC_5035285.jpg,benign,malignant,0.29636457505613756
ISIC_6242031.jpg,malignant,malignant,0.958423641670078
ISIC_1216673.jpg,benign,malignant,0.4114705058495516
ISIC_8568371.jpg,benign,benign,0.9521336143030867
ISIC_8080250.jpg,malignant,benign,0.8291878581729294
ISIC_0967587.jpg,benign,benign,0.9750439475665061
ISIC_9830559.jpg,benign,malignant,0.616331436757468
ISIC_1211710.jpg,malignant,benign,0.8217173882793483
ISIC_2857123.jpg,malignant,malignant,0.773506920747399
ISIC_4853631.jpg,benign,malignant,0.2909995654378097
ISIC_2887867.jpg,benign,benign,0.9706897860488013
ISIC_4806646.jpg,benign,benign,0.839307936847051
ISIC_3190920.jpg,malignant,malignant,0.5189880736976614
ISIC_3631780.jpg,malignant,malignant,0.8274982257242428
ISIC_7144229.jpg,benign,benign,0.8627973086848703
ISIC_6998510.jpg,benign,benign,0.9412292038637708
ISIC_4527534.jpg,benign,malignant,0.7137867183792842
ISIC_6553846.jpg,malignant,benign,0.8393569513700089
ISIC_8321085.jpg,benign,benign,0.9636684276216247
ISIC_0406160.jpg,benign,benign,0.909369060259168
ISIC_1512054.jpg,benign,malignant,0.2924691383586551
ISIC_8336318.jpg,malignant,malignant,0.5300037445967404
ISIC_7538059.jpg,malignant,malignant,0.45988496543215723
ISIC_7687199.jpg,benign,benign,0.9504064122260207
ISIC_6334282.jpg,malignant,benign,0.7522175407775062
ISIC_7733134.jpg,benign,benign,0.8701120928176824
ISIC_5532418.jpg,benign,malignant,0.8205685306168402
ISIC_2266220.jpg,benign,benign,0.9433376661997362
ISIC_9168295.jpg,benign,benign,0.7745307699234653
ISIC_2043443.jpg,malignant,malignant,0.8472869262721393
ISIC_5011827.jpg,benign,benign,0.7744093194394073
ISIC_5956582.jpg,malignant,malignant,0.38565420013656265
ISIC_0995119.jpg,benign,benign,0.9956035698924471
ISIC_6424909.jpg,malignant,malignant,0.7246409822995213
ISIC_5366444.jpg,malignant,malignant,0.5
ISIC_9413613.jpg,benign,benign,0.9832308790647004
ISIC_7959932.jpg,benign,benign,0.9788971476055998
ISIC_2577098.jpg,malignant,malignant,0.48026500272267314
ISIC_1274177.jpg,benign,malignant,0.8152665954737953
ISIC_7105211.jpg,malignant,malignant,0.448427104059547
ISIC_1735538.jpg,benign,benign,0.9600539150245467
ISIC_7646845.jpg,benign,benign,0.9794940754833144
ISIC_2364514.jpg,malignant,malignant,0.9039294454190379
ISIC_6294286.jpg,malignant,malignant,0.8738912452679913
ISIC_9096346.jpg,benign,benign,0.758429048064988
ISIC_9767196.jpg,benign,benign,0.969907805626552
ISIC_3229915.jpg,benign,benign,0.8839202265280027
ISIC_9702543.jpg,benign,malignant,0.5067696940360902
ISIC_2620684.jpg,malignant,benign,0.8182509410106309
PAT_74_112_729.png,malignant,malignant,0.9157167251023723
PAT_1978_4004_82.png,benign,benign,0.9549225218082746
PAT_397_797_638.png,malignant,malignant,0.9592248163356636
PAT_572_1086_130.png,malignant,malignant,0.9889368562691753
PAT_701_1321_156.png,benign,benign,0.9420088708371407
PAT_2142_4733_13.png,benign,malignant,0.560416630423383
PAT_1708_3157_518.png,benign,malignant,0.9685854044606901
PAT_630_1196_710.png,malignant,malignant,0.9790358372090842
PAT_382_776_986.png,malignant,malignant,0.9229376523321552
PAT_1089_375_60.png,benign,benign,0.9786079269043563
PAT_1326_1156_783.png,benign,benign,0.9539480864650673
PAT_936_1772_886.png,malignant,malignant,0.8642671124353565
PAT_478_916_806.png,malignant,malignant,0.9702095564923903
PAT_183_283_495.png,malignant,malignant,0.9700530882949049
PAT_885_1687_204.png,malignant,malignant,0.9346941779423442
PAT_1252_866_852.png,benign,benign,0.7932147855473661
PAT_1349_1229_828.png,benign,benign,0.9497150230650337
PAT_1881_3717_785.png,benign,benign,0.9642930750318249
PAT_361_1568_456.png,malignant,malignant,0.9464902579770189
PAT_837_1583_124.png,malignant,malignant,0.9935871494685994
PAT_801_1518_78.png,malignant,malignant,0.4577102847600553
PAT_1694_3110_213.png,benign,benign,0.9906380979483267
PAT_715_1339_508.png,benign,malignant,0.8602089585009676
PAT_876_1665_569.png,malignant,malignant,0.9971494305924438
PAT_467_904_235.png,malignant,malignant,0.8980249518584191
PAT_1451_1562_545.png,benign,benign,0.973014123296409
PAT_1770_3344_274.png,benign,malignant,0.8438970768493981
PAT_456_888_961.png,malignant,malignant,0.5720129327838146
PAT_430_847_315.png,malignant,malignant,0.9923524519969307
PAT_1245_844_471.png,benign,benign,0.7951991310917498
PAT_810_1526_67.png,malignant,malignant,0.8884144011501298
PAT_858_1632_977.png,malignant,malignant,0.9649768528361349
PAT_1971_3984_534.png,benign,benign,0.7820613566267947
PAT_149_221_679.png,malignant,malignant,0.9577310345197044
PAT_756_1495_858.png,benign,benign,0.8355298479096606
PAT_8_15_820.png,malignant,malignant,0.988486073644714
PAT_340_714_68.png,malignant,malignant,0.3188310906355423
PAT_679_1286_933.png,malignant,malignant,0.8744646903609533
PAT_89_135_11.png,malignant,malignant,0.8812176470813156
PAT_699_1320_901.png,malignant,malignant,0.40694998771310664
PAT_338_709_306.png,malignant,malignant,0.7024643990815996
PAT_547_1033_911.png,malignant,malignant,0.9884558759597251
PAT_945_1796_583.png,malignant,malignant,0.8090732610864386
PAT_962_1823_942.png,malignant,malignant,0.8268985957815697
PAT_891_1701_36.png,malignant,malignant,0.7235857907344314
PAT_206_312_595.png,malignant,malignant,0.9728029935130512
PAT_243_372_640.png,malignant,malignant,0.8682061502684398
PAT_164_255_130.png,malignant,malignant,0.9746830356858543
PAT_759_1538_566.png,malignant,malignant,0.9171344807789318
PAT_456_887_499.png,malignant,malignant,0.6550190128751678
PAT_806_1520_708.png,malignant,malignant,0.886116252216837
PAT_904_1736_851.png,malignant,malignant,0.8949975413474185
PAT_193_297_295.png,malignant,malignant,0.9641555429520079
PAT_204_310_975.png,malignant,malignant,0.9679737477608024
PAT_147_219_206.png,malignant,malignant,0.9890992553622252
PAT_1350_1230_925.png,benign,malignant,0.5144453442409196
PAT_510_959_174.png,malignant,malignant,0.9773369158824616
PAT_494_939_518.png,malignant,malignant,0.7481480380676738
PAT_736_1392_562.png,malignant,malignant,0.9861471616935473
PAT_142_210_904.png,malignant,malignant,0.9716331371814529
PAT_272_420_10.png,malignant,malignant,0.9879343508895775
PAT_705_1326_82.png,malignant,malignant,0.9638039607568109
PAT_918_1742_456.png,malignant,malignant,0.9823115181640816
PAT_545_1029_650.png,malignant,malignant,0.9525471921836289
PAT_267_412_275.png,malignant,malignant,0.990853028242525
PAT_146_217_187.png,malignant,malignant,0.9850296716479808
PAT_435_854_68.png,malignant,malignant,0.742836900532651
PAT_36_49_935.png,malignant,malignant,0.8752183607579976
PAT_972_1843_756.png,malignant,malignant,0.3728585458559953
PAT_486_929_317.png,malignant,malignant,0.779659741269495
PAT_357_737_77.png,malignant,malignant,0.9875754550959509
PAT_419_2768_910.png,benign,malignant,0.3531039497203605
PAT_1350_1230_878.png,benign,benign,0.9846949501000318
PAT_319_680_166.png,malignant,malignant,0.8007230533189795
PAT_165_256_460.png,malignant,malignant,0.5728310437901792
PAT_1946_3924_627.png,benign,benign,0.820580040368701
PAT_677_1349_851.png,malignant,malignant,0.9746899479477903
PAT_325_689_528.png,malignant,malignant,0.931504026752045
PAT_419_833_148.png,malignant,malignant,0.8861036863901651
PAT_1008_59_297.png,benign,malignant,0.7201268940351283
PAT_288_441_312.png,malignant,malignant,0.7574736108213835
PAT_131_197_260.png,malignant,malignant,0.9948914886662292
PAT_216_331_678.png,malignant,malignant,0.9735885566729461
PAT_844_1605_308.png,malignant,malignant,0.7767971848573397
PAT_551_1047_567.png,malignant,malignant,0.9774184460171492
PAT_837_1584_745.png,malignant,malignant,0.9841963357181922
PAT_314_672_909.png,malignant,malignant,0.7366720868983889
PAT_99_153_636.png,malignant,malignant,0.9914335343667139
PAT_689_1306_772.png,malignant,malignant,0.955012392332379
PAT_730_1383_535.png,malignant,malignant,0.9287378219579966
PAT_1721_3219_737.png,benign,malignant,0.48924125925550743
PAT_482_924_134.png,malignant,malignant,0.5774606368584075
PAT_1636_2869_595.png,benign,malignant,0.7396441163751867
PAT_527_1360_225.png,malignant,malignant,0.9786007930732726
PAT_1364_1246_143.png,benign,benign,0.9769493720716564
PAT_1109_436_141.png,benign,benign,0.9957941843598417
PAT_1186_680_578.png,benign,benign,0.95193835228368
PAT_406_808_975.png,malignant,malignant,0.9408987489627172
PAT_841_1603_667.png,malignant,malignant,0.7650133729155622
PAT_311_667_416.png,malignant,malignant,0.7807485078917703
PAT_87_133_159.png,benign,benign,0.9438590842078478
PAT_993_1865_559.png,malignant,malignant,0.9087104231873989
PAT_601_1147_943.png,malignant,malignant,0.9798297733726858
PAT_377_768_643.png,malignant,malignant,0.9725646642386622
PAT_242_369_930.png,malignant,malignant,0.9701191001198551
PAT_251_382_576.png,malignant,malignant,0.9915385075799268
PAT_1731_3237_919.png,benign,benign,0.9389401928275664
PAT_613_1164_827.png,malignant,malignant,0.7560726665269982
PAT_789_1483_793.png,malignant,malignant,0.3197861123417992
PAT_978_1844_715.png,malignant,malignant,0.9044163045473582
PAT_2161_4818_501.png,benign,benign,0.9884156596480954
PAT_324_1465_43.png,malignant,malignant,0.8907527949322371
PAT_1658_2933_322.png,benign,malignant,0.5803479948252132
PAT_1904_3794_215.png,benign,benign,0.7971529495616501
PAT_1730_3236_201.png,benign,benign,0.960371930162699
PAT_974_1841_693.png,malignant,malignant,0.9712638332999575
PAT_1942_3915_388.png,benign,malignant,0.7696488974372939
PAT_315_673_227.png,malignant,malignant,0.9723684473478297
PAT_814_1532_545.png,malignant,malignant,0.9797423448141269
PAT_544_3299_671.png,benign,benign,0.928162565643626
PAT_535_1011_567.png,malignant,malignant,0.962846245488255
PAT_270_417_257.png,malignant,malignant,0.8614485060978548
PAT_1801_3461_351.png,benign,malignant,0.30211350100551265
PAT_50_76_296.png,malignant,malignant,0.9776978447525564
PAT_267_1062_418.png,malignant,malignant,0.919058465027853
PAT_2162_4820_913.png,benign,benign,0.9934076501628514
PAT_649_1233_229.png,benign,malignant,0.30485263350287245
PAT_395_795_43.png,malignant,malignant,0.9309871985476146
PAT_275_424_966.png,malignant,malignant,0.910138900431769
PAT_756_1496_599.png,benign,benign,0.9633731521163197
PAT_115_175_283.png,malignant,malignant,0.9755258283943974
PAT_171_265_757.png,malignant,malignant,0.987551041046822
PAT_711_1334_480.png,malignant,malignant,0.6564512195076209
PAT_514_968_269.png,malignant,malignant,0.8614484644674649
PAT_40_56_499.png,malignant,malignant,0.9353485336054821
PAT_720_1362_700.png,malignant,malignant,0.8546645996543317
PAT_191_293_314.png,malignant,malignant,0.92749853015791
PAT_1944_3921_281.png,benign,malignant,0.7674177530565406
PAT_520_983_221.png,malignant,malignant,0.9883815616380978
PAT_467_904_776.png,malignant,malignant,0.8116000153299726
PAT_1494_1707_125.png,benign,benign,0.7596574027842106
PAT_320_681_410.png,malignant,benign,0.8433677289359249
PAT_687_1304_898.png,malignant,malignant,0.7440303294584268
PAT_155_240_211.png,malignant,malignant,0.9259607825049353
PAT_158_243_947.png,malignant,malignant,0.9819632064648853
PAT_860_1641_440.png,malignant,malignant,0.7192731805607162
PAT_683_1296_237.png,malignant,malignant,0.7948644143955219
PAT_441_861_415.png,malignant,malignant,0.4170284999588169
PAT_1418_1448_307.png,benign,malignant,0.9403350682151038
PAT_198_853_778.png,benign,malignant,0.6597342042279096
PAT_834_1574_397.png,malignant,malignant,0.8538920562277993
PAT_160_248_254.png,malignant,malignant,0.9696621726432388
PAT_1331_1173_380.png,benign,benign,0.9871267225140041
PAT_281_1517_293.png,benign,benign,0.8386672128269633
PAT_465_901_627.png,benign,benign,0.930733586972783
PAT_678_1287_652.png,malignant,malignant,0.9267663557260372
PAT_981_1848_486.png,malignant,malignant,0.9045593473050194
PAT_894_1679_640.png,malignant,malignant,0.48249311357104796
PAT_1569_2456_393.png,benign,malignant,0.7672715926320104
PAT_2088_4525_507.png,benign,benign,0.9867331010335143
PAT_950_1804_64.png,malignant,malignant,0.9889920958302005
PAT_632_1206_634.png,malignant,malignant,0.9094521323950663
PAT_770_1451_136.png,malignant,malignant,0.9467036963382571
PAT_523_988_851.png,malignant,malignant,0.9334522999198692
PAT_624_1180_803.png,malignant,malignant,0.9893976015869853
PAT_645_1223_443.png,malignant,malignant,0.9259618237654702
PAT_115_1138_870.png,malignant,malignant,0.7958686508349672
PAT_605_1152_536.png,malignant,malignant,0.9763383731225612
PAT_682_1292_986.png,malignant,malignant,0.42736224098671516
PAT_190_291_366.png,malignant,malignant,0.9940275545062806
PAT_139_207_342.png,malignant,malignant,0.9616510011970667
PAT_761_1435_561.png,malignant,malignant,0.9761803047373627
PAT_962_1823_857.png,malignant,malignant,0.8226998526056916
PAT_191_294_629.png,malignant,malignant,0.9972445749381249
PAT_191_294_419.png,malignant,malignant,0.9866570217517522
PAT_636_1204_666.png,malignant,malignant,0.8833736071635634
PAT_905_1721_327.png,malignant,malignant,0.8988759822682693
PAT_161_250_197.png,malignant,malignant,0.9641042754231972
PAT_337_706_254.png,malignant,malignant,0.9630103806484924
PAT_426_842_458.png,malignant,malignant,0.7681612360687713
PAT_924_1757_704.png,malignant,malignant,0.9063435940716877
PAT_935_1781_920.png,malignant,malignant,0.9292643938600222
PAT_838_1585_282.png,malignant,malignant,0.3681739563546182
PAT_980_1851_351.png,malignant,malignant,0.9574977703841322
PAT_423_839_717.png,malignant,malignant,0.9634327227350085
PAT_255_388_77.png,malignant,malignant,0.9774633869848316
PAT_486_929_274.png,malignant,malignant,0.8495807729817356
PAT_178_276_465.png,malignant,malignant,0.9969375441271416
PAT_645_1224_768.png,malignant,malignant,0.9600567433357338
PAT_920_1747_19.png,malignant,malignant,0.9761172219289116
PAT_271_418_92.png,malignant,malignant,0.7912494372180626
PAT_954_1808_415.png,malignant,malignant,0.813143119666864
PAT_406_1542_754.png,malignant,malignant,0.875855559925825
PAT_887_1688_436.png,malignant,malignant,0.7179167684232911
PAT_62_97_868.png,malignant,malignant,0.9852614874983252
PAT_1305_4097_251.png,benign,benign,0.99468988959671
PAT_611_1158_156.png,malignant,malignant,0.9437419585200348
PAT_185_285_862.png,malignant,malignant,0.9749477902949586
PAT_856_1626_523.png,malignant,malignant,0.7991463220857716
PAT_1273_952_89.png,benign,benign,0.9863164501012714
PAT_1731_3237_197.png,benign,benign,0.794349992046888
dc2fabd3-d0b3-4f97-9422-1689f0cc8ead.png,malignant,malignant,0.927376152954019
a7f11865-a615-45c8-ba1d-af3210a9aeb8.png,benign,benign,0.9521165045089344
80cf5ca4-17a0-45f5-8d88-6068792975d9.png,benign,malignant,0.31246458474410654
b0a1a9ff-4676-409d-9da5-c767d4d249b0.png,benign,benign,0.9567380053604614
e791bcdf-f49e-4a70-b78f-9593ed8426c3.png,benign,benign,0.8407024894797078
813cf123-3bde-4bd4-84e9-8c5c204effa3.png,malignant,malignant,0.7789423822272844
c49d8702-68d5-4006-a7cc-998af2fc6557.png,benign,benign,0.9567506722243253
7f05cc46-0798-4e91-af66-fe87837b7f67.png,benign,benign,0.9882149182304003
d93cb6a1-862e-41d0-ab51-cc69e7969f58.png,malignant,malignant,0.8505764510292281
2361ca88-5c90-4e2c-a6ab-fdb3585a98b9.png,benign,benign,0.8144177822948725
ed3dd40a-0743-4440-8375-817558dd429a.png,benign,benign,0.8485574247059842
9c7289a0-fd78-41d0-96e5-6998acee595f.png,benign,malignant,0.5143718087913854
e47d887e-aa21-40a8-b772-10792a3805a1.png,malignant,benign,0.7330146809565954
d199a863-4f8a-4a28-9638-e5655bb8cefa.png,malignant,malignant,0.803863240925431
52a3bfda-8358-436d-86b7-66f9d326b09b.png,benign,benign,0.7423828099232098
7d270825-30de-4f78-9269-949c3270abd6.png,benign,benign,0.8272246009774787
d8f39a2b-6d8b-4900-888a-5e4c3ed8e5fa.png,malignant,malignant,0.740772128542215
0e8b3967-78a6-4ef1-90bc-2fd80c257e2e.png,malignant,malignant,0.7363938344024586
62cf61c7-4b2b-452a-8207-1d24ff3c92b0.png,malignant,malignant,0.9042148017173478
22a8064a-4411-422b-a0c0-1d629d9007ab.png,malignant,malignant,0.983331632506565
21e5fbe1-823c-4d10-bf29-1488154352be.png,malignant,malignant,0.9509880458891183
6670e267-f5cc-42ab-abdb-6dd791ca5269.png,benign,benign,0.9923757770761155
f28264fd-20e8-4498-acf6-3b605fe088bc.png,malignant,malignant,0.9428249122522431
f015f556-e4cb-4a6f-9af3-388b878c0560.png,benign,malignant,0.8149085185507324
0e81889b-56f6-467e-a7eb-a9b1f6619ed7.png,malignant,malignant,0.5191021971591632
bd9d4044-1e8e-46ba-82bf-88c303418629.png,malignant,malignant,0.9784000849534615
f38393e7-1f2f-4938-aed4-0d105cd77b0d.png,malignant,benign,0.814908577875789
dc6577bb-e46a-4054-8204-3b254d5aeede.png,benign,benign,0.9904939480958959
1f9f2c0f-a1b1-4bdb-b58c-cd6e3a07d0d7.png,benign,benign,0.973031815975787
31c41cce-fca2-4ad7-be41-6d57d6333f72.png,benign,malignant,0.9176678776220637
64e3b54c-2625-4f35-8a05-7634eb2a013e.png,benign,benign,0.9885589053028269
e3045002-cdca-44e0-938c-7652d8dca133.png,malignant,benign,0.8602694616000736
adc4afac-84d0-4444-9e13-67211bb8c3aa.png,benign,malignant,0.9551005336550787
bd05c5cf-20cc-484c-b318-1fbc73f6d241.png,malignant,malignant,0.575726496579824
520d14bd-54dd-453d-a712-632dc74923e3.png,benign,malignant,0.9819350386302035
fd936f26-eb98-45cf-8e45-68f52a81cc24.png,malignant,malignant,0.4289630525032741
296b2aa3-1167-46db-8e2f-a0abfea3ca7e.png,malignant,malignant,0.803713245336945
12bb071b-3e9f-4079-97cc-38befde82ba9.png,malignant,malignant,0.5079626274469724
6ddb3cad-d034-4700-9652-671141806388.png,benign,benign,0.9850685758352444
c350d1cb-dfa2-4b42-81d6-665354705a0c.png,malignant,malignant,0.6085895569329264
98450561-8fa1-471b-ba66-3ad407e5c235.png,malignant,malignant,0.6853206150534763
efe79beb-a72b-4455-8206-6a83bac6393c.png,benign,benign,0.9697876623028425
7d058cc7-e82f-4c5d-a3e1-cbc103e31e06.png,malignant,malignant,0.959193824186671
6c64d815-ee7e-45e9-8223-65758ce55454.png,malignant,malignant,0.9335489110576721
6b97582b-1b95-4336-a513-dcfd13c5559e.png,malignant,malignant,0.9668612115430856
f3e3ed27-aa54-4ed5-97be-9e0fba8cdbed.png,malignant,malignant,0.7312858414750958
7fe050e5-499c-464d-ad87-c23254e16af0.png,benign,malignant,0.9821792435335563
0d099994-2407-4897-bcdd-5bb0c26be310.png,malignant,benign,0.7856200883548946
95cddf39-8896-4a6e-b2df-e4039f88481d.png,benign,benign,0.8966622476222018
2b97f68d-0bd2-41c4-bb09-bbc7a1b57e13.png,benign,malignant,0.8342611304600204
edf5c784-4cc1-46d5-938c-e287ce7cbabb.png,benign,malignant,0.2996156141593561
8ecc0158-59f6-4110-9afa-277a9ef8e67f.png,benign,benign,0.9635295578665278
c74306b8-5900-4706-b6e0-01cb49a5f8ec.png,benign,benign,0.78804060066629
09811c05-6cb0-49ff-ab4c-c3b230c4b720.png,benign,benign,0.8904600698074473
ab811374-c659-4815-909d-84be8a2d9db6.png,benign,benign,0.9869188728859214
c5cbc9e8-f0a4-46b6-b3f7-b0b480a5f434.png,benign,benign,0.9935981501686431
01fd860c-2501-42b3-98b1-4c885b432648.png,benign,benign,0.9467210569782925
dc791a9d-6ecb-41c3-83f3-14e2bb2d6800.png,malignant,malignant,0.9790187714267354
fc2e631d-ed13-4bee-ab5a-fe18ad068f74.png,malignant,malignant,0.9629269978799163
c443f8c3-c1ed-4936-84b5-e0b73368e550.png,benign,benign,0.7231965776060408
4e781904-b73d-4f79-a980-05685368308f.png,benign,benign,0.9962983329142007
4e79c701-e24c-4f1f-a13d-62acf57b7f91.png,benign,benign,0.9287814243555768
28b73db5-0548-4d46-9250-e957848a1c4b.png,benign,benign,0.8529444912086759
3acd7d09-7b20-4998-aceb-fc61b3ffe3f3.png,malignant,malignant,0.8725150160356009
14153cdb-95c1-4936-ad88-b3cee231067e.png,benign,benign,0.789391524364531
b10bfdc7-6a97-4982-855b-53ebe0affc28.png,malignant,malignant,0.3303970608857652
91a74dc3-70c5-47f5-835d-0439ca237a1d.png,malignant,malignant,0.8953907960351153
5e29986f-cc4c-4649-9988-c6aea8fca38b.png,malignant,malignant,0.9439750218327643
d55e2a86-d526-4af5-908c-bd3678961f4b.png,malignant,benign,0.7456102193831451
b6f5449f-4cb5-4364-8e38-2947080e0e60.png,benign,malignant,0.5725770858033765
1600637c-bdbd-4e17-9099-d20d2317afe9.png,benign,benign,0.8489978519028935
2e4e43b9-da54-492d-a2c3-e10ca00ae5eb.png,benign,benign,0.9313409727626829
7241c3a8-f409-42e0-9bfc-4e8d8fbe3e93.png,malignant,malignant,0.9812369071463196
e4314b79-e59d-4ad9-bb81-508dd8a10ebd.png,benign,malignant,0.2888329429599192
4d9cf37a-db98-4042-9b7a-29564e17dba1.png,benign,benign,0.9982013726482438
13dac258-d079-489f-b5b0-2121352623c8.png,benign,benign,0.8891823795403644
96b097d4-323d-4b8d-8f2a-32b7ae5e3ce2.png,malignant,malignant,0.9491016646032868
26541014-ef95-4ef2-afa4-9b5dd1d0ab63.png,benign,benign,0.8400538891638355
9d772da5-b81e-40c0-a5d7-d61e27b4b6ac.png,malignant,malignant,0.8792295223593426
c8ce8a8a-b3dc-4bf6-ad1b-7e3792f9e1d7.png,malignant,benign,0.8164846225137781
bfd367fa-5fe0-4785-b2f9-1d868189464d.png,benign,benign,0.9984673422137105
91378a29-96d9-4c75-b805-af513b9d13e4.png,malignant,malignant,0.43990377847009304
af43a98c-836c-4053-8161-c41e9b0645b4.png,benign,malignant,0.7921582359853382
14f477ce-b53e-4c81-8be8-36c9630d7aa0.png,malignant,malignant,0.7163745006003559
a8b7bfe5-59cc-403a-b71d-273a1b1942b3.png,malignant,benign,0.7175660395527244
424b3f86-446f-418b-b626-958e4ba49333.png,malignant,benign,0.9042967071680051
b1b78c10-e7ae-4a57-b08d-0ffcba8b85d8.png,benign,benign,0.9275767939312712
15fd4e68-4082-4f2f-b620-7ea5fca047a1.png,malignant,malignant,0.4220594188838888
6eef71cd-d2a9-43c3-961c-3d52af560120.png,benign,malignant,0.5354600679047471
1a1df3a5-f1c0-43eb-a778-c43b258b3e11.png,benign,benign,0.9867226133275163
64472f0d-0d55-4574-b1a7-adcb9452ae76.png,malignant,malignant,0.7354609621550331
d7c47153-38c8-488b-a6e2-384ea26c8e78.png,malignant,malignant,0.9255635287904425
022a52d2-9210-46d8-b97d-f9a78790ffc4.png,malignant,malignant,0.8878865082875209
01620c44-3cfb-4fcd-a8d9-b6ad991783b0.png,malignant,malignant,0.7838379104277071
7a82e8d5-15e6-42d6-8d43-b35e2158a592.png,malignant,malignant,0.5
41fdd74b-a98e-4c59-ae44-a0ff61454422.png,benign,benign,0.9724421972371745
2ba7189e-9ffa-446e-9450-caaca8baffd2.png,malignant,malignant,0.5716454357836398
d53eff88-45fc-42d2-9ef0-7913edb607b3.png,benign,benign,0.8977492160643583
3382f96a-daf0-4b40-83ea-ffb31b3bf187.png,benign,benign,0.8606096851836054
837331ad-9524-4790-b55b-1966d290a0d7.png,benign,malignant,0.6474067763479416
ef4b371a-650a-46bb-ae94-acf74e0a11b5.png,malignant,malignant,0.7960274300640376
50453632-1f97-4cc2-a648-959aa89cdbc1.png,benign,benign,0.9910397276335037
baa1dff7-a39e-4e7e-af94-3232bf0d2813.png,benign,malignant,0.4532461336313575
dddecdcd-4cb5-4ddc-bdc0-cf69506cc5e3.png,benign,benign,0.9928844994650189
ce7fb216-a8fa-4893-a027-293fcff360cb.png,benign,benign,0.9441081199090661
3d7be66f-0abb-424b-a32e-be3d02f365ea.png,malignant,malignant,0.5892996308379227
1f5b985a-3b76-4377-9a52-ff6f95fd5155.png,benign,malignant,0.5
fc04fb60-3a68-40f1-b3e3-de9f0ac14cdf.png,benign,malignant,0.5528826797702048
0ccea8b5-d45f-4545-ac64-0d589d51d706.png,benign,benign,0.9948963041564732
06c85032-9add-44b7-91f7-5b476bfc3029.png,malignant,malignant,0.8460369967023238
82bd73f2-24fb-4fae-9069-9e9e17a2c256.png,malignant,malignant,0.7077567547700648
714b2567-da40-4647-b42a-31b7032fb606.png,benign,benign,0.965134941587444
a4075ece-4c7b-4ce4-af5a-0350b59db6e3.png,malignant,malignant,0.7945742418124889
72c233f2-d9fa-4615-832b-1f320b51625c.png,benign,benign,0.9828308590558682
e08128b6-b8a4-4842-9bf1-36a1c566b8a2.png,benign,benign,0.957044209529043
96b2a9b2-6340-4735-95a7-2b86d120863e.png,malignant,malignant,0.5314727801171389
9d4ce1d4-3556-4032-8d19-a0d092ff485b.png,malignant,malignant,0.980382303649765
0f4d06d5-05ce-4bf5-a15d-b1b7e1527eb1.png,benign,malignant,0.38534369697509674
3bc1f6a1-3cd0-43ac-bf8e-3dc2eff7f500.png,benign,malignant,0.676666123049553
10ed66e0-2b13-4d30-a39a-98751010dc1a.png,malignant,malignant,0.811009945091714
9c884701-8145-46d5-a48a-9f763bc22e42.png,benign,malignant,0.5
49e19636-2eb8-4256-92a4-3b0d991f5593.png,malignant,malignant,0.3473392283622027
ef55c005-25ce-4f08-a3dd-a311a3f6ed7d.png,benign,benign,0.8172492463550115
fad1d18f-ee7d-429c-adb1-a4c5fca581db.png,benign,malignant,0.47937571425062947
d9ce7199-8f67-4ff6-8131-3cedcaafb0a3.png,malignant,malignant,0.916400037777127
081daca6-6b2a-49e6-b8ba-4b594c236bc0.png,benign,benign,0.9901072718950721
7d8673f9-73fe-47d3-bf02-c01014e53e38.png,benign,benign,0.9992004519674919
3a0e85ff-7a0b-4b9f-943c-27b2e39c8969.png,malignant,malignant,0.8292912503313407
115b4e4e-c8dc-48f4-8688-8ffe29b342ed.png,benign,benign,0.7376119497889045
0f3cf985-25e3-45a5-83a5-b5c8b4ef22d0.png,benign,benign,0.9370968835696076
61a07909-4196-4624-a9e3-b2f590960267.png,benign,malignant,0.3559703767995158
9bf7768e-ac37-4ad2-aa90-05f4740a5742.png,malignant,malignant,0.4191889731242701
f15a2775-e21a-4100-91f4-80481cc68c00.png,benign,malignant,0.3082850764842164
6890383e-c2fe-44ba-864a-16d121fdccc2.png,malignant,malignant,0.8869142399730653
63e3b4b9-1821-4785-9426-4113e5a20586.png,malignant,malignant,0.8855190614846932
b3268c0d-88a5-46be-8120-b15fbdb33775.png,malignant,malignant,0.6465072731306093
93a6baac-4986-4d6b-b4bd-b9206bfe07ba.png,benign,benign,0.8689411050009365
dd4ddecb-3268-4a4d-8865-a2b027f7a6d2.png,benign,benign,0.8120566232334565
a0b52142-89e0-452c-8eb2-442b5c1696b2.png,malignant,malignant,0.8793876893360462
fab3e653-8d75-4027-8608-5690faf34b90.png,malignant,malignant,0.9786873262294228
cdf478cc-c113-4c5c-94b3-0a94b95f719e.png,benign,malignant,0.3100942489500009
79b263f6-bc35-4cf0-8297-ec6e8b082bb4.png,malignant,malignant,0.9068398914754979
7f515d75-65b6-4f4d-bdcb-fdac3242c717.png,malignant,malignant,0.7872605647405798
707d57c9-b162-46b2-a19d-d00d1863a444.png,benign,malignant,0.48139981663866893
c347d979-5a84-41ee-a3f6-174e2620c9b8.png,benign,malignant,0.650369939501031
f0713206-4e1e-45de-9c2e-244a7da9e9cb.png,benign,benign,0.9803424551176538
071d7532-ad69-4176-bdde-6fccd056957a.png,benign,benign,0.8111955771803071
5253d8b3-ef61-4621-aca0-07ca8753f80b.png,benign,benign,0.997764788948549
f80aa689-afea-4bc8-acc7-23156337dcf4.png,benign,benign,0.9925692178147719
76964f22-9c50-44b7-9a73-61b8c979bff7.png,benign,benign,0.9725739623851207
e31701df-93d4-46fd-b8e4-acb96547ac2c.png,malignant,malignant,0.8005516328845823
788e192b-bfcd-4107-af7b-7e8911bf3c1b.png,malignant,malignant,0.8531841932833509
6692a3b2-9993-45a0-96ef-297966e7fb6c.png,malignant,malignant,0.3717459923800577
6b25eb19-4af2-4de3-8518-d39f1cd8d39c.png,malignant,malignant,0.8455174359568336
48d67342-a025-4dc2-8db7-535bec8b0a97.png,benign,benign,0.9867031782078496
955354f9-a2e3-4587-90b0-9539f465878b.png,benign,benign,0.9664798059661758
3e079d63-6687-4f47-981d-305c5af3be3a.png,benign,benign,0.9597504390082197
98f82416-8b63-490f-b41f-2a644ed3ed65.png,malignant,malignant,0.9257730473691961
710cc059-5722-43c1-b803-4f2e96bc5aa0.png,malignant,malignant,0.4462009222889781
b0efb4b5-bd54-4a09-95bb-04743fb2b6a8.png,benign,benign,0.7532562531086786
63aa969b-90d7-47df-a696-5f1a31187cfa.png,malignant,malignant,0.7797434885155737
d9987618-1fa7-4702-b086-f2e28470fabd.png,malignant,malignant,0.9617350452064978
fe146c47-8f74-4308-8a64-db2cdd4eaafe.png,malignant,malignant,0.8186280663350307
c7b8bbea-02c8-4b67-94a6-ff5c4a6e5044.png,benign,malignant,0.5514883849508149
6c58e7ef-7a58-4518-921f-8779c8bb7446.png,malignant,benign,0.7934571745315077
84a34293-fe3c-4b38-bb7e-654232b5d128.png,benign,benign,0.8494692847828703
e4c4e7e4-e028-4edf-9911-7c02b4a6dbbf.png,benign,malignant,0.7275018993368862
b1ee3f71-fa64-4bd1-8165-484d9dd734e7.png,malignant,malignant,0.550527055715327
3ae9a7da-5437-4309-b09a-df58d777a586.png,malignant,malignant,0.9398724948634047
648b397b-7abf-4a57-84b3-a37285ff2c90.png,malignant,malignant,0.6194859601088767
1f4d30f1-c6d4-42ec-bf23-54ebabde58bf.png,malignant,malignant,0.8083646808854462
97fc2b62-e464-478c-aad3-a3bac5f1203f.png,benign,benign,0.9827485705747242
055b7a27-50da-4009-992f-8902823bfb52.png,malignant,malignant,0.9675849171408496
f71b334d-aeb5-436b-af49-30ffcd63e14c.png,malignant,malignant,0.8774816328695209
af2c9b1d-7b00-43c5-85c5-274473e9bd75.png,malignant,malignant,0.8852316804227627
9352e110-35f1-4aa1-b964-9c5dae446997.png,benign,benign,0.8929050188591913
099142c9-be31-49bd-b590-e53e1a9acb7f.png,malignant,malignant,0.7716789498764993
67a5d30d-e8d4-447e-ace3-4b0bb70d01a9.png,benign,benign,0.9952665141533742
e54db9be-6d0d-4ee6-bedc-74f8c6e307f6.png,benign,malignant,0.7182975953346115
c7bcf29b-fc46-47d5-b21f-54a37701b632.png,benign,benign,0.8636472406866529
a9cbd4a4-9aa8-4a4a-b292-f4d771b274cb.png,benign,benign,0.8520654511907226
c2d4df77-42f6-4aa5-914c-11d122f22a4c.png,malignant,malignant,0.8057965916047007
0bce332b-1d74-4096-8817-cc2da0ef2e99.png,benign,benign,0.992690387623125
da3c2921-6e89-477b-b1b0-e06fe7a239f5.png,benign,benign,0.8855727787787029
9a08a0cf-f45e-40ba-9ac2-4a8204b5429c.png,benign,benign,0.9984223060182952
e8fa499c-61b3-44c0-878b-f410aecaca9a.png,malignant,benign,0.7735303413481017
8966a717-c8f7-44f9-830d-d44867fef6f5.png,benign,benign,0.9421568086779057
75ea6a64-c46b-40c6-b5fa-a1a5459e0cdf.png,malignant,malignant,0.5527164647843813
5eb8a38c-5c80-41ef-b1a9-54826edcac1e.png,benign,benign,0.9069463220606546
d36db547-f384-463c-9e47-d94b84b6e4d2.png,benign,benign,0.9387499779648701
4761d3b5-65ce-4b00-8920-97c98c88e7f3.png,benign,malignant,0.8255422012402946
46a522bd-95fc-4225-8e3f-ae29d24a502f.png,benign,benign,0.964600048356395
72537069-51c8-4ab9-b1fd-cb6345f4fed1.png,benign,benign,0.9618461281657518
7da0f48e-2f39-499b-ac93-387ac69ca712.png,malignant,malignant,0.8483775171180512
ad065702-2c53-455a-bd40-dc29cf53cad3.png,benign,benign,0.9730613569524642
3375688b-bba6-4ca4-aa6f-9341cae58c10.png,malignant,malignant,0.4833885291691682
7f1b5ee2-6a34-4f3f-bd37-9d1b936e2c6e.png,malignant,malignant,0.7477181232600063
f88fcb01-877f-4f84-8adb-5a7b4ed23f38.png,benign,benign,0.9536652505113992
d5af4eac-3c23-4fad-9d14-0069df822b86.png,benign,benign,0.8967324839206269
952ef3ba-c052-45bc-8918-16b283a57223.png,benign,benign,0.9620886027818562
1a64870f-8bde-4f92-970c-ee69a96a373e.png,malignant,malignant,0.9226617911377104
d8051a7b-5a5e-42fa-b2e6-54512c8a41d9.png,malignant,malignant,0.8505613394687555
715f5d63-e55d-46dd-90de-3ef949c58a47.png,benign,benign,0.7515786524852768
9fe3f510-d0ec-47fe-97fb-db3a9e266126.png,malignant,malignant,0.9441458904374742
0a44b1c7-c8e9-4fdf-8559-177e51b7d9da.png,benign,malignant,0.5604399996313115
ea5857de-7b24-41a9-b69f-c6eb9e595bd2.png,benign,benign,0.7672694163566519
b21d0db0-253b-46af-b1c9-e904c9cd2bd7.png,benign,malignant,0.8794224473211125
0aa5c55c-fcfa-41ee-8453-a157c21a5bd6.png,malignant,malignant,0.8196876603714652
64961a2f-4df5-4357-9df1-8292b952d71e.png,malignant,malignant,0.8435311112732348
73f3f4ec-5bda-4778-b6ee-3f583887e6bd.png,benign,benign,0.993811380982383
422c12f3-ff23-41f4-b011-1f814d7b8f81.png,benign,benign,0.9897444212543962
e7ee5dde-e5f3-4ff8-823a-fd4f133919fb.png,malignant,benign,0.7974947796163893
5de9155c-2cbe-4f35-a5d5-1949c377f3ab.png,malignant,malignant,0.4901281192340384
d7855bba-8691-4da2-9fae-2821f40b9977.png,benign,benign,0.858973899336928
3be3d5ed-920c-45b8-aa98-4682bb0983bf.png,benign,benign,0.8922874118736173
2e7e6435-4ac6-4564-b7ff-23047edbeadc.png,benign,malignant,0.43078410207588924
1cfece0f-5ad7-498e-823f-3e77ba8c2f66.png,benign,benign,0.97080071277865
4ad4d2e4-2a64-40bb-8bc4-4d9cb330ba0b.png,malignant,malignant,0.904821731446574
3d8757c8-1c35-4a69-af20-87e0fff0e20c.png,benign,benign,0.915445373361324
73ef11cb-a934-4e51-ab96-7dba002d88cf.png,benign,malignant,0.2987632012852247
d2e3ce4d-3180-40eb-b592-511c4dd2a145.png,benign,benign,0.9982068423978093
cef51235-70cd-4d11-8335-cbb19bc88ce8.png,benign,benign,0.9971864349769138
ef1b87c8-ff7b-4698-80b2-2bfa10048e47.png,malignant,malignant,0.5605988260434941
3c1393d2-8d07-48c5-a69e-d8bdb681c0f1.png,malignant,malignant,0.8098220231554163
3f39d356-3e70-4153-b13b-d445ae3908a8.png,benign,benign,0.9796044370798428
3a515f96-8dd2-405e-b2dc-4040d5909ca9.png,benign,benign,0.8721957894028874
5b2b7ca8-f3d9-46f3-80e9-0f53abfcf46f.png,benign,malignant,0.3342811242787073
702dfcc8-71f4-4163-a378-dc26635626db.png,malignant,malignant,0.6541123641687232
d5ef62db-d4ef-4d18-bc6c-33dd553c86b9.png,benign,malignant,0.4215141668195564
9c8d746d-26d5-49dd-a4ed-4eadc3d0a6af.png,malignant,malignant,0.8741234904829475
c7fe82cb-e8d0-411b-916e-1909d132053d.png,malignant,malignant,0.84625772682553
61acaa26-e07b-40d2-90d3-b87290bc191a.png,malignant,malignant,0.8297244759195795
a2ed37fe-2234-477f-8d12-4cda006e5f89.png,malignant,malignant,0.8148769012499805
b4da7475-e846-4fd4-96da-01a6debd7890.png,malignant,malignant,0.7865802266701616
1fc4db22-72a9-4f15-8365-0cb73066b09a.png,benign,malignant,0.5980237111229884
3380002d-c9be-48dc-a2b2-988533b1fd51.png,malignant,malignant,0.9652112235224738
142bd97c-e453-4354-a3e3-f9c3d67bc271.png,malignant,malignant,0.9913153494790008
4cf11f3e-8e87-4feb-8645-d115018a834c.png,malignant,malignant,0.9314768949430349
3fc00765-fa36-4aca-aac3-ab9be4056807.png,benign,benign,0.9909311614803722
9666cfc0-28ee-4859-8c1d-e51186be1f8e.png,benign,malignant,0.7642137133489985
66c680ec-6dfe-4921-8f5b-6a336f7b5326.png,benign,malignant,0.362621572556792
73f4ced0-7385-4dd0-a820-60421660feb4.png,benign,benign,0.7694073269937781
747bb8c5-a5ec-4510-8776-ef22705bcc11.png,benign,malignant,0.6466187280440047
4fcf5cf3-588f-47ff-8ee9-1bc2e2b806a1.png,benign,benign,0.9934766577775653
cb9e58de-107c-4ffe-b26f-6f95c95f238d.png,benign,malignant,0.5613005470727569
cda8d9c9-a680-40d3-b157-7c38f52c299d.png,malignant,malignant,0.6634694499728574
02a9c8b3-cede-447d-8a17-31604aaff04b.png,malignant,malignant,0.9838852489409301
14e2f6e1-fd5a-4f9e-b604-cc512113747c.png,malignant,malignant,0.9629424171850314
5e0c46a3-b166-486f-98a6-4ebc2323d9dc.png,malignant,malignant,0.9771249469865246
7206826a-6dc8-42d9-bb33-f7f838528ad5.png,benign,benign,0.7722382289763587
cfff0b1a-94e1-46d7-a82d-87c867e3f161.png,benign,malignant,0.6195755877256752
059107b2-33aa-41a9-a3d5-9b5c3cb9d87f.png,benign,benign,0.9980203057266637
cf944ca1-5f49-4555-9aac-13e626d0ebed.png,benign,benign,0.8894006923642457
a1b726b9-dcb9-4fb1-8de0-6e4a934c5905.png,benign,malignant,0.7611967591312526
a0432fde-c63d-4070-b84a-3f98c60c5d45.png,malignant,malignant,0.8894666794321567
40b58d27-dd7c-406e-916f-08db8a56bc7b.png,benign,benign,0.887769296116694
9f072b42-51ce-4df4-94cd-572ab660fe89.png,malignant,malignant,0.915917979196727
157c35e1-a69a-4786-a5a2-74368d275006.png,benign,benign,0.8495455206255437
4396b67f-1f38-47b9-bd51-e7b478b57ce7.png,benign,benign,0.9603103223441953
f9b1f165-bec1-4812-a120-5d6eb9b16be5.png,benign,benign,0.746476003253987
1e37cdf4-75f7-45a8-b44b-c80393e42810.png,benign,benign,0.9860539339435822
092c1a32-508e-4ff3-a44c-849a883ae2e3.png,benign,malignant,0.3888396534178294
f6565aad-837a-40ea-a11d-632e751f3a96.png,benign,benign,0.9634882907321861
0fa17225-5836-4d9c-b217-efe35abe453e.png,benign,benign,0.8189581956615466
458efd6a-48c9-42bc-b469-3f661524568b.png,benign,benign,0.9959521738378819
a54322c9-e0ee-422c-bb68-555479931867.png,benign,benign,0.7277827170865564
75439596-2265-4612-b4bb-1fbf06c8537d.png,benign,benign,0.8207450465155516
7bfa515f-956c-491a-a893-f030d6c2ea3f.png,malignant,malignant,0.8800800266898234
ef7e44a9-6526-4d18-9ad2-fa98242d03c9.png,benign,benign,0.9117532837047709
3f6c5b5d-8a21-4d7d-bf52-6fdecd4de090.png,malignant,malignant,0.6600677094763443
382d7dd3-aec4-451e-b4e1-7f3cb8e68a83.png,malignant,malignant,0.9504868323801778
b13a775f-941c-4b1c-ad70-dc52531a60f8.png,benign,malignant,0.40290970604101084
9c11050d-5a6d-4290-a3a4-070a0f1faec3.png,malignant,malignant,0.9490150599663143
36c2a632-cded-445f-940f-41fcfd6c38c8.png,benign,benign,0.8211714018000754
d73509a2-37e1-44ab-a417-8197b939ca08.png,benign,malignant,0.5221389267444281
5fa7e971-42a7-4cda-b94a-3ac7b4e48aec.png,malignant,malignant,0.8869869389378108
11c9c949-0de1-4839-afee-c88205476fb0.png,benign,benign,0.9996127963762647
047b302c-1f64-4569-b2e5-822d0bce6a51.png,benign,benign,0.8872236352673776
6698a4df-4282-416d-9181-1b96fd2f94c4.png,benign,benign,0.9535574845367166
e6546be1-1dba-4f42-a442-844e9807f1dd.png,benign,benign,0.9835366386758655
b6f2fbb8-e3ae-44af-99d9-4d7b684d50a9.png,malignant,malignant,0.8683472502753637
d438ed02-5367-43a9-b314-944fab3d09cc.png,malignant,malignant,0.919594518157863
4b00d3fc-e004-4691-a377-376b39da865b.png,malignant,malignant,0.8314411490289818
11329c26-77e0-4125-a93c-d0edffe190d5.png,benign,malignant,0.5493984013732001
b1837324-112a-4a76-9c79-2edd654620d4.png,malignant,malignant,0.9902540258192015
33f6114e-d98e-45d6-b321-049a2aa10e98.png,malignant,malignant,0.8997502614868037
06642142-c54c-45ab-b64b-19bed26531a7.png,benign,malignant,0.4851452694421956
cbb1019b-08e0-4ddf-a04f-7e27608c2a65.png,benign,benign,0.9216531519343064
c2a65a44-b2ea-4e42-b68f-ab24ca63b100.png,malignant,benign,0.8254276885307769
5b2b0feb-74d6-4a6d-a4cc-190596a1f3ab.png,malignant,malignant,0.9502138739395387
e9ae2c22-03d7-43a2-8b3a-dd555e93ef0d.png,benign,malignant,0.6800731838461721
78ba1df4-6a31-4bbf-83c6-86f3554c551b.png,benign,malignant,0.28695989956604845
cb991d21-0c46-4328-b38c-30f4fe47249b.png,malignant,malignant,0.5382516139784514
eb95b2a8-adc1-4644-8671-c60173075559.png,malignant,malignant,0.9809884468666886
f61c001c-0360-4fea-9ba8-75fbec5be819.png,benign,benign,0.9017296251259028
b0e4143c-fd53-4f2d-956c-dabcfd2d3f42.png,malignant,malignant,0.9903057020365171
65c9e6db-3c78-49a2-bccf-c29dd8ff49ec.png,malignant,malignant,0.9842560103799642
b23eafff-0d33-4b50-b3b7-2e7540ebb1d5.png,benign,benign,0.9531414166811694
46b50329-c592-4d92-8755-dac527fea9d5.png,benign,malignant,0.5797086234862942
9a2510cf-56d4-4393-9737-a40b4d092873.png,malignant,malignant,0.8424543417840608
04f4504d-b94a-48e2-b21c-9421479c8c1e.png,benign,malignant,0.31010326315339065
3376f6c6-4ec5-4750-9693-445f2159bde8.png,benign,benign,0.9269844451541382
56823a47-051a-4d99-8e17-c004fe2b0854.png,benign,malignant,0.5872645639821291
b68dbbe5-7ac7-4e69-85a7-70a36bc5260e.png,benign,malignant,0.8865756550820753
03594454-6b33-4958-b808-8dfdd7968461.png,benign,benign,0.7377445062960583
1e11a04a-27cd-4d01-b6ed-274b9c2c8237.png,malignant,malignant,0.7899345253405164
4ab3fa89-4c50-42c3-ab1d-e267202b4f8c.png,benign,benign,0.9635642773071007
758284ab-ffac-497c-acc9-c4fb34246403.png,benign,benign,0.8351616253642012
8aeb25cb-c873-4ba1-9503-1109c7fb12fa.png,benign,malignant,0.46544621006498066
95a25611-69f4-4e7e-83e4-3a7db7e773ed.png,malignant,malignant,0.9503357972850413
26fcedc5-17b0-402f-92a1-99928f9fb19d.png,malignant,malignant,0.6334417247184673
e0f349fe-f21d-418e-89b8-f6aa851d0d5f.png,malignant,malignant,0.9391096806177167
a18dccc8-7ea8-459f-ac4b-ae5a90dff3c8.png,benign,benign,0.7620207303696683
d452fd59-8288-4030-b77e-b2eefbaa1d3f.png,benign,benign,0.9799363017233917
7ebba921-b125-4ec8-b042-62bce47f8b98.png,malignant,malignant,0.5553469488155189
29476683-7b4a-439f-8522-0af70e892b81.png,malignant,malignant,0.36034046193753666
75543e37-18a7-41d6-b65d-b892755683b4.png,malignant,malignant,0.8235387156710503
e8b3d232-4ee6-4d2c-b297-3faff1c0d679.png,benign,benign,0.8047163520280605
f3955aef-d2e9-4a4c-9f24-b001c88c2bdd.png,malignant,malignant,0.5260203540239108
2605f622-fa19-4971-909f-8aaec7906429.png,malignant,malignant,0.8075610791776345
1dc0a9f0-d4a9-404b-9bb3-bdbd18ac8a62.png,malignant,malignant,0.9530608535091649
b338ffff-c631-4925-bdad-134c4a9d06e4.png,benign,benign,0.9862769382393157
8471ce91-56d4-4b19-9638-d2134d57e4d0.png,malignant,malignant,0.9608670343418333
05ab2527-1147-4b97-8a9f-916b2c8bb928.png,benign,malignant,0.5264131310563818
23bfd4cd-20f5-4682-8bd7-32fccebdfbea.png,benign,benign,0.9779931712751151
9c2b5ae0-06ce-4aef-b1dc-041ef5ed4c0a.png,malignant,malignant,0.8348046521553966
461458d5-5bf4-4c6b-bbe5-10d0403f7303.png,benign,malignant,0.5259018937804747
64d4c598-e072-409c-a388-70a8c0ccd4f9.png,benign,benign,0.9250419992701764
83459b4d-4216-46b3-b573-4021c6e1692f.png,benign,benign,0.8538598367949615
bb207dc3-de0e-4b36-a4eb-054c5ce50b5b.png,malignant,malignant,0.92456914075338
24e63a61-2156-403d-ab2c-6b35ec89fecf.png,benign,malignant,0.5436170640332705
fa7e8f59-4585-4a6c-b9ec-59e929a7eb6e.png,malignant,malignant,0.4116292594885867
99b785cc-53d9-40e9-87e5-f39eb8c58043.png,malignant,malignant,0.8372842406387615
c9344ccc-bb98-41f5-a06e-15f61e83bf9b.png,benign,benign,0.9840752268412781
d9af0e73-637a-455d-b753-9735431e348c.png,benign,malignant,0.8427624972633853
5f7d32f0-c5e7-4940-a912-fcc6feaa3e5b.png,benign,benign,0.8989657690514649
3a7a5ced-2b39-4de3-8e98-cf7f73eda24e.png,benign,benign,0.9858905229299966
5614ed8e-6f0b-4d7e-b8ed-e7e8823987e2.png,malignant,malignant,0.9160991701345211
9f324201-0de7-429d-a2f8-6990129fd5e8.png,benign,malignant,0.3952988872214058
42ea76a1-7181-4321-8c25-9510c4305fba.png,malignant,malignant,0.8739474404664777
034545ad-7c30-4717-8f7e-f06df0ae3fca.png,benign,benign,0.9845114371105806
821c40b1-a280-4a99-9f8d-278a9e3bd166.png,malignant,malignant,0.6646945983988222
08e67e31-75dd-463b-8b10-fe16903a046b.png,benign,malignant,0.5
fe9cd23a-8222-409b-8f37-bbec20d04044.png,benign,benign,0.9335209684572054
55098b1f-e19a-4197-9139-dd0401e03866.png,malignant,malignant,0.8999835274077523
9ee23521-1941-43fd-8374-8dc389a53476.png,malignant,malignant,0.9255339317095134
5fab4292-5ffe-4c75-bf11-983fd70e90ec.png,malignant,malignant,0.973733791743464
a21f0893-2e66-4aa6-9dd3-4d1ac8f1055b.png,benign,benign,0.9604246457608546
49fd53a3-a3dd-4db5-a700-3c24c5efaa16.png,benign,malignant,0.8444729139424836
758d6c48-1063-4a43-b4d7-04c3da38f111.png,benign,benign,0.8658874805782781
5f5d8e31-3e1b-4324-b7ae-5bdb72cb3808.png,malignant,malignant,0.8655154444802691
154102f4-b590-459f-9a2c-69143b9973ff.png,benign,malignant,0.45387729395128185
1368a68c-532b-4d59-90f1-dfc864f565ef.png,malignant,malignant,0.49219572266098105
41bd999b-d50f-4fc9-b8a1-b24d64e9067a.png,benign,benign,0.9996472774570319
b6c6643f-6f5f-43aa-936f-8412169cb083.png,benign,benign,0.9474999761295844
5f336717-b887-4662-bbf9-5141f71c94b6.png,malignant,malignant,0.9816513602565753
cb44e1cc-08e8-4bfe-b8bd-17eff4bba0f0.png,benign,benign,0.9462767974743657
906f6a80-a4f2-4131-9ed8-990c8af6e36b.png,benign,benign,0.7844395594460792
b73b0881-8c78-4bdb-9729-c6f706bb2b17.png,malignant,malignant,0.35333632574404517
9b1605fc-c4fc-4f99-b226-34c30d2d7702.png,benign,benign,0.9379676941267504
fb4c031e-c8c5-4db7-939c-f0a685283442.png,benign,benign,0.9600569782158906
52f0789d-9ae3-4db5-8bae-8cbcb3af1eed.png,malignant,malignant,0.8347284405007621
94b3fe95-47ba-45ab-91c3-cfe144a53fda.png,benign,benign,0.7797921024540977
fa8d600c-f1e0-4cdb-918a-f6c4c706142b.png,malignant,malignant,0.8118199022083662
afa1f59f-7886-41d5-9f58-84d43a30f698.png,benign,benign,0.9933301425852811
c707a396-232a-4bbf-8367-5cbf2c202af7.png,benign,malignant,0.2900085331747812
544a83ef-8f59-4abb-83d1-13c6634ea398.png,malignant,malignant,0.8959621422953579
34e5655a-ddd4-4ca9-9a75-ab021bd26fcd.png,benign,benign,0.8094488236927475
52924db9-ce4d-49b7-9cc1-7449dca0a35a.png,malignant,malignant,0.7205262812214226
24f52487-36e4-4af8-a94f-ec49c0a8017c.png,malignant,malignant,0.8559034887804121
1e37a626-0fd5-4dcf-b217-a6942d953c46.png,malignant,malignant,0.9188527083091433
1d2d5932-f8db-496c-9d79-575083fdf7ae.png,malignant,malignant,0.668790438263
7f5dd37f-8823-4663-9ba4-220ecbee35ad.png,malignant,malignant,0.9477132557471372
665c99db-3a1f-45ce-831d-5f62d654b089.png,malignant,malignant,0.9060210158158076
000493.png,malignant,benign,0.9732385287827585
000014.png,malignant,malignant,0.7011546842852532
000158.png,malignant,malignant,0.6638221729064586
000244.png,malignant,malignant,0.29467114920296633
000359.png,malignant,malignant,0.8019657415730208
000072.png,malignant,malignant,0.5300446415144787
000406.png,malignant,malignant,0.7267833433514633
000478.png,malignant,benign,0.7490702326923626
000109.png,benign,benign,0.990837781889957
000282.png,benign,benign,0.9448455563264674
000284.png,benign,benign,0.8903729332565445
000311.png,benign,benign,0.9255832486911225
000324.png,benign,malignant,0.3640583227053523
000439.png,benign,benign,0.8245384812428344
000495.png,benign,malignant,0.31749036047397117
000632.png,benign,benign,0.8037563478862905
000642.png,benign,benign,0.9601445831848624
000111.png,benign,malignant,0.29567660098656257
000172.png,benign,malignant,0.37441684501188555
000259.png,benign,benign,0.8681442273804993
000602.png,benign,benign,0.999027287434944
000605.png,benign,benign,0.992262176805917
000473.png,benign,benign,0.9339185250359944
000375.png,benign,malignant,0.5222906525146982
000549.png,benign,benign,0.9706755119719168
000513.png,benign,benign,0.842418834309704
000603.png,benign,benign,0.7320232651072115
019823VB.jpg,malignant,malignant,0.9512936860005242
040272HB.jpg,benign,benign,0.9766350629380401
10191-1.jpg,benign,benign,0.9123212052452799
015565HB.jpg,malignant,malignant,0.28828753263592266
023442VB.jpg,benign,benign,0.7878524935152087
040074VB.jpg,benign,malignant,0.4809744188668283
015977HB.jpg,malignant,malignant,0.8282304385367315
015677HB.jpg,malignant,malignant,0.9397736184075615
015540VB.jpg,malignant,benign,0.9021506114882697
037759VB.jpg,benign,benign,0.7918990432686909
019468HB.jpg,malignant,malignant,0.8132686193557269
020248HB.jpg,malignant,malignant,0.7085169973416244
015952HB.jpg,malignant,malignant,0.9112300242110054
029529HB.jpg,benign,benign,0.7905607820409574
040770HB.jpg,benign,benign,0.995999149753444
10522-DSC02271.jpg,benign,benign,0.7625076055942785
043383VB.jpg,benign,benign,0.749195494226817
003086HB.jpg,malignant,malignant,0.7807312424389006
001018HB.jpg,malignant,malignant,0.9887676822188375
015839HB.jpg,malignant,malignant,0.9667648110319974
029767HB.jpg,benign,benign,0.9454156906000186
019373HB.jpg,malignant,malignant,0.9315208384051288
044507VB.jpg,benign,benign,0.9688505888400938
020181HB.jpg,malignant,malignant,0.6897162641906666
019256HB.jpg,malignant,malignant,0.49046280253385494
015851HB.jpg,malignant,malignant,0.9331663755040074
019443VB.jpg,malignant,malignant,0.8102564238481147
040503VB.jpg,benign,benign,0.947780849575077
019328HB.jpg,malignant,malignant,0.9568627152457445
042637VB.jpg,benign,malignant,0.35053194360116435
003441HB.jpg,malignant,malignant,0.8762129877269288
045653VB.jpg,benign,benign,0.7666149677462273
10280-DSC02447.jpg,benign,benign,0.7849434931238986
019405VB.jpg,malignant,malignant,0.5344983898226983
038246HB.jpg,benign,malignant,0.32785877538557096
019305HB.jpg,malignant,malignant,0.3161555819068372
046288VB.jpg,malignant,malignant,0.9459050931186489
044541HB.jpg,benign,benign,0.8315159840966739
015769HB.jpg,malignant,malignant,0.8571718771416886
004827VB.jpg,benign,malignant,0.6736682790909433
025704VB.jpg,benign,benign,0.9210866599185417
020186HB.jpg,malignant,malignant,0.8332918944661253
009877HB.jpg,benign,benign,0.9016082752237269
039818HB.jpg,benign,benign,0.9450079581377964
019581HB.jpg,malignant,malignant,0.48549099863634726
009379HB.jpg,benign,benign,0.9040148149622913
020237HB.jpg,malignant,malignant,0.8071274649018907
015840HB.jpg,malignant,malignant,0.8242400470020154
011001HB.jpg,benign,benign,0.9500770202664968
015832HB.jpg,malignant,malignant,0.8220182154438479
001618HB.jpg,malignant,malignant,0.8594648496111024
015472VB.jpg,malignant,malignant,0.8338776357811059
019956HB.jpg,malignant,malignant,0.9537209991185437
015831HB.jpg,malignant,malignant,0.847268477557885
026800VB.jpg,benign,benign,0.9627682901186356
043940VB.jpg,benign,malignant,0.6707961139082215
019221HB.jpg,malignant,malignant,0.6462433244082783
002833HB.jpg,malignant,malignant,0.9744652590318058
029069HB.jpg,benign,benign,0.91265295689503
003510VB.jpg,malignant,malignant,0.7970519389671993
043395HB.jpg,benign,benign,0.7460826060350096
002829HB.jpg,malignant,malignant,0.5941055465765052
031856HB.jpg,benign,malignant,0.36130634314416854
024681HB.jpg,benign,malignant,0.8175405836537459
010069HB.jpg,benign,malignant,0.5546356238778918
000607HB.jpg,malignant,malignant,0.8695311193452833
040273HB.jpg,benign,benign,0.8108833612433429
015670HB.jpg,malignant,malignant,0.9837090649452226
039117HB.jpg,benign,malignant,0.7220475746712034
033598HB.jpg,benign,malignant,0.38729272284014626
038408HB.jpg,benign,malignant,0.3543391225542121
006045VB.jpg,malignant,malignant,0.986897802784669
009989HB.jpg,benign,malignant,0.6362047311544483
041818HB.jpg,benign,benign,0.7469549167188605
012170HB.jpg,benign,benign,0.7701811886906356
024166HB.jpg,benign,benign,0.9697468209343991
020185HB.jpg,malignant,malignant,0.906878845424901
029060VB.jpg,benign,benign,0.9553055615219925
020151HB.jpg,malignant,malignant,0.9284377162017111
037093HB.jpg,benign,benign,0.9437497398071433
028698VB.jpg,benign,malignant,0.8145052146646904
020009VB.jpg,malignant,benign,0.7699788982958984
024991HB.jpg,benign,malignant,0.44268381229036596
